invoice_id,contract_id,reference_month,issue_date,due_date,energy_consumed_kwh,energy_compensated_kwh,gross_amount_brl,discount_amount_brl,net_amount_brl,status,paid_at,source_updated_at,extracted_at,batch_id
INV-000001,CONTRACT-000001,2026-03-01,2026-04-02,2026-04-12,1335.79,891.39,1310.64,163.7,1146.94,PAID,2026-04-09T13:00:00Z,2026-04-05T10:00:00Z,2026-08-01T10:00:00Z,batch-20260801-001
INV-000002,CONTRACT-000002,2026-03-01,2026-04-02,2026-04-12,681.81,632.22,695.9,97.5,598.4,PAID,2026-04-09T13:00:00Z,2026-04-05T10:00:00Z,2026-08-01T10:00:00Z,batch-20260801-001
INV-000003,CONTRACT-000003,2026-03-01,2026-04-02,2026-04-12,393.09,275.91,424.5,44.57,379.93,PAID,2026-04-09T13:00:00Z,2026-04-05T10:00:00Z,2026-08-01T10:00:00Z,batch-20260801-001
INV-000004,CONTRACT-000004,2026-03-01,2026-04-02,2026-04-12,1159.15,920.74,1144.6,145.94,998.66,PAID,2026-04-09T13:00:00Z,2026-04-05T10:00:00Z,2026-08-01T10:00:00Z,batch-20260801-001
INV-000005,CONTRACT-000005,2026-03-01,2026-04-02,2026-04-12,562.95,526.4,584.17,115.9,468.27,PAID,2026-04-09T13:00:00Z,2026-04-05T10:00:00Z,2026-08-01T10:00:00Z,batch-20260801-001
INV-000006,CONTRACT-000006,2026-03-01,2026-04-02,2026-04-12,420.55,411.72,450.32,83.71,366.61,PAID,2026-04-09T13:00:00Z,2026-04-05T10:00:00Z,2026-08-01T10:00:00Z,batch-20260801-001
INV-000007,CONTRACT-000007,2026-03-01,2026-04-02,2026-04-12,487.1,402.67,512.87,76.78,436.09,PAID,2026-04-09T13:00:00Z,2026-04-05T10:00:00Z,2026-08-01T10:00:00Z,batch-20260801-001
INV-000008,CONTRACT-000008,2026-03-01,2026-04-02,2026-04-12,217.6,202.43,259.54,41.53,218.01,PAID,2026-04-09T13:00:00Z,2026-04-05T10:00:00Z,2026-08-01T10:00:00Z,batch-20260801-001
INV-000009,CONTRACT-000009,2026-03-01,2026-04-02,2026-04-12,507.89,439.46,532.42,92.85,439.57,PAID,2026-04-09T13:00:00Z,2026-04-05T10:00:00Z,2026-08-01T10:00:00Z,batch-20260801-001
INV-000010,CONTRACT-000010,2026-03-01,2026-04-02,2026-04-12,540.01,479.08,562.61,62.06,500.55,OPEN,NULL,2026-04-05T10:00:00Z,2026-08-01T10:00:00Z,batch-20260801-001
INV-000011,CONTRACT-000011,2026-03-01,2026-04-02,2026-04-12,535.32,535.32,558.2,60.29,497.91,OPEN,NULL,2026-04-05T10:00:00Z,2026-08-01T10:00:00Z,batch-20260801-001
INV-000012,CONTRACT-000012,2026-03-01,2026-04-02,2026-04-12,687.42,673.59,701.17,86.52,614.65,PAID,2026-04-09T13:00:00Z,2026-04-05T10:00:00Z,2026-08-01T10:00:00Z,batch-20260801-001
INV-000013,CONTRACT-000013,2026-03-01,2026-04-02,2026-04-12,554.66,489.36,576.38,58.96,517.42,PAID,2026-04-09T13:00:00Z,2026-04-05T10:00:00Z,2026-08-01T10:00:00Z,batch-20260801-001
INV-000014,CONTRACT-000014,2026-03-01,2026-04-02,2026-04-12,1015.63,949.68,1009.69,104.91,904.78,PAID,2026-04-09T13:00:00Z,2026-04-05T10:00:00Z,2026-08-01T10:00:00Z,batch-20260801-001
INV-000015,CONTRACT-000015,2026-03-01,2026-04-02,2026-04-12,654.17,618.78,669.92,71.68,598.24,OPEN,NULL,2026-04-05T10:00:00Z,2026-08-01T10:00:00Z,batch-20260801-001
INV-000016,CONTRACT-000016,2026-03-01,2026-04-02,2026-04-12,473.06,401.86,499.68,69.31,430.37,PAID,2026-04-09T13:00:00Z,2026-04-05T10:00:00Z,2026-08-01T10:00:00Z,batch-20260801-001
INV-000017,CONTRACT-000017,2026-03-01,2026-04-02,2026-04-12,1241.1,816.17,1221.63,226.25,995.38,PAID,2026-04-09T13:00:00Z,2026-04-05T10:00:00Z,2026-08-01T10:00:00Z,batch-20260801-001
INV-000018,CONTRACT-000018,2026-03-01,2026-04-02,2026-04-12,560.72,411.76,582.08,103.14,478.94,PAID,2026-04-09T13:00:00Z,2026-04-05T10:00:00Z,2026-08-01T10:00:00Z,batch-20260801-001
INV-000019,CONTRACT-000019,2026-03-01,2026-04-02,2026-04-12,469.7,451.62,496.52,91.41,405.11,PAID,2026-04-09T13:00:00Z,2026-04-05T10:00:00Z,2026-08-01T10:00:00Z,batch-20260801-001
INV-000020,CONTRACT-000020,2026-03-01,2026-04-02,2026-04-12,865.77,635.71,868.82,110.25,758.57,OPEN,NULL,2026-04-05T10:00:00Z,2026-08-01T10:00:00Z,batch-20260801-001
INV-000021,CONTRACT-000021,2026-03-01,2026-04-02,2026-04-12,483.51,456.93,509.5,51.61,457.89,PAID,2026-04-09T13:00:00Z,2026-04-05T10:00:00Z,2026-08-01T10:00:00Z,batch-20260801-001
INV-000022,CONTRACT-000022,2026-03-01,2026-04-02,2026-04-12,715.91,715.91,727.96,114.58,613.38,PAID,2026-04-09T13:00:00Z,2026-04-05T10:00:00Z,2026-08-01T10:00:00Z,batch-20260801-001
INV-000023,CONTRACT-000023,2026-03-01,2026-04-02,2026-04-12,446.99,329.4,475.17,62.01,413.16,PAID,2026-04-09T13:00:00Z,2026-04-05T10:00:00Z,2026-08-01T10:00:00Z,batch-20260801-001
INV-000024,CONTRACT-000024,2026-03-01,2026-04-02,2026-04-12,278.95,204.71,317.21,59.92,257.29,PAID,2026-04-09T13:00:00Z,2026-04-05T10:00:00Z,2026-08-01T10:00:00Z,batch-20260801-001
INV-000025,CONTRACT-000025,2026-03-01,2026-04-02,2026-04-12,1236.61,960.57,1217.41,151.32,1066.09,PAID,2026-04-09T13:00:00Z,2026-04-05T10:00:00Z,2026-08-01T10:00:00Z,batch-20260801-001
INV-000026,CONTRACT-000026,2026-03-01,2026-04-02,2026-04-12,591.21,509.21,610.74,87.34,523.4,PAID,2026-04-09T13:00:00Z,2026-04-05T10:00:00Z,2026-08-01T10:00:00Z,batch-20260801-001
INV-000027,CONTRACT-000027,2026-03-01,2026-04-02,2026-04-12,665.19,592.44,680.28,109.32,570.96,PAID,2026-04-09T13:00:00Z,2026-04-05T10:00:00Z,2026-08-01T10:00:00Z,batch-20260801-001
INV-000028,CONTRACT-000028,2026-03-01,2026-04-02,2026-04-12,733.19,627.91,744.2,117.43,626.77,PAID,2026-04-09T13:00:00Z,2026-04-05T10:00:00Z,2026-08-01T10:00:00Z,batch-20260801-001
INV-000029,CONTRACT-000029,2026-03-01,2026-04-02,2026-04-12,763.45,678.96,772.64,93.18,679.46,OPEN,NULL,2026-04-05T10:00:00Z,2026-08-01T10:00:00Z,batch-20260801-001
INV-000030,CONTRACT-000030,2026-03-01,2026-04-02,2026-04-12,966.36,686.19,963.38,137.86,825.52,PAID,2026-04-09T13:00:00Z,2026-04-05T10:00:00Z,2026-08-01T10:00:00Z,batch-20260801-001
INV-000031,CONTRACT-000031,2026-03-01,2026-04-02,2026-04-12,623.43,623.43,641.02,107.5,533.52,PAID,2026-04-09T13:00:00Z,2026-04-05T10:00:00Z,2026-08-01T10:00:00Z,batch-20260801-001
INV-000032,CONTRACT-000032,2026-03-01,2026-04-02,2026-04-12,732.67,624.42,743.71,110.07,633.64,PAID,2026-04-09T13:00:00Z,2026-04-05T10:00:00Z,2026-08-01T10:00:00Z,batch-20260801-001
INV-000033,CONTRACT-000033,2026-03-01,2026-04-02,2026-04-12,1256.15,903.78,1235.78,216.26,1019.52,PAID,2026-04-09T13:00:00Z,2026-04-05T10:00:00Z,2026-08-01T10:00:00Z,batch-20260801-001
INV-000034,CONTRACT-000034,2026-03-01,2026-04-02,2026-04-12,974.39,637.88,970.93,118.45,852.48,PAID,2026-04-09T13:00:00Z,2026-04-05T10:00:00Z,2026-08-01T10:00:00Z,batch-20260801-001
INV-000035,CONTRACT-000035,2026-03-01,2026-04-02,2026-04-12,476.19,415.55,502.62,73.48,429.14,PAID,2026-04-09T13:00:00Z,2026-04-05T10:00:00Z,2026-08-01T10:00:00Z,batch-20260801-001
INV-000036,CONTRACT-000036,2026-03-01,2026-04-02,2026-04-12,1164.19,960.39,1149.34,224.01,925.33,PAID,2026-04-09T13:00:00Z,2026-04-05T10:00:00Z,2026-08-01T10:00:00Z,batch-20260801-001
INV-000037,CONTRACT-000037,2026-03-01,2026-04-02,2026-04-12,860.48,604.17,863.85,171.04,692.81,PAID,2026-04-09T13:00:00Z,2026-04-05T10:00:00Z,2026-08-01T10:00:00Z,batch-20260801-001
INV-000038,CONTRACT-000038,2026-03-01,2026-04-02,2026-04-12,585.27,516.2,605.15,86.05,519.1,PAID,2026-04-09T13:00:00Z,2026-04-05T10:00:00Z,2026-08-01T10:00:00Z,batch-20260801-001
INV-000039,CONTRACT-000039,2026-03-01,2026-04-02,2026-04-12,323.79,238.04,359.36,46.18,313.18,PAID,2026-04-09T13:00:00Z,2026-04-05T10:00:00Z,2026-08-01T10:00:00Z,batch-20260801-001
INV-000040,CONTRACT-000040,2026-03-01,2026-04-02,2026-04-12,525.77,372.57,549.22,106.16,443.06,PAID,2026-04-09T13:00:00Z,2026-04-05T10:00:00Z,2026-08-01T10:00:00Z,batch-20260801-001
INV-000041,CONTRACT-000041,2026-03-01,2026-04-02,2026-04-12,814.44,710.82,820.57,132.93,687.64,PAID,2026-04-09T13:00:00Z,2026-04-05T10:00:00Z,2026-08-01T10:00:00Z,batch-20260801-001
INV-000042,CONTRACT-000042,2026-03-01,2026-04-02,2026-04-12,667.43,572.36,682.38,122.9,559.48,PAID,2026-04-09T13:00:00Z,2026-04-05T10:00:00Z,2026-08-01T10:00:00Z,batch-20260801-001
INV-000043,CONTRACT-000043,2026-03-01,2026-04-02,2026-04-12,715.07,690.92,727.17,136.71,590.46,PAID,2026-04-09T13:00:00Z,2026-04-05T10:00:00Z,2026-08-01T10:00:00Z,batch-20260801-001
INV-000044,CONTRACT-000044,2026-03-01,2026-04-02,2026-04-12,580.04,531.49,600.24,100.66,499.58,PAID,2026-04-09T13:00:00Z,2026-04-05T10:00:00Z,2026-08-01T10:00:00Z,batch-20260801-001
INV-000045,CONTRACT-000045,2026-03-01,2026-04-02,2026-04-12,1003.25,940.22,998.05,160.29,837.76,PAID,2026-04-09T13:00:00Z,2026-04-05T10:00:00Z,2026-08-01T10:00:00Z,batch-20260801-001
INV-000046,CONTRACT-000046,2026-03-01,2026-04-02,2026-04-12,913.25,861.63,913.45,170.18,743.27,PAID,2026-04-09T13:00:00Z,2026-04-05T10:00:00Z,2026-08-01T10:00:00Z,batch-20260801-001
INV-000047,CONTRACT-000047,2026-03-01,2026-04-02,2026-04-12,916.7,811.21,916.7,123.02,793.68,PAID,2026-04-09T13:00:00Z,2026-04-05T10:00:00Z,2026-08-01T10:00:00Z,batch-20260801-001
INV-000048,CONTRACT-000048,2026-03-01,2026-04-02,2026-04-12,738.83,575.54,749.5,109.28,640.22,PAID,2026-04-09T13:00:00Z,2026-04-05T10:00:00Z,2026-08-01T10:00:00Z,batch-20260801-001
INV-000049,CONTRACT-000049,2026-03-01,2026-04-02,2026-04-12,509.47,367.84,533.9,60.54,473.36,PAID,2026-04-09T13:00:00Z,2026-04-05T10:00:00Z,2026-08-01T10:00:00Z,batch-20260801-001
INV-000050,CONTRACT-000050,2026-03-01,2026-04-02,2026-04-12,752.14,671.56,762.01,145.39,616.62,PAID,2026-04-09T13:00:00Z,2026-04-05T10:00:00Z,2026-08-01T10:00:00Z,batch-20260801-001
INV-000051,CONTRACT-000051,2026-03-01,2026-04-02,2026-04-12,1031.09,843.35,1024.22,106.62,917.6,PAID,2026-04-09T13:00:00Z,2026-04-05T10:00:00Z,2026-08-01T10:00:00Z,batch-20260801-001
INV-000052,CONTRACT-000052,2026-03-01,2026-04-02,2026-04-12,516.49,490.1,540.5,55.83,484.67,PAID,2026-04-09T13:00:00Z,2026-04-05T10:00:00Z,2026-08-01T10:00:00Z,batch-20260801-001
INV-000053,CONTRACT-000053,2026-03-01,2026-04-02,2026-04-12,1182.13,880.96,1166.2,200.12,966.08,PAID,2026-04-09T13:00:00Z,2026-04-05T10:00:00Z,2026-08-01T10:00:00Z,batch-20260801-001
INV-000054,CONTRACT-000054,2026-03-01,2026-04-02,2026-04-12,332.34,270.73,367.4,49.27,318.13,OPEN,NULL,2026-04-05T10:00:00Z,2026-08-01T10:00:00Z,batch-20260801-001
INV-000055,CONTRACT-000055,2026-03-01,2026-04-02,2026-04-12,296.3,208.96,333.52,64.84,268.68,PAID,2026-04-09T13:00:00Z,2026-04-05T10:00:00Z,2026-08-01T10:00:00Z,batch-20260801-001
INV-000056,CONTRACT-000056,2026-03-01,2026-04-02,2026-04-12,876,654.31,878.44,160.32,718.12,PAID,2026-04-09T13:00:00Z,2026-04-05T10:00:00Z,2026-08-01T10:00:00Z,batch-20260801-001
INV-000057,CONTRACT-000057,2026-03-01,2026-04-02,2026-04-12,235.25,233.06,276.13,51.91,224.22,PAID,2026-04-09T13:00:00Z,2026-04-05T10:00:00Z,2026-08-01T10:00:00Z,batch-20260801-001
INV-000058,CONTRACT-000058,2026-03-01,2026-04-02,2026-04-12,768.53,669.16,777.42,124.23,653.19,PAID,2026-04-09T13:00:00Z,2026-04-05T10:00:00Z,2026-08-01T10:00:00Z,batch-20260801-001
INV-000059,CONTRACT-000059,2026-03-01,2026-04-02,2026-04-12,1174.34,1081.14,1158.88,163.63,995.25,PAID,2026-04-09T13:00:00Z,2026-04-05T10:00:00Z,2026-08-01T10:00:00Z,batch-20260801-001
INV-000060,CONTRACT-000060,2026-03-01,2026-04-02,2026-04-12,1016.38,959.69,1010.4,126.5,883.9,OPEN,NULL,2026-04-05T10:00:00Z,2026-08-01T10:00:00Z,batch-20260801-001
INV-000061,CONTRACT-000061,2026-03-01,2026-04-02,2026-04-12,922.68,922.68,922.32,109.66,812.66,PAID,2026-04-09T13:00:00Z,2026-04-05T10:00:00Z,2026-08-01T10:00:00Z,batch-20260801-001
INV-000062,CONTRACT-000062,2026-03-01,2026-04-02,2026-04-12,852.86,695.86,856.69,170.4,686.29,OPEN,NULL,2026-04-05T10:00:00Z,2026-08-01T10:00:00Z,batch-20260801-001
INV-000063,CONTRACT-000063,2026-03-01,2026-04-02,2026-04-12,630.21,473.73,647.4,87.66,559.74,PAID,2026-04-09T13:00:00Z,2026-04-05T10:00:00Z,2026-08-01T10:00:00Z,batch-20260801-001
INV-000064,CONTRACT-000064,2026-03-01,2026-04-02,2026-04-12,573.76,411.51,594.33,87.72,506.61,PAID,2026-04-09T13:00:00Z,2026-04-05T10:00:00Z,2026-08-01T10:00:00Z,batch-20260801-001
INV-000065,CONTRACT-000065,2026-03-01,2026-04-02,2026-04-12,626.64,550.1,644.04,115.28,528.76,PAID,2026-04-09T13:00:00Z,2026-04-05T10:00:00Z,2026-08-01T10:00:00Z,batch-20260801-001
INV-000066,CONTRACT-000066,2026-03-01,2026-04-02,2026-04-12,287.34,287.34,325.1,35.53,289.57,PAID,2026-04-09T13:00:00Z,2026-04-05T10:00:00Z,2026-08-01T10:00:00Z,batch-20260801-001
INV-000067,CONTRACT-000067,2026-03-01,2026-04-02,2026-04-12,704.79,659.2,717.5,114.58,602.92,PAID,2026-04-09T13:00:00Z,2026-04-05T10:00:00Z,2026-08-01T10:00:00Z,batch-20260801-001
INV-000068,CONTRACT-000068,2026-03-01,2026-04-02,2026-04-12,574.65,455.18,595.17,75.11,520.06,PAID,2026-04-09T13:00:00Z,2026-04-05T10:00:00Z,2026-08-01T10:00:00Z,batch-20260801-001
INV-000069,CONTRACT-000069,2026-03-01,2026-04-02,2026-04-12,393.31,274,424.71,50.92,373.79,PAID,2026-04-09T13:00:00Z,2026-04-05T10:00:00Z,2026-08-01T10:00:00Z,batch-20260801-001
INV-000070,CONTRACT-000070,2026-03-01,2026-04-02,2026-04-12,662.71,662.71,677.95,74.98,602.97,PAID,2026-04-09T13:00:00Z,2026-04-05T10:00:00Z,2026-08-01T10:00:00Z,batch-20260801-001
INV-000071,CONTRACT-000071,2026-03-01,2026-04-02,2026-04-12,936.42,670.24,935.23,119.43,815.8,OPEN,NULL,2026-04-05T10:00:00Z,2026-08-01T10:00:00Z,batch-20260801-001
INV-000072,CONTRACT-000072,2026-03-01,2026-04-02,2026-04-12,361.37,297.57,394.69,68.83,325.86,PAID,2026-04-09T13:00:00Z,2026-04-05T10:00:00Z,2026-08-01T10:00:00Z,batch-20260801-001
INV-000073,CONTRACT-000073,2026-03-01,2026-04-02,2026-04-12,774.53,762.81,783.06,107.67,675.39,PAID,2026-04-09T13:00:00Z,2026-04-05T10:00:00Z,2026-08-01T10:00:00Z,batch-20260801-001
INV-000074,CONTRACT-000074,2026-03-01,2026-04-02,2026-04-12,427.23,365.11,456.6,70.18,386.42,PAID,2026-04-09T13:00:00Z,2026-04-05T10:00:00Z,2026-08-01T10:00:00Z,batch-20260801-001
INV-000075,CONTRACT-000075,2026-03-01,2026-04-02,2026-04-12,828.77,659.32,834.04,138.7,695.34,PAID,2026-04-09T13:00:00Z,2026-04-05T10:00:00Z,2026-08-01T10:00:00Z,batch-20260801-001
INV-000076,CONTRACT-000076,2026-03-01,2026-04-02,2026-04-12,397.21,351.54,428.38,56.16,372.22,PAID,2026-04-09T13:00:00Z,2026-04-05T10:00:00Z,2026-08-01T10:00:00Z,batch-20260801-001
INV-000077,CONTRACT-000077,2026-03-01,2026-04-02,2026-04-12,861.74,683.03,865.04,142.47,722.57,PAID,2026-04-09T13:00:00Z,2026-04-05T10:00:00Z,2026-08-01T10:00:00Z,batch-20260801-001
INV-000078,CONTRACT-000078,2026-03-01,2026-04-02,2026-04-12,601.77,543.98,620.66,91.24,529.42,PAID,2026-04-09T13:00:00Z,2026-04-05T10:00:00Z,2026-08-01T10:00:00Z,batch-20260801-001
INV-000079,CONTRACT-000079,2026-03-01,2026-04-02,2026-04-12,708.38,544.77,720.88,137.83,583.05,PAID,2026-04-09T13:00:00Z,2026-04-05T10:00:00Z,2026-08-01T10:00:00Z,batch-20260801-001
INV-000080,CONTRACT-000080,2026-03-01,2026-04-02,2026-04-12,500.58,500.58,525.55,99.7,425.85,PAID,2026-04-09T13:00:00Z,2026-04-05T10:00:00Z,2026-08-01T10:00:00Z,batch-20260801-001
INV-000081,CONTRACT-000081,2026-03-01,2026-04-02,2026-04-12,745.69,502.91,755.95,113.85,642.1,PAID,2026-04-09T13:00:00Z,2026-04-05T10:00:00Z,2026-08-01T10:00:00Z,batch-20260801-001
INV-000082,CONTRACT-000082,2026-03-01,2026-04-02,2026-04-12,492.13,434.91,517.6,85.56,432.04,PAID,2026-04-09T13:00:00Z,2026-04-05T10:00:00Z,2026-08-01T10:00:00Z,batch-20260801-001
INV-000083,CONTRACT-000083,2026-03-01,2026-04-02,2026-04-12,662.89,575.56,678.12,79.68,598.44,OPEN,NULL,2026-04-05T10:00:00Z,2026-08-01T10:00:00Z,batch-20260801-001
INV-000084,CONTRACT-000084,2026-03-01,2026-04-02,2026-04-12,859.2,735.15,862.65,156.48,706.17,PAID,2026-04-09T13:00:00Z,2026-04-05T10:00:00Z,2026-08-01T10:00:00Z,batch-20260801-001
INV-000085,CONTRACT-000085,2026-03-01,2026-04-02,2026-04-12,737.28,580.48,748.04,108.39,639.65,PAID,2026-04-09T13:00:00Z,2026-04-05T10:00:00Z,2026-08-01T10:00:00Z,batch-20260801-001
INV-000086,CONTRACT-000086,2026-03-01,2026-04-02,2026-04-12,962.48,953.75,959.73,124,835.73,OPEN,NULL,2026-04-05T10:00:00Z,2026-08-01T10:00:00Z,batch-20260801-001
INV-000087,CONTRACT-000087,2026-03-01,2026-04-02,2026-04-12,532.75,460.39,555.78,56.58,499.2,OPEN,NULL,2026-04-05T10:00:00Z,2026-08-01T10:00:00Z,batch-20260801-001
INV-000088,CONTRACT-000088,2026-03-01,2026-04-02,2026-04-12,653.87,633.58,669.64,74.87,594.77,PAID,2026-04-09T13:00:00Z,2026-04-05T10:00:00Z,2026-08-01T10:00:00Z,batch-20260801-001
INV-000089,CONTRACT-000089,2026-03-01,2026-04-02,2026-04-12,938.97,892.44,937.63,112.7,824.93,PAID,2026-04-09T13:00:00Z,2026-04-05T10:00:00Z,2026-08-01T10:00:00Z,batch-20260801-001
INV-000090,CONTRACT-000090,2026-03-01,2026-04-02,2026-04-12,821.01,622.61,826.75,146.33,680.42,PAID,2026-04-09T13:00:00Z,2026-04-05T10:00:00Z,2026-08-01T10:00:00Z,batch-20260801-001
INV-000091,CONTRACT-000091,2026-03-01,2026-04-02,2026-04-12,861.46,607.39,864.77,123.75,741.02,PAID,2026-04-09T13:00:00Z,2026-04-05T10:00:00Z,2026-08-01T10:00:00Z,batch-20260801-001
INV-000092,CONTRACT-000092,2026-03-01,2026-04-02,2026-04-12,666.19,560.18,681.22,74.18,607.04,PAID,2026-04-09T13:00:00Z,2026-04-05T10:00:00Z,2026-08-01T10:00:00Z,batch-20260801-001
INV-000093,CONTRACT-000093,2026-03-01,2026-04-02,2026-04-12,663.05,520.84,678.27,117,561.27,PAID,2026-04-09T13:00:00Z,2026-04-05T10:00:00Z,2026-08-01T10:00:00Z,batch-20260801-001
INV-000094,CONTRACT-000094,2026-03-01,2026-04-02,2026-04-12,920.54,679.94,920.31,100.96,819.35,PAID,2026-04-09T13:00:00Z,2026-04-05T10:00:00Z,2026-08-01T10:00:00Z,batch-20260801-001
INV-000095,CONTRACT-000095,2026-03-01,2026-04-02,2026-04-12,1065.62,979.31,1056.68,177.31,879.37,PAID,2026-04-09T13:00:00Z,2026-04-05T10:00:00Z,2026-08-01T10:00:00Z,batch-20260801-001
INV-000096,CONTRACT-000096,2026-03-01,2026-04-02,2026-04-12,431.4,314.4,460.52,57.7,402.82,PAID,2026-04-09T13:00:00Z,2026-04-05T10:00:00Z,2026-08-01T10:00:00Z,batch-20260801-001
INV-000097,CONTRACT-000097,2026-03-01,2026-04-02,2026-04-12,904.93,581.15,905.63,166.64,738.99,OPEN,NULL,2026-04-05T10:00:00Z,2026-08-01T10:00:00Z,batch-20260801-001
INV-000098,CONTRACT-000098,2026-03-01,2026-04-02,2026-04-12,717.93,576.55,729.85,102.98,626.87,PAID,2026-04-09T13:00:00Z,2026-04-05T10:00:00Z,2026-08-01T10:00:00Z,batch-20260801-001
INV-000099,CONTRACT-000099,2026-03-01,2026-04-02,2026-04-12,423.99,423.99,453.55,69.98,383.57,PAID,2026-04-09T13:00:00Z,2026-04-05T10:00:00Z,2026-08-01T10:00:00Z,batch-20260801-001
INV-000100,CONTRACT-000100,2026-03-01,2026-04-02,2026-04-12,516.5,443.08,540.51,87.35,453.16,PAID,2026-04-09T13:00:00Z,2026-04-05T10:00:00Z,2026-08-01T10:00:00Z,batch-20260801-001
INV-000101,CONTRACT-000101,2026-03-01,2026-04-02,2026-04-12,289.9,208.99,327.51,39.69,287.82,PAID,2026-04-09T13:00:00Z,2026-04-05T10:00:00Z,2026-08-01T10:00:00Z,batch-20260801-001
INV-000102,CONTRACT-000102,2026-03-01,2026-04-02,2026-04-12,533.27,334.44,556.27,69.14,487.13,PAID,2026-04-09T13:00:00Z,2026-04-05T10:00:00Z,2026-08-01T10:00:00Z,batch-20260801-001
INV-000103,CONTRACT-000103,2026-03-01,2026-04-02,2026-04-12,580.94,571.73,601.08,117.93,483.15,PAID,2026-04-09T13:00:00Z,2026-04-05T10:00:00Z,2026-08-01T10:00:00Z,batch-20260801-001
INV-000104,CONTRACT-000104,2026-03-01,2026-04-02,2026-04-12,493.32,348.81,518.72,63.44,455.28,PAID,2026-04-09T13:00:00Z,2026-04-05T10:00:00Z,2026-08-01T10:00:00Z,batch-20260801-001
INV-000105,CONTRACT-000105,2026-03-01,2026-04-02,2026-04-12,760.92,633.47,770.26,116.93,653.33,PAID,2026-04-09T13:00:00Z,2026-04-05T10:00:00Z,2026-08-01T10:00:00Z,batch-20260801-001
INV-000106,CONTRACT-000106,2026-03-01,2026-04-02,2026-04-12,545.41,440.45,567.69,75.56,492.13,PAID,2026-04-09T13:00:00Z,2026-04-05T10:00:00Z,2026-08-01T10:00:00Z,batch-20260801-001
INV-000107,CONTRACT-000107,2026-03-01,2026-04-02,2026-04-12,683.51,524.68,697.5,115.99,581.51,PAID,2026-04-09T13:00:00Z,2026-04-05T10:00:00Z,2026-08-01T10:00:00Z,batch-20260801-001
INV-000108,CONTRACT-000108,2026-03-01,2026-04-02,2026-04-12,1065.69,917.37,1056.75,197.93,858.82,PAID,2026-04-09T13:00:00Z,2026-04-05T10:00:00Z,2026-08-01T10:00:00Z,batch-20260801-001
INV-000109,CONTRACT-000109,2026-03-01,2026-04-02,2026-04-12,624.19,454.6,641.74,82.34,559.4,PAID,2026-04-09T13:00:00Z,2026-04-05T10:00:00Z,2026-08-01T10:00:00Z,batch-20260801-001
INV-000110,CONTRACT-000110,2026-03-01,2026-04-02,2026-04-12,241.25,227.49,281.77,33.02,248.75,PAID,2026-04-09T13:00:00Z,2026-04-05T10:00:00Z,2026-08-01T10:00:00Z,batch-20260801-001
INV-000111,CONTRACT-000111,2026-03-01,2026-04-02,2026-04-12,755.26,650.19,764.94,133.71,631.23,PAID,2026-04-09T13:00:00Z,2026-04-05T10:00:00Z,2026-08-01T10:00:00Z,batch-20260801-001
INV-000112,CONTRACT-000112,2026-03-01,2026-04-02,2026-04-12,224.02,173.12,265.58,50.99,214.59,PAID,2026-04-09T13:00:00Z,2026-04-05T10:00:00Z,2026-08-01T10:00:00Z,batch-20260801-001
INV-000113,CONTRACT-000113,2026-03-01,2026-04-02,2026-04-12,477.68,320.33,504.02,60.48,443.54,PAID,2026-04-09T13:00:00Z,2026-04-05T10:00:00Z,2026-08-01T10:00:00Z,batch-20260801-001
INV-000114,CONTRACT-000114,2026-03-01,2026-04-02,2026-04-12,211.49,196.16,253.8,30.76,223.04,PAID,2026-04-09T13:00:00Z,2026-04-05T10:00:00Z,2026-08-01T10:00:00Z,batch-20260801-001
INV-000115,CONTRACT-000115,2026-03-01,2026-04-02,2026-04-12,945.4,691.86,943.68,179.87,763.81,PAID,2026-04-09T13:00:00Z,2026-04-05T10:00:00Z,2026-08-01T10:00:00Z,batch-20260801-001
INV-000116,CONTRACT-000116,2026-03-01,2026-04-02,2026-04-12,1059.77,814.76,1051.18,112.48,938.7,PAID,2026-04-09T13:00:00Z,2026-04-05T10:00:00Z,2026-08-01T10:00:00Z,batch-20260801-001
INV-000117,CONTRACT-000117,2026-03-01,2026-04-02,2026-04-12,331.03,264.98,366.17,53.72,312.45,PAID,2026-04-09T13:00:00Z,2026-04-05T10:00:00Z,2026-08-01T10:00:00Z,batch-20260801-001
INV-000118,CONTRACT-000118,2026-03-01,2026-04-02,2026-04-12,962.52,936.67,959.77,126.5,833.27,PAID,2026-04-09T13:00:00Z,2026-04-05T10:00:00Z,2026-08-01T10:00:00Z,batch-20260801-001
INV-000119,CONTRACT-000119,2026-03-01,2026-04-02,2026-04-12,300.82,190.07,337.77,67.01,270.76,PAID,2026-04-09T13:00:00Z,2026-04-05T10:00:00Z,2026-08-01T10:00:00Z,batch-20260801-001
INV-000120,CONTRACT-000120,2026-03-01,2026-04-02,2026-04-12,714.25,681.54,726.39,86,640.39,PAID,2026-04-09T13:00:00Z,2026-04-05T10:00:00Z,2026-08-01T10:00:00Z,batch-20260801-001
INV-000121,CONTRACT-000121,2026-03-01,2026-04-02,2026-04-12,621.75,606.62,639.44,70.98,568.46,PAID,2026-04-09T13:00:00Z,2026-04-05T10:00:00Z,2026-08-01T10:00:00Z,batch-20260801-001
INV-000122,CONTRACT-000122,2026-03-01,2026-04-02,2026-04-12,929.75,900.09,928.96,154.02,774.94,PAID,2026-04-09T13:00:00Z,2026-04-05T10:00:00Z,2026-08-01T10:00:00Z,batch-20260801-001
INV-000123,CONTRACT-000123,2026-03-01,2026-04-02,2026-04-12,343.24,273.15,377.65,66.39,311.26,PAID,2026-04-09T13:00:00Z,2026-04-05T10:00:00Z,2026-08-01T10:00:00Z,batch-20260801-001
INV-000124,CONTRACT-000124,2026-03-01,2026-04-02,2026-04-12,872.23,719.32,874.9,88.54,786.36,PAID,2026-04-09T13:00:00Z,2026-04-05T10:00:00Z,2026-08-01T10:00:00Z,batch-20260801-001
INV-000125,CONTRACT-000125,2026-03-01,2026-04-02,2026-04-12,272.06,208.34,310.74,58.64,252.1,PAID,2026-04-09T13:00:00Z,2026-04-05T10:00:00Z,2026-08-01T10:00:00Z,batch-20260801-001
INV-000126,CONTRACT-000126,2026-03-01,2026-04-02,2026-04-12,1104.85,789.09,1093.56,155.94,937.62,PAID,2026-04-09T13:00:00Z,2026-04-05T10:00:00Z,2026-08-01T10:00:00Z,batch-20260801-001
INV-000127,CONTRACT-000127,2026-03-01,2026-04-02,2026-04-12,681.4,566.52,695.52,74.42,621.1,PAID,2026-04-09T13:00:00Z,2026-04-05T10:00:00Z,2026-08-01T10:00:00Z,batch-20260801-001
INV-000128,CONTRACT-000128,2026-03-01,2026-04-02,2026-04-12,664.66,484.96,679.78,135.89,543.89,OPEN,NULL,2026-04-05T10:00:00Z,2026-08-01T10:00:00Z,batch-20260801-001
INV-000129,CONTRACT-000129,2026-03-01,2026-04-02,2026-04-12,792.33,514.63,799.79,153.32,646.47,PAID,2026-04-09T13:00:00Z,2026-04-05T10:00:00Z,2026-08-01T10:00:00Z,batch-20260801-001
INV-000130,CONTRACT-000130,2026-03-01,2026-04-02,2026-04-12,380.64,287.15,412.8,47.06,365.74,PAID,2026-04-09T13:00:00Z,2026-04-05T10:00:00Z,2026-08-01T10:00:00Z,batch-20260801-001
INV-000131,CONTRACT-000131,2026-03-01,2026-04-02,2026-04-12,1093.66,805.03,1083.04,137.98,945.06,PAID,2026-04-09T13:00:00Z,2026-04-05T10:00:00Z,2026-08-01T10:00:00Z,batch-20260801-001
INV-000132,CONTRACT-000132,2026-03-01,2026-04-02,2026-04-12,990.93,760.91,986.47,166.02,820.45,PAID,2026-04-09T13:00:00Z,2026-04-05T10:00:00Z,2026-08-01T10:00:00Z,batch-20260801-001
INV-000133,CONTRACT-000133,2026-03-01,2026-04-02,2026-04-12,951.38,686.97,949.3,119.71,829.59,PAID,2026-04-09T13:00:00Z,2026-04-05T10:00:00Z,2026-08-01T10:00:00Z,batch-20260801-001
INV-000134,CONTRACT-000134,2026-03-01,2026-04-02,2026-04-12,1095.33,996.58,1084.61,117.03,967.58,PAID,2026-04-09T13:00:00Z,2026-04-05T10:00:00Z,2026-08-01T10:00:00Z,batch-20260801-001
INV-000135,CONTRACT-000135,2026-03-01,2026-04-02,2026-04-12,296.92,236.18,334.1,66.05,268.05,PAID,2026-04-09T13:00:00Z,2026-04-05T10:00:00Z,2026-08-01T10:00:00Z,batch-20260801-001
INV-000136,CONTRACT-000136,2026-03-01,2026-04-02,2026-04-12,928.14,925.58,927.45,117.23,810.22,PAID,2026-04-09T13:00:00Z,2026-04-05T10:00:00Z,2026-08-01T10:00:00Z,batch-20260801-001
INV-000137,CONTRACT-000137,2026-03-01,2026-04-02,2026-04-12,1259.72,848.08,1239.14,131.1,1108.04,OPEN,NULL,2026-04-05T10:00:00Z,2026-08-01T10:00:00Z,batch-20260801-001
INV-000138,CONTRACT-000138,2026-03-01,2026-04-02,2026-04-12,262.27,250.24,301.53,45.35,256.18,PAID,2026-04-09T13:00:00Z,2026-04-05T10:00:00Z,2026-08-01T10:00:00Z,batch-20260801-001
INV-000139,CONTRACT-000139,2026-03-01,2026-04-02,2026-04-12,235.26,225.69,276.14,46.09,230.05,PAID,2026-04-09T13:00:00Z,2026-04-05T10:00:00Z,2026-08-01T10:00:00Z,batch-20260801-001
INV-000140,CONTRACT-000140,2026-03-01,2026-04-02,2026-04-12,481.17,358.82,507.3,64.78,442.52,PAID,2026-04-09T13:00:00Z,2026-04-05T10:00:00Z,2026-08-01T10:00:00Z,batch-20260801-001
INV-000141,CONTRACT-000141,2026-03-01,2026-04-02,2026-04-12,643.93,567.33,660.29,93.89,566.4,PAID,2026-04-09T13:00:00Z,2026-04-05T10:00:00Z,2026-08-01T10:00:00Z,batch-20260801-001
INV-000142,CONTRACT-000142,2026-03-01,2026-04-02,2026-04-12,726.17,505.76,737.6,105.85,631.75,PAID,2026-04-09T13:00:00Z,2026-04-05T10:00:00Z,2026-08-01T10:00:00Z,batch-20260801-001
INV-000143,CONTRACT-000143,2026-03-01,2026-04-02,2026-04-12,303.79,227.56,340.56,48.67,291.89,PAID,2026-04-09T13:00:00Z,2026-04-05T10:00:00Z,2026-08-01T10:00:00Z,batch-20260801-001
INV-000144,CONTRACT-000144,2026-03-01,2026-04-02,2026-04-12,871.15,737.99,873.88,110.98,762.9,PAID,2026-04-09T13:00:00Z,2026-04-05T10:00:00Z,2026-08-01T10:00:00Z,batch-20260801-001
INV-000145,CONTRACT-000145,2026-03-01,2026-04-02,2026-04-12,343.6,266.06,377.98,56.13,321.85,OPEN,NULL,2026-04-05T10:00:00Z,2026-08-01T10:00:00Z,batch-20260801-001
INV-000146,CONTRACT-000146,2026-03-01,2026-04-02,2026-04-12,1034.18,686.42,1027.13,102.82,924.31,PAID,2026-04-09T13:00:00Z,2026-04-05T10:00:00Z,2026-08-01T10:00:00Z,batch-20260801-001
INV-000147,CONTRACT-000147,2026-03-01,2026-04-02,2026-04-12,435.09,357.61,463.98,61.94,402.04,PAID,2026-04-09T13:00:00Z,2026-04-05T10:00:00Z,2026-08-01T10:00:00Z,batch-20260801-001
INV-000148,CONTRACT-000148,2026-03-01,2026-04-02,2026-04-12,454.34,380.14,482.08,89.52,392.56,PAID,2026-04-09T13:00:00Z,2026-04-05T10:00:00Z,2026-08-01T10:00:00Z,batch-20260801-001
INV-000149,CONTRACT-000149,2026-03-01,2026-04-02,2026-04-12,1262.77,1005.39,1242,222.07,1019.93,PAID,2026-04-09T13:00:00Z,2026-04-05T10:00:00Z,2026-08-01T10:00:00Z,batch-20260801-001
INV-000150,CONTRACT-000150,2026-03-01,2026-04-02,2026-04-12,347.09,295.52,381.26,60.85,320.41,PAID,2026-04-09T13:00:00Z,2026-04-05T10:00:00Z,2026-08-01T10:00:00Z,batch-20260801-001
INV-000151,CONTRACT-000001,2026-04-01,2026-05-03,2026-05-13,1168.04,845.62,1152.96,144,1008.96,PAID,2026-05-10T13:00:00Z,2026-05-06T10:00:00Z,2026-08-01T10:00:00Z,batch-20260801-001
INV-000152,CONTRACT-000002,2026-04-01,2026-05-03,2026-05-13,837.04,610.63,841.82,117.94,723.88,PAID,2026-05-10T13:00:00Z,2026-05-06T10:00:00Z,2026-08-01T10:00:00Z,batch-20260801-001
INV-000153,CONTRACT-000003,2026-04-01,2026-05-03,2026-05-13,338.27,310.24,372.97,39.16,333.81,PAID,2026-05-10T13:00:00Z,2026-05-06T10:00:00Z,2026-08-01T10:00:00Z,batch-20260801-001
INV-000154,CONTRACT-000004,2026-04-01,2026-05-03,2026-05-13,1270,1087.77,1248.8,159.22,1089.58,OPEN,NULL,2026-05-06T10:00:00Z,2026-08-01T10:00:00Z,batch-20260801-001
INV-000155,CONTRACT-000005,2026-04-01,2026-05-03,2026-05-13,554.39,509.81,576.13,114.3,461.83,PAID,2026-05-10T13:00:00Z,2026-05-06T10:00:00Z,2026-08-01T10:00:00Z,batch-20260801-001
INV-000156,CONTRACT-000006,2026-04-01,2026-05-03,2026-05-13,460.32,380.7,487.7,90.66,397.04,PAID,2026-05-10T13:00:00Z,2026-05-06T10:00:00Z,2026-08-01T10:00:00Z,batch-20260801-001
INV-000157,CONTRACT-000007,2026-04-01,2026-05-03,2026-05-13,552.84,443.42,574.67,86.03,488.64,PAID,2026-05-10T13:00:00Z,2026-05-06T10:00:00Z,2026-08-01T10:00:00Z,batch-20260801-001
INV-000158,CONTRACT-000008,2026-04-01,2026-05-03,2026-05-13,222.77,205.67,264.4,42.3,222.1,PAID,2026-05-10T13:00:00Z,2026-05-06T10:00:00Z,2026-08-01T10:00:00Z,batch-20260801-001
INV-000159,CONTRACT-000009,2026-04-01,2026-05-03,2026-05-13,635.62,429.25,652.48,113.79,538.69,PAID,2026-05-10T13:00:00Z,2026-05-06T10:00:00Z,2026-08-01T10:00:00Z,batch-20260801-001
INV-000160,CONTRACT-000010,2026-04-01,2026-05-03,2026-05-13,667.31,491.43,682.27,75.25,607.02,PAID,2026-05-10T13:00:00Z,2026-05-06T10:00:00Z,2026-08-01T10:00:00Z,batch-20260801-001
INV-000161,CONTRACT-000011,2026-04-01,2026-05-03,2026-05-13,683.65,515.96,697.63,75.34,622.29,PAID,2026-05-10T13:00:00Z,2026-05-06T10:00:00Z,2026-08-01T10:00:00Z,batch-20260801-001
INV-000162,CONTRACT-000012,2026-04-01,2026-05-03,2026-05-13,861.15,751.88,864.48,106.68,757.8,PAID,2026-05-10T13:00:00Z,2026-05-06T10:00:00Z,2026-08-01T10:00:00Z,batch-20260801-001
INV-000163,CONTRACT-000013,2026-04-01,2026-05-03,2026-05-13,607.5,514.2,626.05,64.04,562.01,PAID,2026-05-10T13:00:00Z,2026-05-06T10:00:00Z,2026-08-01T10:00:00Z,batch-20260801-001
INV-000164,CONTRACT-000014,2026-04-01,2026-05-03,2026-05-13,1113.5,1013.78,1101.69,114.47,987.22,PAID,2026-05-10T13:00:00Z,2026-05-06T10:00:00Z,2026-08-01T10:00:00Z,batch-20260801-001
INV-000165,CONTRACT-000015,2026-04-01,2026-05-03,2026-05-13,602.08,513.62,620.96,66.44,554.52,PAID,2026-05-10T13:00:00Z,2026-05-06T10:00:00Z,2026-08-01T10:00:00Z,batch-20260801-001
INV-000166,CONTRACT-000016,2026-04-01,2026-05-03,2026-05-13,501.14,397.72,526.07,72.97,453.1,PAID,2026-05-10T13:00:00Z,2026-05-06T10:00:00Z,2026-08-01T10:00:00Z,batch-20260801-001
INV-000167,CONTRACT-000017,2026-04-01,2026-05-03,2026-05-13,1077.23,955.55,1067.6,197.72,869.88,PAID,2026-05-10T13:00:00Z,2026-05-06T10:00:00Z,2026-08-01T10:00:00Z,batch-20260801-001
INV-000168,CONTRACT-000018,2026-04-01,2026-05-03,2026-05-13,472.99,443.56,499.61,88.53,411.08,PAID,2026-05-10T13:00:00Z,2026-05-06T10:00:00Z,2026-08-01T10:00:00Z,batch-20260801-001
INV-000169,CONTRACT-000019,2026-04-01,2026-05-03,2026-05-13,600.69,452.99,619.65,114.08,505.57,PAID,2026-05-10T13:00:00Z,2026-05-06T10:00:00Z,2026-08-01T10:00:00Z,batch-20260801-001
INV-000170,CONTRACT-000020,2026-04-01,2026-05-03,2026-05-13,854.58,560.62,858.31,108.92,749.39,PAID,2026-05-10T13:00:00Z,2026-05-06T10:00:00Z,2026-08-01T10:00:00Z,batch-20260801-001
INV-000171,CONTRACT-000021,2026-04-01,2026-05-03,2026-05-13,465.95,403.59,492.99,49.94,443.05,PAID,2026-05-10T13:00:00Z,2026-05-06T10:00:00Z,2026-08-01T10:00:00Z,batch-20260801-001
INV-000172,CONTRACT-000022,2026-04-01,2026-05-03,2026-05-13,883.89,674.16,885.86,139.43,746.43,PAID,2026-05-10T13:00:00Z,2026-05-06T10:00:00Z,2026-08-01T10:00:00Z,batch-20260801-001
INV-000173,CONTRACT-000023,2026-04-01,2026-05-03,2026-05-13,410.67,365.96,441.03,57.55,383.48,PAID,2026-05-10T13:00:00Z,2026-05-06T10:00:00Z,2026-08-01T10:00:00Z,batch-20260801-001
INV-000174,CONTRACT-000024,2026-04-01,2026-05-03,2026-05-13,262.58,191.5,301.83,57.02,244.81,PAID,2026-05-10T13:00:00Z,2026-05-06T10:00:00Z,2026-08-01T10:00:00Z,batch-20260801-001
INV-000175,CONTRACT-000025,2026-04-01,2026-05-03,2026-05-13,1011.19,901.91,1005.52,124.99,880.53,PAID,2026-05-10T13:00:00Z,2026-05-06T10:00:00Z,2026-08-01T10:00:00Z,batch-20260801-001
INV-000176,CONTRACT-000026,2026-04-01,2026-05-03,2026-05-13,506.88,506.88,531.47,76,455.47,PAID,2026-05-10T13:00:00Z,2026-05-06T10:00:00Z,2026-08-01T10:00:00Z,batch-20260801-001
INV-000177,CONTRACT-000027,2026-04-01,2026-05-03,2026-05-13,639.98,590.91,656.58,105.51,551.07,PAID,2026-05-10T13:00:00Z,2026-05-06T10:00:00Z,2026-08-01T10:00:00Z,batch-20260801-001
INV-000178,CONTRACT-000028,2026-04-01,2026-05-03,2026-05-13,642.88,546.84,659.31,104.04,555.27,PAID,2026-05-10T13:00:00Z,2026-05-06T10:00:00Z,2026-08-01T10:00:00Z,batch-20260801-001
INV-000179,CONTRACT-000029,2026-04-01,2026-05-03,2026-05-13,866.21,563.99,869.24,104.83,764.41,OPEN,NULL,2026-05-06T10:00:00Z,2026-08-01T10:00:00Z,batch-20260801-001
INV-000180,CONTRACT-000030,2026-04-01,2026-05-03,2026-05-13,832.36,691.51,837.42,119.83,717.59,PAID,2026-05-10T13:00:00Z,2026-05-06T10:00:00Z,2026-08-01T10:00:00Z,batch-20260801-001
INV-000181,CONTRACT-000031,2026-04-01,2026-05-03,2026-05-13,590.6,590.6,610.16,102.32,507.84,PAID,2026-05-10T13:00:00Z,2026-05-06T10:00:00Z,2026-08-01T10:00:00Z,batch-20260801-001
INV-000182,CONTRACT-000032,2026-04-01,2026-05-03,2026-05-13,741.37,629.54,751.89,111.28,640.61,PAID,2026-05-10T13:00:00Z,2026-05-06T10:00:00Z,2026-08-01T10:00:00Z,batch-20260801-001
INV-000183,CONTRACT-000033,2026-04-01,2026-05-03,2026-05-13,1073.96,852.33,1064.52,186.29,878.23,PAID,2026-05-10T13:00:00Z,2026-05-06T10:00:00Z,2026-08-01T10:00:00Z,batch-20260801-001
INV-000184,CONTRACT-000034,2026-04-01,2026-05-03,2026-05-13,861.97,645.51,865.25,105.56,759.69,PAID,2026-05-10T13:00:00Z,2026-05-06T10:00:00Z,2026-08-01T10:00:00Z,batch-20260801-001
INV-000185,CONTRACT-000035,2026-04-01,2026-05-03,2026-05-13,422.98,401.4,452.6,66.17,386.43,PAID,2026-05-10T13:00:00Z,2026-05-06T10:00:00Z,2026-08-01T10:00:00Z,batch-20260801-001
INV-000186,CONTRACT-000036,2026-04-01,2026-05-03,2026-05-13,1001.68,832.99,996.58,194.23,802.35,PAID,2026-05-10T13:00:00Z,2026-05-06T10:00:00Z,2026-08-01T10:00:00Z,batch-20260801-001
INV-000187,CONTRACT-000037,2026-04-01,2026-05-03,2026-05-13,816.71,718.17,822.71,162.9,659.81,PAID,2026-05-10T13:00:00Z,2026-05-06T10:00:00Z,2026-08-01T10:00:00Z,batch-20260801-001
INV-000188,CONTRACT-000038,2026-04-01,2026-05-03,2026-05-13,672.92,491.11,687.54,97.77,589.77,PAID,2026-05-10T13:00:00Z,2026-05-06T10:00:00Z,2026-08-01T10:00:00Z,batch-20260801-001
INV-000189,CONTRACT-000039,2026-04-01,2026-05-03,2026-05-13,313.39,207.18,349.59,44.92,304.67,PAID,2026-05-10T13:00:00Z,2026-05-06T10:00:00Z,2026-08-01T10:00:00Z,batch-20260801-001
INV-000190,CONTRACT-000040,2026-04-01,2026-05-03,2026-05-13,467.33,378,494.29,95.55,398.74,PAID,2026-05-10T13:00:00Z,2026-05-06T10:00:00Z,2026-08-01T10:00:00Z,batch-20260801-001
INV-000191,CONTRACT-000041,2026-04-01,2026-05-03,2026-05-13,907.03,752.4,907.61,147.03,760.58,PAID,2026-05-10T13:00:00Z,2026-05-06T10:00:00Z,2026-08-01T10:00:00Z,batch-20260801-001
INV-000192,CONTRACT-000042,2026-04-01,2026-05-03,2026-05-13,807.71,529.15,814.25,146.65,667.6,PAID,2026-05-10T13:00:00Z,2026-05-06T10:00:00Z,2026-08-01T10:00:00Z,batch-20260801-001
INV-000193,CONTRACT-000043,2026-04-01,2026-05-03,2026-05-13,980.51,619.82,976.68,183.62,793.06,PAID,2026-05-10T13:00:00Z,2026-05-06T10:00:00Z,2026-08-01T10:00:00Z,batch-20260801-001
INV-000194,CONTRACT-000044,2026-04-01,2026-05-03,2026-05-13,663.43,548.85,678.62,113.8,564.82,PAID,2026-05-10T13:00:00Z,2026-05-06T10:00:00Z,2026-08-01T10:00:00Z,batch-20260801-001
INV-000195,CONTRACT-000045,2026-04-01,2026-05-03,2026-05-13,985.04,975.04,980.94,157.54,823.4,PAID,2026-05-10T13:00:00Z,2026-05-06T10:00:00Z,2026-08-01T10:00:00Z,batch-20260801-001
INV-000196,CONTRACT-000046,2026-04-01,2026-05-03,2026-05-13,1170.65,877.9,1155.41,215.25,940.16,PAID,2026-05-10T13:00:00Z,2026-05-06T10:00:00Z,2026-08-01T10:00:00Z,batch-20260801-001
INV-000197,CONTRACT-000047,2026-04-01,2026-05-03,2026-05-13,924.52,923.99,924.05,124.01,800.04,PAID,2026-05-10T13:00:00Z,2026-05-06T10:00:00Z,2026-08-01T10:00:00Z,batch-20260801-001
INV-000198,CONTRACT-000048,2026-04-01,2026-05-03,2026-05-13,756.61,504.02,766.21,111.71,654.5,OPEN,NULL,2026-05-06T10:00:00Z,2026-08-01T10:00:00Z,batch-20260801-001
INV-000199,CONTRACT-000049,2026-04-01,2026-05-03,2026-05-13,463.83,315.9,491,55.68,435.32,PAID,2026-05-10T13:00:00Z,2026-05-06T10:00:00Z,2026-08-01T10:00:00Z,batch-20260801-001
INV-000200,CONTRACT-000050,2026-04-01,2026-05-03,2026-05-13,726.47,598.31,737.88,140.79,597.09,OPEN,NULL,2026-05-06T10:00:00Z,2026-08-01T10:00:00Z,batch-20260801-001
INV-000201,CONTRACT-000051,2026-04-01,2026-05-03,2026-05-13,893.72,797.54,895.1,93.18,801.92,PAID,2026-05-10T13:00:00Z,2026-05-06T10:00:00Z,2026-08-01T10:00:00Z,batch-20260801-001
INV-000202,CONTRACT-000052,2026-04-01,2026-05-03,2026-05-13,537.15,481.89,559.92,57.84,502.08,PAID,2026-05-10T13:00:00Z,2026-05-06T10:00:00Z,2026-08-01T10:00:00Z,batch-20260801-001
INV-000203,CONTRACT-000053,2026-04-01,2026-05-03,2026-05-13,919.89,919.89,919.7,157.82,761.88,PAID,2026-05-10T13:00:00Z,2026-05-06T10:00:00Z,2026-08-01T10:00:00Z,batch-20260801-001
INV-000204,CONTRACT-000054,2026-04-01,2026-05-03,2026-05-13,394.24,296.84,425.59,57.07,368.52,PAID,2026-05-10T13:00:00Z,2026-05-06T10:00:00Z,2026-08-01T10:00:00Z,batch-20260801-001
INV-000205,CONTRACT-000055,2026-04-01,2026-05-03,2026-05-13,233.9,216.9,274.87,53.43,221.44,PAID,2026-05-10T13:00:00Z,2026-05-06T10:00:00Z,2026-08-01T10:00:00Z,batch-20260801-001
INV-000206,CONTRACT-000056,2026-04-01,2026-05-03,2026-05-13,697.32,697.32,710.48,129.66,580.82,PAID,2026-05-10T13:00:00Z,2026-05-06T10:00:00Z,2026-08-01T10:00:00Z,batch-20260801-001
INV-000207,CONTRACT-000057,2026-04-01,2026-05-03,2026-05-13,255.43,201.84,295.1,55.48,239.62,PAID,2026-05-10T13:00:00Z,2026-05-06T10:00:00Z,2026-08-01T10:00:00Z,batch-20260801-001
INV-000208,CONTRACT-000058,2026-04-01,2026-05-03,2026-05-13,771,716.68,779.74,124.6,655.14,PAID,2026-05-10T13:00:00Z,2026-05-06T10:00:00Z,2026-08-01T10:00:00Z,batch-20260801-001
INV-000209,CONTRACT-000059,2026-04-01,2026-05-03,2026-05-13,1409.59,1002.48,1380.01,194.86,1185.15,PAID,2026-05-10T13:00:00Z,2026-05-06T10:00:00Z,2026-08-01T10:00:00Z,batch-20260801-001
INV-000210,CONTRACT-000060,2026-04-01,2026-05-03,2026-05-13,1166.76,852.67,1151.75,144.2,1007.55,PAID,2026-05-10T13:00:00Z,2026-05-06T10:00:00Z,2026-08-01T10:00:00Z,batch-20260801-001
INV-000211,CONTRACT-000061,2026-04-01,2026-05-03,2026-05-13,1115.43,828.85,1103.5,131.21,972.29,PAID,2026-05-10T13:00:00Z,2026-05-06T10:00:00Z,2026-08-01T10:00:00Z,batch-20260801-001
INV-000212,CONTRACT-000062,2026-04-01,2026-05-03,2026-05-13,714.52,714.52,726.65,144.53,582.12,PAID,2026-05-10T13:00:00Z,2026-05-06T10:00:00Z,2026-08-01T10:00:00Z,batch-20260801-001
INV-000213,CONTRACT-000063,2026-04-01,2026-05-03,2026-05-13,539.02,428.13,561.68,76.05,485.63,PAID,2026-05-10T13:00:00Z,2026-05-06T10:00:00Z,2026-08-01T10:00:00Z,batch-20260801-001
INV-000214,CONTRACT-000064,2026-04-01,2026-05-03,2026-05-13,441.6,422.77,470.1,69.39,400.71,PAID,2026-05-10T13:00:00Z,2026-05-06T10:00:00Z,2026-08-01T10:00:00Z,batch-20260801-001
INV-000215,CONTRACT-000065,2026-04-01,2026-05-03,2026-05-13,723.54,598.75,735.13,131.59,603.54,PAID,2026-05-10T13:00:00Z,2026-05-06T10:00:00Z,2026-08-01T10:00:00Z,batch-20260801-001
INV-000216,CONTRACT-000066,2026-04-01,2026-05-03,2026-05-13,396.86,263.39,428.05,46.79,381.26,PAID,2026-05-10T13:00:00Z,2026-05-06T10:00:00Z,2026-08-01T10:00:00Z,batch-20260801-001
INV-000217,CONTRACT-000067,2026-04-01,2026-05-03,2026-05-13,857.54,741.37,861.09,137.52,723.57,OPEN,NULL,2026-05-06T10:00:00Z,2026-08-01T10:00:00Z,batch-20260801-001
INV-000218,CONTRACT-000068,2026-04-01,2026-05-03,2026-05-13,646.61,553.24,662.81,83.65,579.16,PAID,2026-05-10T13:00:00Z,2026-05-06T10:00:00Z,2026-08-01T10:00:00Z,batch-20260801-001
INV-000219,CONTRACT-000069,2026-04-01,2026-05-03,2026-05-13,332.31,309.9,367.37,44.05,323.32,PAID,2026-05-10T13:00:00Z,2026-05-06T10:00:00Z,2026-08-01T10:00:00Z,batch-20260801-001
INV-000220,CONTRACT-000070,2026-04-01,2026-05-03,2026-05-13,909.82,624.09,910.23,100.67,809.56,PAID,2026-05-10T13:00:00Z,2026-05-06T10:00:00Z,2026-08-01T10:00:00Z,batch-20260801-001
INV-000221,CONTRACT-000071,2026-04-01,2026-05-03,2026-05-13,1017.27,747.73,1011.23,129.13,882.1,PAID,2026-05-10T13:00:00Z,2026-05-06T10:00:00Z,2026-08-01T10:00:00Z,batch-20260801-001
INV-000222,CONTRACT-000072,2026-04-01,2026-05-03,2026-05-13,333.05,267.65,368.07,64.19,303.88,PAID,2026-05-10T13:00:00Z,2026-05-06T10:00:00Z,2026-08-01T10:00:00Z,batch-20260801-001
INV-000223,CONTRACT-000073,2026-04-01,2026-05-03,2026-05-13,826.01,731.01,831.45,114.32,717.13,PAID,2026-05-10T13:00:00Z,2026-05-06T10:00:00Z,2026-08-01T10:00:00Z,batch-20260801-001
INV-000224,CONTRACT-000074,2026-04-01,2026-05-03,2026-05-13,343.92,302.72,378.28,58.14,320.14,PAID,2026-05-10T13:00:00Z,2026-05-06T10:00:00Z,2026-08-01T10:00:00Z,batch-20260801-001
INV-000225,CONTRACT-000075,2026-04-01,2026-05-03,2026-05-13,911.27,792.84,911.59,151.6,759.99,PAID,2026-05-10T13:00:00Z,2026-05-06T10:00:00Z,2026-08-01T10:00:00Z,batch-20260801-001
INV-000226,CONTRACT-000076,2026-04-01,2026-05-03,2026-05-13,474.15,346.84,500.7,65.64,435.06,PAID,2026-05-10T13:00:00Z,2026-05-06T10:00:00Z,2026-08-01T10:00:00Z,batch-20260801-001
INV-000227,CONTRACT-000077,2026-04-01,2026-05-03,2026-05-13,1079.09,756.24,1069.34,176.12,893.22,PAID,2026-05-10T13:00:00Z,2026-05-06T10:00:00Z,2026-08-01T10:00:00Z,batch-20260801-001
INV-000228,CONTRACT-000078,2026-04-01,2026-05-03,2026-05-13,634.47,510.67,651.4,95.76,555.64,PAID,2026-05-10T13:00:00Z,2026-05-06T10:00:00Z,2026-08-01T10:00:00Z,batch-20260801-001
INV-000229,CONTRACT-000079,2026-04-01,2026-05-03,2026-05-13,705.01,513.18,717.71,137.23,580.48,PAID,2026-05-10T13:00:00Z,2026-05-06T10:00:00Z,2026-08-01T10:00:00Z,batch-20260801-001
INV-000230,CONTRACT-000080,2026-04-01,2026-05-03,2026-05-13,682.46,536.03,696.51,132.13,564.38,PAID,2026-05-10T13:00:00Z,2026-05-06T10:00:00Z,2026-08-01T10:00:00Z,batch-20260801-001
INV-000231,CONTRACT-000081,2026-04-01,2026-05-03,2026-05-13,568.55,510.04,589.44,88.77,500.67,PAID,2026-05-10T13:00:00Z,2026-05-06T10:00:00Z,2026-08-01T10:00:00Z,batch-20260801-001
INV-000232,CONTRACT-000082,2026-04-01,2026-05-03,2026-05-13,568.01,534.74,588.93,97.35,491.58,OPEN,NULL,2026-05-06T10:00:00Z,2026-08-01T10:00:00Z,batch-20260801-001
INV-000233,CONTRACT-000083,2026-04-01,2026-05-03,2026-05-13,606.53,560.19,625.14,73.45,551.69,PAID,2026-05-10T13:00:00Z,2026-05-06T10:00:00Z,2026-08-01T10:00:00Z,batch-20260801-001
INV-000234,CONTRACT-000084,2026-04-01,2026-05-03,2026-05-13,816.78,767.67,822.77,149.25,673.52,PAID,2026-05-10T13:00:00Z,2026-05-06T10:00:00Z,2026-08-01T10:00:00Z,batch-20260801-001
INV-000235,CONTRACT-000085,2026-04-01,2026-05-03,2026-05-13,756.6,517.76,766.2,111.02,655.18,PAID,2026-05-10T13:00:00Z,2026-05-06T10:00:00Z,2026-08-01T10:00:00Z,batch-20260801-001
INV-000236,CONTRACT-000086,2026-04-01,2026-05-03,2026-05-13,1335.73,957.71,1310.59,169.33,1141.26,PAID,2026-05-10T13:00:00Z,2026-05-06T10:00:00Z,2026-08-01T10:00:00Z,batch-20260801-001
INV-000237,CONTRACT-000087,2026-04-01,2026-05-03,2026-05-13,683.81,479.15,697.78,71.03,626.75,PAID,2026-05-10T13:00:00Z,2026-05-06T10:00:00Z,2026-08-01T10:00:00Z,batch-20260801-001
INV-000238,CONTRACT-000088,2026-04-01,2026-05-03,2026-05-13,694.69,672.39,708.01,79.16,628.85,PAID,2026-05-10T13:00:00Z,2026-05-06T10:00:00Z,2026-08-01T10:00:00Z,batch-20260801-001
INV-000239,CONTRACT-000089,2026-04-01,2026-05-03,2026-05-13,938.18,819.68,936.89,112.61,824.28,PAID,2026-05-10T13:00:00Z,2026-05-06T10:00:00Z,2026-08-01T10:00:00Z,batch-20260801-001
INV-000240,CONTRACT-000090,2026-04-01,2026-05-03,2026-05-13,685.97,591.82,699.81,123.87,575.94,PAID,2026-05-10T13:00:00Z,2026-05-06T10:00:00Z,2026-08-01T10:00:00Z,batch-20260801-001
INV-000241,CONTRACT-000091,2026-04-01,2026-05-03,2026-05-13,852.54,561.15,856.39,122.55,733.84,OPEN,NULL,2026-05-06T10:00:00Z,2026-08-01T10:00:00Z,batch-20260801-001
INV-000242,CONTRACT-000092,2026-04-01,2026-05-03,2026-05-13,561.17,531.79,582.5,63.43,519.07,PAID,2026-05-10T13:00:00Z,2026-05-06T10:00:00Z,2026-08-01T10:00:00Z,batch-20260801-001
INV-000243,CONTRACT-000093,2026-04-01,2026-05-03,2026-05-13,735.67,628.71,746.53,128.78,617.75,PAID,2026-05-10T13:00:00Z,2026-05-06T10:00:00Z,2026-08-01T10:00:00Z,batch-20260801-001
INV-000244,CONTRACT-000094,2026-04-01,2026-05-03,2026-05-13,872.26,791.77,874.92,95.98,778.94,PAID,2026-05-10T13:00:00Z,2026-05-06T10:00:00Z,2026-08-01T10:00:00Z,batch-20260801-001
INV-000245,CONTRACT-000095,2026-04-01,2026-05-03,2026-05-13,1245.07,833.81,1225.37,205.62,1019.75,PAID,2026-05-10T13:00:00Z,2026-05-06T10:00:00Z,2026-08-01T10:00:00Z,batch-20260801-001
INV-000246,CONTRACT-000096,2026-04-01,2026-05-03,2026-05-13,341.21,307.19,375.74,47.08,328.66,PAID,2026-05-10T13:00:00Z,2026-05-06T10:00:00Z,2026-08-01T10:00:00Z,batch-20260801-001
INV-000247,CONTRACT-000097,2026-04-01,2026-05-03,2026-05-13,833.97,651.26,838.93,154.36,684.57,PAID,2026-05-10T13:00:00Z,2026-05-06T10:00:00Z,2026-08-01T10:00:00Z,batch-20260801-001
INV-000248,CONTRACT-000098,2026-04-01,2026-05-03,2026-05-13,704.48,514.25,717.21,101.2,616.01,PAID,2026-05-10T13:00:00Z,2026-05-06T10:00:00Z,2026-08-01T10:00:00Z,batch-20260801-001
INV-000249,CONTRACT-000099,2026-04-01,2026-05-03,2026-05-13,520.91,397.67,544.66,84.04,460.62,PAID,2026-05-10T13:00:00Z,2026-05-06T10:00:00Z,2026-08-01T10:00:00Z,batch-20260801-001
INV-000250,CONTRACT-000100,2026-04-01,2026-05-03,2026-05-13,600.97,481.73,619.91,100.18,519.73,PAID,2026-05-10T13:00:00Z,2026-05-06T10:00:00Z,2026-08-01T10:00:00Z,batch-20260801-001
INV-000251,CONTRACT-000101,2026-04-01,2026-05-03,2026-05-13,263,201.35,302.22,36.63,265.59,PAID,2026-05-10T13:00:00Z,2026-05-06T10:00:00Z,2026-08-01T10:00:00Z,batch-20260801-001
INV-000252,CONTRACT-000102,2026-04-01,2026-05-03,2026-05-13,475.22,337.42,501.71,62.36,439.35,PAID,2026-05-10T13:00:00Z,2026-05-06T10:00:00Z,2026-08-01T10:00:00Z,batch-20260801-001
INV-000253,CONTRACT-000103,2026-04-01,2026-05-03,2026-05-13,683.67,500.06,697.65,136.88,560.77,PAID,2026-05-10T13:00:00Z,2026-05-06T10:00:00Z,2026-08-01T10:00:00Z,batch-20260801-001
INV-000254,CONTRACT-000104,2026-04-01,2026-05-03,2026-05-13,426.83,391.96,456.22,55.8,400.42,PAID,2026-05-10T13:00:00Z,2026-05-06T10:00:00Z,2026-08-01T10:00:00Z,batch-20260801-001
INV-000255,CONTRACT-000105,2026-04-01,2026-05-03,2026-05-13,761.72,631.41,771.02,117.04,653.98,PAID,2026-05-10T13:00:00Z,2026-05-06T10:00:00Z,2026-08-01T10:00:00Z,batch-20260801-001
INV-000256,CONTRACT-000106,2026-04-01,2026-05-03,2026-05-13,542.85,446.18,565.28,75.24,490.04,PAID,2026-05-10T13:00:00Z,2026-05-06T10:00:00Z,2026-08-01T10:00:00Z,batch-20260801-001
INV-000257,CONTRACT-000107,2026-04-01,2026-05-03,2026-05-13,625.14,510.59,642.63,106.87,535.76,PAID,2026-05-10T13:00:00Z,2026-05-06T10:00:00Z,2026-08-01T10:00:00Z,batch-20260801-001
INV-000258,CONTRACT-000108,2026-04-01,2026-05-03,2026-05-13,968.76,837.7,965.63,180.86,784.77,PAID,2026-05-10T13:00:00Z,2026-05-06T10:00:00Z,2026-08-01T10:00:00Z,batch-20260801-001
INV-000259,CONTRACT-000109,2026-04-01,2026-05-03,2026-05-13,649.36,447.77,665.4,85.37,580.03,OPEN,NULL,2026-05-06T10:00:00Z,2026-08-01T10:00:00Z,batch-20260801-001
INV-000260,CONTRACT-000110,2026-04-01,2026-05-03,2026-05-13,260.29,211.97,299.67,35.12,264.55,PAID,2026-05-10T13:00:00Z,2026-05-06T10:00:00Z,2026-08-01T10:00:00Z,batch-20260801-001
INV-000261,CONTRACT-000111,2026-04-01,2026-05-03,2026-05-13,859.69,612.35,863.11,150.87,712.24,PAID,2026-05-10T13:00:00Z,2026-05-06T10:00:00Z,2026-08-01T10:00:00Z,batch-20260801-001
INV-000262,CONTRACT-000112,2026-04-01,2026-05-03,2026-05-13,202.47,177.89,245.32,47.1,198.22,PAID,2026-05-10T13:00:00Z,2026-05-06T10:00:00Z,2026-08-01T10:00:00Z,batch-20260801-001
INV-000263,CONTRACT-000113,2026-04-01,2026-05-03,2026-05-13,484.17,369.89,510.12,61.21,448.91,PAID,2026-05-10T13:00:00Z,2026-05-06T10:00:00Z,2026-08-01T10:00:00Z,batch-20260801-001
INV-000264,CONTRACT-000114,2026-04-01,2026-05-03,2026-05-13,262.98,198.82,302.2,36.63,265.57,PAID,2026-05-10T13:00:00Z,2026-05-06T10:00:00Z,2026-08-01T10:00:00Z,batch-20260801-001
INV-000265,CONTRACT-000115,2026-04-01,2026-05-03,2026-05-13,1024.64,770.7,1018.16,194.06,824.1,PAID,2026-05-10T13:00:00Z,2026-05-06T10:00:00Z,2026-08-01T10:00:00Z,batch-20260801-001
INV-000266,CONTRACT-000116,2026-04-01,2026-05-03,2026-05-13,1056.56,838.27,1048.17,112.15,936.02,PAID,2026-05-10T13:00:00Z,2026-05-06T10:00:00Z,2026-08-01T10:00:00Z,batch-20260801-001
INV-000267,CONTRACT-000117,2026-04-01,2026-05-03,2026-05-13,256.42,239.01,296.03,43.43,252.6,PAID,2026-05-10T13:00:00Z,2026-05-06T10:00:00Z,2026-08-01T10:00:00Z,batch-20260801-001
INV-000268,CONTRACT-000118,2026-04-01,2026-05-03,2026-05-13,1196.64,883.42,1179.84,155.5,1024.34,PAID,2026-05-10T13:00:00Z,2026-05-06T10:00:00Z,2026-08-01T10:00:00Z,batch-20260801-001
INV-000269,CONTRACT-000119,2026-04-01,2026-05-03,2026-05-13,257.72,195.35,297.26,58.98,238.28,PAID,2026-05-10T13:00:00Z,2026-05-06T10:00:00Z,2026-08-01T10:00:00Z,batch-20260801-001
INV-000270,CONTRACT-000120,2026-04-01,2026-05-03,2026-05-13,823.71,724.42,829.29,98.19,731.1,PAID,2026-05-10T13:00:00Z,2026-05-06T10:00:00Z,2026-08-01T10:00:00Z,batch-20260801-001
INV-000271,CONTRACT-000121,2026-04-01,2026-05-03,2026-05-13,598.82,547.47,617.89,68.59,549.3,OPEN,NULL,2026-05-06T10:00:00Z,2026-08-01T10:00:00Z,batch-20260801-001
INV-000272,CONTRACT-000122,2026-04-01,2026-05-03,2026-05-13,1124.57,871.8,1112.1,184.39,927.71,PAID,2026-05-10T13:00:00Z,2026-05-06T10:00:00Z,2026-08-01T10:00:00Z,batch-20260801-001
INV-000273,CONTRACT-000123,2026-04-01,2026-05-03,2026-05-13,348.27,286.81,382.37,67.22,315.15,PAID,2026-05-10T13:00:00Z,2026-05-06T10:00:00Z,2026-08-01T10:00:00Z,batch-20260801-001
INV-000274,CONTRACT-000124,2026-04-01,2026-05-03,2026-05-13,969.83,740.93,966.64,97.82,868.82,PAID,2026-05-10T13:00:00Z,2026-05-06T10:00:00Z,2026-08-01T10:00:00Z,batch-20260801-001
INV-000275,CONTRACT-000125,2026-04-01,2026-05-03,2026-05-13,222.12,205.38,263.79,49.78,214.01,PAID,2026-05-10T13:00:00Z,2026-05-06T10:00:00Z,2026-08-01T10:00:00Z,batch-20260801-001
INV-000276,CONTRACT-000126,2026-04-01,2026-05-03,2026-05-13,938.7,865.45,937.38,133.67,803.71,PAID,2026-05-10T13:00:00Z,2026-05-06T10:00:00Z,2026-08-01T10:00:00Z,batch-20260801-001
INV-000277,CONTRACT-000127,2026-04-01,2026-05-03,2026-05-13,803.07,542.22,809.89,86.66,723.23,PAID,2026-05-10T13:00:00Z,2026-05-06T10:00:00Z,2026-08-01T10:00:00Z,batch-20260801-001
INV-000278,CONTRACT-000128,2026-04-01,2026-05-03,2026-05-13,679.12,503.83,693.37,138.6,554.77,PAID,2026-05-10T13:00:00Z,2026-05-06T10:00:00Z,2026-08-01T10:00:00Z,batch-20260801-001
INV-000279,CONTRACT-000129,2026-04-01,2026-05-03,2026-05-13,735.46,565.39,746.33,143.07,603.26,PAID,2026-05-10T13:00:00Z,2026-05-06T10:00:00Z,2026-08-01T10:00:00Z,batch-20260801-001
INV-000280,CONTRACT-000130,2026-04-01,2026-05-03,2026-05-13,357.21,242.59,390.78,44.55,346.23,OPEN,NULL,2026-05-06T10:00:00Z,2026-08-01T10:00:00Z,batch-20260801-001
INV-000281,CONTRACT-000131,2026-04-01,2026-05-03,2026-05-13,991.66,787.22,987.16,125.76,861.4,PAID,2026-05-10T13:00:00Z,2026-05-06T10:00:00Z,2026-08-01T10:00:00Z,batch-20260801-001
INV-000282,CONTRACT-000132,2026-04-01,2026-05-03,2026-05-13,769.72,769.72,778.54,131.03,647.51,PAID,2026-05-10T13:00:00Z,2026-05-06T10:00:00Z,2026-08-01T10:00:00Z,batch-20260801-001
INV-000283,CONTRACT-000133,2026-04-01,2026-05-03,2026-05-13,844.19,765.23,848.54,107,741.54,PAID,2026-05-10T13:00:00Z,2026-05-06T10:00:00Z,2026-08-01T10:00:00Z,batch-20260801-001
INV-000284,CONTRACT-000134,2026-04-01,2026-05-03,2026-05-13,1220.89,835.92,1202.64,129.76,1072.88,PAID,2026-05-10T13:00:00Z,2026-05-06T10:00:00Z,2026-08-01T10:00:00Z,batch-20260801-001
INV-000285,CONTRACT-000135,2026-04-01,2026-05-03,2026-05-13,350.77,233.82,384.72,76.06,308.66,PAID,2026-05-10T13:00:00Z,2026-05-06T10:00:00Z,2026-08-01T10:00:00Z,batch-20260801-001
INV-000286,CONTRACT-000136,2026-04-01,2026-05-03,2026-05-13,968.34,791.83,965.24,122.01,843.23,PAID,2026-05-10T13:00:00Z,2026-05-06T10:00:00Z,2026-08-01T10:00:00Z,batch-20260801-001
INV-000287,CONTRACT-000137,2026-04-01,2026-05-03,2026-05-13,918.99,918.99,918.85,97.21,821.64,PAID,2026-05-10T13:00:00Z,2026-05-06T10:00:00Z,2026-08-01T10:00:00Z,batch-20260801-001
INV-000288,CONTRACT-000138,2026-04-01,2026-05-03,2026-05-13,353.09,250.06,386.9,58.19,328.71,PAID,2026-05-10T13:00:00Z,2026-05-06T10:00:00Z,2026-08-01T10:00:00Z,batch-20260801-001
INV-000289,CONTRACT-000139,2026-04-01,2026-05-03,2026-05-13,323.64,249.79,359.22,59.95,299.27,PAID,2026-05-10T13:00:00Z,2026-05-06T10:00:00Z,2026-08-01T10:00:00Z,batch-20260801-001
INV-000290,CONTRACT-000140,2026-04-01,2026-05-03,2026-05-13,414.44,379.25,444.57,56.77,387.8,PAID,2026-05-10T13:00:00Z,2026-05-06T10:00:00Z,2026-08-01T10:00:00Z,batch-20260801-001
INV-000291,CONTRACT-000141,2026-04-01,2026-05-03,2026-05-13,694.77,618.45,708.08,100.69,607.39,PAID,2026-05-10T13:00:00Z,2026-05-06T10:00:00Z,2026-08-01T10:00:00Z,batch-20260801-001
INV-000292,CONTRACT-000142,2026-04-01,2026-05-03,2026-05-13,694.59,469.21,707.91,101.59,606.32,PAID,2026-05-10T13:00:00Z,2026-05-06T10:00:00Z,2026-08-01T10:00:00Z,batch-20260801-001
INV-000293,CONTRACT-000143,2026-04-01,2026-05-03,2026-05-13,301.97,242.5,338.85,48.42,290.43,PAID,2026-05-10T13:00:00Z,2026-05-06T10:00:00Z,2026-08-01T10:00:00Z,batch-20260801-001
INV-000294,CONTRACT-000144,2026-04-01,2026-05-03,2026-05-13,871.19,858.33,873.92,110.99,762.93,PAID,2026-05-10T13:00:00Z,2026-05-06T10:00:00Z,2026-08-01T10:00:00Z,batch-20260801-001
INV-000295,CONTRACT-000145,2026-04-01,2026-05-03,2026-05-13,270.96,237.2,309.7,45.99,263.71,OPEN,NULL,2026-05-06T10:00:00Z,2026-08-01T10:00:00Z,batch-20260801-001
INV-000296,CONTRACT-000146,2026-04-01,2026-05-03,2026-05-13,1029.53,685.52,1022.76,102.38,920.38,PAID,2026-05-10T13:00:00Z,2026-05-06T10:00:00Z,2026-08-01T10:00:00Z,batch-20260801-001
INV-000297,CONTRACT-000147,2026-04-01,2026-05-03,2026-05-13,412.73,391.13,442.97,59.14,383.83,PAID,2026-05-10T13:00:00Z,2026-05-06T10:00:00Z,2026-08-01T10:00:00Z,batch-20260801-001
INV-000298,CONTRACT-000148,2026-04-01,2026-05-03,2026-05-13,392.09,323.75,423.56,78.66,344.9,PAID,2026-05-10T13:00:00Z,2026-05-06T10:00:00Z,2026-08-01T10:00:00Z,batch-20260801-001
INV-000299,CONTRACT-000149,2026-04-01,2026-05-03,2026-05-13,929.33,926.21,928.57,166.03,762.54,PAID,2026-05-10T13:00:00Z,2026-05-06T10:00:00Z,2026-08-01T10:00:00Z,batch-20260801-001
INV-000300,CONTRACT-000150,2026-04-01,2026-05-03,2026-05-13,336.54,246.1,371.35,59.27,312.08,OPEN,NULL,2026-05-06T10:00:00Z,2026-08-01T10:00:00Z,batch-20260801-001
INV-000301,CONTRACT-000001,2026-05-01,2026-06-02,2026-06-12,1167.43,905.52,1152.38,143.93,1008.45,PAID,2026-06-09T13:00:00Z,2026-06-05T10:00:00Z,2026-08-01T10:00:00Z,batch-20260801-001
INV-000302,CONTRACT-000002,2026-05-01,2026-06-02,2026-06-12,677.33,677.33,691.69,96.91,594.78,PAID,2026-06-09T13:00:00Z,2026-06-05T10:00:00Z,2026-08-01T10:00:00Z,batch-20260801-001
INV-000303,CONTRACT-000003,2026-05-01,2026-06-02,2026-06-12,308.71,278.68,345.19,36.24,308.95,PAID,2026-06-09T13:00:00Z,2026-06-05T10:00:00Z,2026-08-01T10:00:00Z,batch-20260801-001
INV-000304,CONTRACT-000004,2026-05-01,2026-06-02,2026-06-12,1049.42,861.23,1041.45,132.78,908.67,PAID,2026-06-09T13:00:00Z,2026-06-05T10:00:00Z,2026-08-01T10:00:00Z,batch-20260801-001
INV-000305,CONTRACT-000005,2026-05-01,2026-06-02,2026-06-12,770.39,577.26,779.17,154.59,624.58,PAID,2026-06-09T13:00:00Z,2026-06-05T10:00:00Z,2026-08-01T10:00:00Z,batch-20260801-001
INV-000306,CONTRACT-000006,2026-05-01,2026-06-02,2026-06-12,542.15,440.66,564.62,104.96,459.66,OPEN,NULL,2026-06-05T10:00:00Z,2026-08-01T10:00:00Z,batch-20260801-001
INV-000307,CONTRACT-000007,2026-05-01,2026-06-02,2026-06-12,452.21,418.66,480.08,71.87,408.21,PAID,2026-06-09T13:00:00Z,2026-06-05T10:00:00Z,2026-08-01T10:00:00Z,batch-20260801-001
INV-000308,CONTRACT-000008,2026-05-01,2026-06-02,2026-06-12,242.88,202.66,283.31,45.33,237.98,PAID,2026-06-09T13:00:00Z,2026-06-05T10:00:00Z,2026-08-01T10:00:00Z,batch-20260801-001
INV-000309,CONTRACT-000009,2026-05-01,2026-06-02,2026-06-12,529.26,481.57,552.5,96.36,456.14,PAID,2026-06-09T13:00:00Z,2026-06-05T10:00:00Z,2026-08-01T10:00:00Z,batch-20260801-001
INV-000310,CONTRACT-000010,2026-05-01,2026-06-02,2026-06-12,495.91,455.12,521.16,57.48,463.68,PAID,2026-06-09T13:00:00Z,2026-06-05T10:00:00Z,2026-08-01T10:00:00Z,batch-20260801-001
INV-000311,CONTRACT-000011,2026-05-01,2026-06-02,2026-06-12,739.19,550.17,749.84,80.98,668.86,PAID,2026-06-09T13:00:00Z,2026-06-05T10:00:00Z,2026-08-01T10:00:00Z,batch-20260801-001
INV-000312,CONTRACT-000012,2026-05-01,2026-06-02,2026-06-12,794.02,607.14,801.38,98.89,702.49,PAID,2026-06-09T13:00:00Z,2026-06-05T10:00:00Z,2026-08-01T10:00:00Z,batch-20260801-001
INV-000313,CONTRACT-000013,2026-05-01,2026-06-02,2026-06-12,474.37,474.37,500.91,51.24,449.67,PAID,2026-06-09T13:00:00Z,2026-06-05T10:00:00Z,2026-08-01T10:00:00Z,batch-20260801-001
INV-000314,CONTRACT-000014,2026-05-01,2026-06-02,2026-06-12,1182.11,1045.96,1166.18,121.17,1045.01,PAID,2026-06-09T13:00:00Z,2026-06-05T10:00:00Z,2026-08-01T10:00:00Z,batch-20260801-001
INV-000315,CONTRACT-000015,2026-05-01,2026-06-02,2026-06-12,611.65,574.26,629.95,67.4,562.55,PAID,2026-06-09T13:00:00Z,2026-06-05T10:00:00Z,2026-08-01T10:00:00Z,batch-20260801-001
INV-000316,CONTRACT-000016,2026-05-01,2026-06-02,2026-06-12,505.88,378.26,530.53,73.58,456.95,PAID,2026-06-09T13:00:00Z,2026-06-05T10:00:00Z,2026-08-01T10:00:00Z,batch-20260801-001
INV-000317,CONTRACT-000017,2026-05-01,2026-06-02,2026-06-12,1241.45,957.48,1221.96,226.31,995.65,OPEN,NULL,2026-06-05T10:00:00Z,2026-08-01T10:00:00Z,batch-20260801-001
INV-000318,CONTRACT-000018,2026-05-01,2026-06-02,2026-06-12,452.24,417.16,480.11,85.08,395.03,PAID,2026-06-09T13:00:00Z,2026-06-05T10:00:00Z,2026-08-01T10:00:00Z,batch-20260801-001
INV-000319,CONTRACT-000019,2026-05-01,2026-06-02,2026-06-12,564.29,479.75,585.43,107.78,477.65,PAID,2026-06-09T13:00:00Z,2026-06-05T10:00:00Z,2026-08-01T10:00:00Z,batch-20260801-001
INV-000320,CONTRACT-000020,2026-05-01,2026-06-02,2026-06-12,741.28,614.4,751.8,95.4,656.4,PAID,2026-06-09T13:00:00Z,2026-06-05T10:00:00Z,2026-08-01T10:00:00Z,batch-20260801-001
INV-000321,CONTRACT-000021,2026-05-01,2026-06-02,2026-06-12,440.13,432.59,468.72,47.48,421.24,PAID,2026-06-09T13:00:00Z,2026-06-05T10:00:00Z,2026-08-01T10:00:00Z,batch-20260801-001
INV-000322,CONTRACT-000022,2026-05-01,2026-06-02,2026-06-12,812.26,634.82,818.52,128.84,689.68,PAID,2026-06-09T13:00:00Z,2026-06-05T10:00:00Z,2026-08-01T10:00:00Z,batch-20260801-001
INV-000323,CONTRACT-000023,2026-05-01,2026-06-02,2026-06-12,398.25,365.03,429.35,56.03,373.32,PAID,2026-06-09T13:00:00Z,2026-06-05T10:00:00Z,2026-08-01T10:00:00Z,batch-20260801-001
INV-000324,CONTRACT-000024,2026-05-01,2026-06-02,2026-06-12,256.76,185.88,296.35,55.98,240.37,PAID,2026-06-09T13:00:00Z,2026-06-05T10:00:00Z,2026-08-01T10:00:00Z,batch-20260801-001
INV-000325,CONTRACT-000025,2026-05-01,2026-06-02,2026-06-12,1215.42,949.31,1197.49,148.85,1048.64,PAID,2026-06-09T13:00:00Z,2026-06-05T10:00:00Z,2026-08-01T10:00:00Z,batch-20260801-001
INV-000326,CONTRACT-000026,2026-05-01,2026-06-02,2026-06-12,546.02,521.05,568.26,81.26,487,OPEN,NULL,2026-06-05T10:00:00Z,2026-08-01T10:00:00Z,batch-20260801-001
INV-000327,CONTRACT-000027,2026-05-01,2026-06-02,2026-06-12,867.61,663.41,870.55,139.9,730.65,PAID,2026-06-09T13:00:00Z,2026-06-05T10:00:00Z,2026-08-01T10:00:00Z,batch-20260801-001
INV-000328,CONTRACT-000028,2026-05-01,2026-06-02,2026-06-12,677.98,629.33,692.3,109.24,583.06,PAID,2026-06-09T13:00:00Z,2026-06-05T10:00:00Z,2026-08-01T10:00:00Z,batch-20260801-001
INV-000329,CONTRACT-000029,2026-05-01,2026-06-02,2026-06-12,798.31,689.79,805.41,97.13,708.28,PAID,2026-06-09T13:00:00Z,2026-06-05T10:00:00Z,2026-08-01T10:00:00Z,batch-20260801-001
INV-000330,CONTRACT-000030,2026-05-01,2026-06-02,2026-06-12,1012.65,730.86,1006.89,144.09,862.8,PAID,2026-06-09T13:00:00Z,2026-06-05T10:00:00Z,2026-08-01T10:00:00Z,batch-20260801-001
INV-000331,CONTRACT-000031,2026-05-01,2026-06-02,2026-06-12,607.21,607.21,625.78,104.94,520.84,PAID,2026-06-09T13:00:00Z,2026-06-05T10:00:00Z,2026-08-01T10:00:00Z,batch-20260801-001
INV-000332,CONTRACT-000032,2026-05-01,2026-06-02,2026-06-12,808.05,649.34,814.57,120.56,694.01,PAID,2026-06-09T13:00:00Z,2026-06-05T10:00:00Z,2026-08-01T10:00:00Z,batch-20260801-001
INV-000333,CONTRACT-000033,2026-05-01,2026-06-02,2026-06-12,966.55,873.65,963.56,168.62,794.94,PAID,2026-06-09T13:00:00Z,2026-06-05T10:00:00Z,2026-08-01T10:00:00Z,batch-20260801-001
INV-000334,CONTRACT-000034,2026-05-01,2026-06-02,2026-06-12,722.85,709.23,734.48,89.61,644.87,PAID,2026-06-09T13:00:00Z,2026-06-05T10:00:00Z,2026-08-01T10:00:00Z,batch-20260801-001
INV-000335,CONTRACT-000035,2026-05-01,2026-06-02,2026-06-12,482.88,347.04,508.91,74.4,434.51,PAID,2026-06-09T13:00:00Z,2026-06-05T10:00:00Z,2026-08-01T10:00:00Z,batch-20260801-001
INV-000336,CONTRACT-000036,2026-05-01,2026-06-02,2026-06-12,1106.73,867.99,1095.33,213.48,881.85,PAID,2026-06-09T13:00:00Z,2026-06-05T10:00:00Z,2026-08-01T10:00:00Z,batch-20260801-001
INV-000337,CONTRACT-000037,2026-05-01,2026-06-02,2026-06-12,704.41,569.16,717.15,142,575.15,PAID,2026-06-09T13:00:00Z,2026-06-05T10:00:00Z,2026-08-01T10:00:00Z,batch-20260801-001
INV-000338,CONTRACT-000038,2026-05-01,2026-06-02,2026-06-12,633.3,469.81,650.3,92.47,557.83,PAID,2026-06-09T13:00:00Z,2026-06-05T10:00:00Z,2026-08-01T10:00:00Z,batch-20260801-001
INV-000339,CONTRACT-000039,2026-05-01,2026-06-02,2026-06-12,292.32,253.73,329.78,42.38,287.4,OPEN,NULL,2026-06-05T10:00:00Z,2026-08-01T10:00:00Z,batch-20260801-001
INV-000340,CONTRACT-000040,2026-05-01,2026-06-02,2026-06-12,599.32,377.13,618.36,119.53,498.83,PAID,2026-06-09T13:00:00Z,2026-06-05T10:00:00Z,2026-08-01T10:00:00Z,batch-20260801-001
INV-000341,CONTRACT-000041,2026-05-01,2026-06-02,2026-06-12,855.47,627,859.14,139.18,719.96,PAID,2026-06-09T13:00:00Z,2026-06-05T10:00:00Z,2026-08-01T10:00:00Z,batch-20260801-001
INV-000342,CONTRACT-000042,2026-05-01,2026-06-02,2026-06-12,697.78,641.82,710.91,128.03,582.88,PAID,2026-06-09T13:00:00Z,2026-06-05T10:00:00Z,2026-08-01T10:00:00Z,batch-20260801-001
INV-000343,CONTRACT-000043,2026-05-01,2026-06-02,2026-06-12,956.43,660.35,954.04,179.36,774.68,PAID,2026-06-09T13:00:00Z,2026-06-05T10:00:00Z,2026-08-01T10:00:00Z,batch-20260801-001
INV-000344,CONTRACT-000044,2026-05-01,2026-06-02,2026-06-12,517.02,466.71,541,90.73,450.27,PAID,2026-06-09T13:00:00Z,2026-06-05T10:00:00Z,2026-08-01T10:00:00Z,batch-20260801-001
INV-000345,CONTRACT-000045,2026-05-01,2026-06-02,2026-06-12,1221.59,925.02,1203.29,193.25,1010.04,PAID,2026-06-09T13:00:00Z,2026-06-05T10:00:00Z,2026-08-01T10:00:00Z,batch-20260801-001
INV-000346,CONTRACT-000046,2026-05-01,2026-06-02,2026-06-12,938.2,816.05,936.91,174.55,762.36,PAID,2026-06-09T13:00:00Z,2026-06-05T10:00:00Z,2026-08-01T10:00:00Z,batch-20260801-001
INV-000347,CONTRACT-000047,2026-05-01,2026-06-02,2026-06-12,945.88,923.58,944.13,126.7,817.43,PAID,2026-06-09T13:00:00Z,2026-06-05T10:00:00Z,2026-08-01T10:00:00Z,batch-20260801-001
INV-000348,CONTRACT-000048,2026-05-01,2026-06-02,2026-06-12,534.33,509.77,557.27,81.25,476.02,PAID,2026-06-09T13:00:00Z,2026-06-05T10:00:00Z,2026-08-01T10:00:00Z,batch-20260801-001
INV-000349,CONTRACT-000049,2026-05-01,2026-06-02,2026-06-12,503.19,366.07,528,59.88,468.12,PAID,2026-06-09T13:00:00Z,2026-06-05T10:00:00Z,2026-08-01T10:00:00Z,batch-20260801-001
INV-000350,CONTRACT-000050,2026-05-01,2026-06-02,2026-06-12,754.12,592.5,763.87,145.75,618.12,PAID,2026-06-09T13:00:00Z,2026-06-05T10:00:00Z,2026-08-01T10:00:00Z,batch-20260801-001
INV-000351,CONTRACT-000051,2026-05-01,2026-06-02,2026-06-12,942.88,787.41,941.31,97.99,843.32,PAID,2026-06-09T13:00:00Z,2026-06-05T10:00:00Z,2026-08-01T10:00:00Z,batch-20260801-001
INV-000352,CONTRACT-000052,2026-05-01,2026-06-02,2026-06-12,562.23,507.6,583.5,60.28,523.22,PAID,2026-06-09T13:00:00Z,2026-06-05T10:00:00Z,2026-08-01T10:00:00Z,batch-20260801-001
INV-000353,CONTRACT-000053,2026-05-01,2026-06-02,2026-06-12,994.5,936.01,989.83,169.85,819.98,PAID,2026-06-09T13:00:00Z,2026-06-05T10:00:00Z,2026-08-01T10:00:00Z,batch-20260801-001
INV-000354,CONTRACT-000054,2026-05-01,2026-06-02,2026-06-12,321.55,316.58,357.26,47.91,309.35,PAID,2026-06-09T13:00:00Z,2026-06-05T10:00:00Z,2026-08-01T10:00:00Z,batch-20260801-001
INV-000355,CONTRACT-000055,2026-05-01,2026-06-02,2026-06-12,235.64,235.64,276.5,53.75,222.75,PAID,2026-06-09T13:00:00Z,2026-06-05T10:00:00Z,2026-08-01T10:00:00Z,batch-20260801-001
INV-000356,CONTRACT-000056,2026-05-01,2026-06-02,2026-06-12,903.56,628.52,904.35,165.04,739.31,PAID,2026-06-09T13:00:00Z,2026-06-05T10:00:00Z,2026-08-01T10:00:00Z,batch-20260801-001
INV-000357,CONTRACT-000057,2026-05-01,2026-06-02,2026-06-12,247.18,224.47,287.35,54.02,233.33,PAID,2026-06-09T13:00:00Z,2026-06-05T10:00:00Z,2026-08-01T10:00:00Z,batch-20260801-001
INV-000358,CONTRACT-000058,2026-05-01,2026-06-02,2026-06-12,745.42,713.98,755.69,120.76,634.93,PAID,2026-06-09T13:00:00Z,2026-06-05T10:00:00Z,2026-08-01T10:00:00Z,batch-20260801-001
INV-000359,CONTRACT-000059,2026-05-01,2026-06-02,2026-06-12,1137.82,1021.53,1124.55,158.79,965.76,PAID,2026-06-09T13:00:00Z,2026-06-05T10:00:00Z,2026-08-01T10:00:00Z,batch-20260801-001
INV-000360,CONTRACT-000060,2026-05-01,2026-06-02,2026-06-12,1059.09,831.19,1050.54,131.53,919.01,PAID,2026-06-09T13:00:00Z,2026-06-05T10:00:00Z,2026-08-01T10:00:00Z,batch-20260801-001
INV-000361,CONTRACT-000061,2026-05-01,2026-06-02,2026-06-12,1210.75,909.12,1193.11,141.86,1051.25,PAID,2026-06-09T13:00:00Z,2026-06-05T10:00:00Z,2026-08-01T10:00:00Z,batch-20260801-001
INV-000362,CONTRACT-000062,2026-05-01,2026-06-02,2026-06-12,736.96,736.96,747.74,148.73,599.01,PAID,2026-06-09T13:00:00Z,2026-06-05T10:00:00Z,2026-08-01T10:00:00Z,batch-20260801-001
INV-000363,CONTRACT-000063,2026-05-01,2026-06-02,2026-06-12,642.5,408.26,658.95,89.22,569.73,PAID,2026-06-09T13:00:00Z,2026-06-05T10:00:00Z,2026-08-01T10:00:00Z,batch-20260801-001
INV-000364,CONTRACT-000064,2026-05-01,2026-06-02,2026-06-12,563.27,385.62,584.47,86.27,498.2,OPEN,NULL,2026-06-05T10:00:00Z,2026-08-01T10:00:00Z,batch-20260801-001
INV-000365,CONTRACT-000065,2026-05-01,2026-06-02,2026-06-12,750.21,524.18,760.2,136.08,624.12,PAID,2026-06-09T13:00:00Z,2026-06-05T10:00:00Z,2026-08-01T10:00:00Z,batch-20260801-001
INV-000366,CONTRACT-000066,2026-05-01,2026-06-02,2026-06-12,342.47,305.6,376.92,41.2,335.72,PAID,2026-06-09T13:00:00Z,2026-06-05T10:00:00Z,2026-08-01T10:00:00Z,batch-20260801-001
INV-000367,CONTRACT-000067,2026-05-01,2026-06-02,2026-06-12,769.05,662.5,777.91,124.23,653.68,PAID,2026-06-09T13:00:00Z,2026-06-05T10:00:00Z,2026-08-01T10:00:00Z,batch-20260801-001
INV-000368,CONTRACT-000068,2026-05-01,2026-06-02,2026-06-12,573.29,531.32,593.89,74.95,518.94,PAID,2026-06-09T13:00:00Z,2026-06-05T10:00:00Z,2026-08-01T10:00:00Z,batch-20260801-001
INV-000369,CONTRACT-000069,2026-05-01,2026-06-02,2026-06-12,314.2,286.32,350.35,42.01,308.34,PAID,2026-06-09T13:00:00Z,2026-06-05T10:00:00Z,2026-08-01T10:00:00Z,batch-20260801-001
INV-000370,CONTRACT-000070,2026-05-01,2026-06-02,2026-06-12,908.76,617.1,909.23,100.56,808.67,PAID,2026-06-09T13:00:00Z,2026-06-05T10:00:00Z,2026-08-01T10:00:00Z,batch-20260801-001
INV-000371,CONTRACT-000071,2026-05-01,2026-06-02,2026-06-12,994.84,734.68,990.15,126.44,863.71,OPEN,NULL,2026-06-05T10:00:00Z,2026-08-01T10:00:00Z,batch-20260801-001
INV-000372,CONTRACT-000072,2026-05-01,2026-06-02,2026-06-12,339.99,264.7,374.59,65.33,309.26,PAID,2026-06-09T13:00:00Z,2026-06-05T10:00:00Z,2026-08-01T10:00:00Z,batch-20260801-001
INV-000373,CONTRACT-000073,2026-05-01,2026-06-02,2026-06-12,929.76,638.86,928.97,127.73,801.24,PAID,2026-06-09T13:00:00Z,2026-06-05T10:00:00Z,2026-08-01T10:00:00Z,batch-20260801-001
INV-000374,CONTRACT-000074,2026-05-01,2026-06-02,2026-06-12,455.24,294.39,482.93,74.23,408.7,PAID,2026-06-09T13:00:00Z,2026-06-05T10:00:00Z,2026-08-01T10:00:00Z,batch-20260801-001
INV-000375,CONTRACT-000075,2026-05-01,2026-06-02,2026-06-12,795.79,789.19,803.04,133.55,669.49,PAID,2026-06-09T13:00:00Z,2026-06-05T10:00:00Z,2026-08-01T10:00:00Z,batch-20260801-001
INV-000376,CONTRACT-000076,2026-05-01,2026-06-02,2026-06-12,503.61,359.65,528.39,69.27,459.12,PAID,2026-06-09T13:00:00Z,2026-06-05T10:00:00Z,2026-08-01T10:00:00Z,batch-20260801-001
INV-000377,CONTRACT-000077,2026-05-01,2026-06-02,2026-06-12,1047.19,691.21,1039.36,171.18,868.18,OPEN,NULL,2026-06-05T10:00:00Z,2026-08-01T10:00:00Z,batch-20260801-001
INV-000378,CONTRACT-000078,2026-05-01,2026-06-02,2026-06-12,582.78,550.49,602.81,88.61,514.2,PAID,2026-06-09T13:00:00Z,2026-06-05T10:00:00Z,2026-08-01T10:00:00Z,batch-20260801-001
INV-000379,CONTRACT-000079,2026-05-01,2026-06-02,2026-06-12,767.42,597.55,776.37,148.44,627.93,PAID,2026-06-09T13:00:00Z,2026-06-05T10:00:00Z,2026-08-01T10:00:00Z,batch-20260801-001
INV-000380,CONTRACT-000080,2026-05-01,2026-06-02,2026-06-12,620.02,471.26,637.82,120.99,516.83,PAID,2026-06-09T13:00:00Z,2026-06-05T10:00:00Z,2026-08-01T10:00:00Z,batch-20260801-001
INV-000381,CONTRACT-000081,2026-05-01,2026-06-02,2026-06-12,539.75,539.75,562.37,84.69,477.68,PAID,2026-06-09T13:00:00Z,2026-06-05T10:00:00Z,2026-08-01T10:00:00Z,batch-20260801-001
INV-000382,CONTRACT-000082,2026-05-01,2026-06-02,2026-06-12,557.75,503.7,579.28,95.75,483.53,PAID,2026-06-09T13:00:00Z,2026-06-05T10:00:00Z,2026-08-01T10:00:00Z,batch-20260801-001
INV-000383,CONTRACT-000083,2026-05-01,2026-06-02,2026-06-12,578.73,527.3,599.01,70.38,528.63,PAID,2026-06-09T13:00:00Z,2026-06-05T10:00:00Z,2026-08-01T10:00:00Z,batch-20260801-001
INV-000384,CONTRACT-000084,2026-05-01,2026-06-02,2026-06-12,1094.62,728.68,1083.94,196.63,887.31,PAID,2026-06-09T13:00:00Z,2026-06-05T10:00:00Z,2026-08-01T10:00:00Z,batch-20260801-001
INV-000385,CONTRACT-000085,2026-05-01,2026-06-02,2026-06-12,752.86,516.06,762.69,110.51,652.18,OPEN,NULL,2026-06-05T10:00:00Z,2026-08-01T10:00:00Z,batch-20260801-001
INV-000386,CONTRACT-000086,2026-05-01,2026-06-02,2026-06-12,1323.02,1052.74,1298.64,167.78,1130.86,PAID,2026-06-09T13:00:00Z,2026-06-05T10:00:00Z,2026-08-01T10:00:00Z,batch-20260801-001
INV-000387,CONTRACT-000087,2026-05-01,2026-06-02,2026-06-12,567,488.95,587.98,59.86,528.12,PAID,2026-06-09T13:00:00Z,2026-06-05T10:00:00Z,2026-08-01T10:00:00Z,batch-20260801-001
INV-000388,CONTRACT-000088,2026-05-01,2026-06-02,2026-06-12,650.75,623.93,666.7,74.54,592.16,PAID,2026-06-09T13:00:00Z,2026-06-05T10:00:00Z,2026-08-01T10:00:00Z,batch-20260801-001
INV-000389,CONTRACT-000089,2026-05-01,2026-06-02,2026-06-12,1243.22,870.59,1223.63,147.08,1076.55,PAID,2026-06-09T13:00:00Z,2026-06-05T10:00:00Z,2026-08-01T10:00:00Z,batch-20260801-001
INV-000390,CONTRACT-000090,2026-05-01,2026-06-02,2026-06-12,667.43,651.91,682.38,120.78,561.6,PAID,2026-06-09T13:00:00Z,2026-06-05T10:00:00Z,2026-08-01T10:00:00Z,batch-20260801-001
INV-000391,CONTRACT-000091,2026-05-01,2026-06-02,2026-06-12,782.8,606.05,790.83,113.17,677.66,PAID,2026-06-09T13:00:00Z,2026-06-05T10:00:00Z,2026-08-01T10:00:00Z,batch-20260801-001
INV-000392,CONTRACT-000092,2026-05-01,2026-06-02,2026-06-12,584.42,488.82,604.35,65.81,538.54,PAID,2026-06-09T13:00:00Z,2026-06-05T10:00:00Z,2026-08-01T10:00:00Z,batch-20260801-001
INV-000393,CONTRACT-000093,2026-05-01,2026-06-02,2026-06-12,601.89,521.54,620.78,107.08,513.7,PAID,2026-06-09T13:00:00Z,2026-06-05T10:00:00Z,2026-08-01T10:00:00Z,batch-20260801-001
INV-000394,CONTRACT-000094,2026-05-01,2026-06-02,2026-06-12,729.83,631.01,741.04,81.29,659.75,PAID,2026-06-09T13:00:00Z,2026-06-05T10:00:00Z,2026-08-01T10:00:00Z,batch-20260801-001
INV-000395,CONTRACT-000095,2026-05-01,2026-06-02,2026-06-12,1242.04,957.58,1222.52,205.14,1017.38,PAID,2026-06-09T13:00:00Z,2026-06-05T10:00:00Z,2026-08-01T10:00:00Z,batch-20260801-001
INV-000396,CONTRACT-000096,2026-05-01,2026-06-02,2026-06-12,432.53,330.78,461.58,57.84,403.74,PAID,2026-06-09T13:00:00Z,2026-06-05T10:00:00Z,2026-08-01T10:00:00Z,batch-20260801-001
INV-000397,CONTRACT-000097,2026-05-01,2026-06-02,2026-06-12,882.41,613.09,884.47,162.74,721.73,PAID,2026-06-09T13:00:00Z,2026-06-05T10:00:00Z,2026-08-01T10:00:00Z,batch-20260801-001
INV-000398,CONTRACT-000098,2026-05-01,2026-06-02,2026-06-12,692.86,518.89,706.29,99.66,606.63,PAID,2026-06-09T13:00:00Z,2026-06-05T10:00:00Z,2026-08-01T10:00:00Z,batch-20260801-001
INV-000399,CONTRACT-000099,2026-05-01,2026-06-02,2026-06-12,543.32,413.88,565.72,87.29,478.43,PAID,2026-06-09T13:00:00Z,2026-06-05T10:00:00Z,2026-08-01T10:00:00Z,batch-20260801-001
INV-000400,CONTRACT-000100,2026-05-01,2026-06-02,2026-06-12,519.9,434.79,543.71,87.86,455.85,OPEN,NULL,2026-06-05T10:00:00Z,2026-08-01T10:00:00Z,batch-20260801-001
INV-000401,CONTRACT-000101,2026-05-01,2026-06-02,2026-06-12,277.78,183.41,316.11,38.31,277.8,PAID,2026-06-09T13:00:00Z,2026-06-05T10:00:00Z,2026-08-01T10:00:00Z,batch-20260801-001
INV-000402,CONTRACT-000102,2026-05-01,2026-06-02,2026-06-12,405.26,354.95,435.94,54.19,381.75,PAID,2026-06-09T13:00:00Z,2026-06-05T10:00:00Z,2026-08-01T10:00:00Z,batch-20260801-001
INV-000403,CONTRACT-000103,2026-05-01,2026-06-02,2026-06-12,652.04,560.11,667.92,131.05,536.87,PAID,2026-06-09T13:00:00Z,2026-06-05T10:00:00Z,2026-08-01T10:00:00Z,batch-20260801-001
INV-000404,CONTRACT-000104,2026-05-01,2026-06-02,2026-06-12,463.83,343.13,491,60.05,430.95,PAID,2026-06-09T13:00:00Z,2026-06-05T10:00:00Z,2026-08-01T10:00:00Z,batch-20260801-001
INV-000405,CONTRACT-000105,2026-05-01,2026-06-02,2026-06-12,859.52,720.63,862.95,131,731.95,PAID,2026-06-09T13:00:00Z,2026-06-05T10:00:00Z,2026-08-01T10:00:00Z,batch-20260801-001
INV-000406,CONTRACT-000106,2026-05-01,2026-06-02,2026-06-12,622.32,543.7,639.98,85.18,554.8,PAID,2026-06-09T13:00:00Z,2026-06-05T10:00:00Z,2026-08-01T10:00:00Z,batch-20260801-001
INV-000407,CONTRACT-000107,2026-05-01,2026-06-02,2026-06-12,661.3,487.1,676.62,112.52,564.1,PAID,2026-06-09T13:00:00Z,2026-06-05T10:00:00Z,2026-08-01T10:00:00Z,batch-20260801-001
INV-000408,CONTRACT-000108,2026-05-01,2026-06-02,2026-06-12,1187.38,877.97,1171.14,219.35,951.79,PAID,2026-06-09T13:00:00Z,2026-06-05T10:00:00Z,2026-08-01T10:00:00Z,batch-20260801-001
INV-000409,CONTRACT-000109,2026-05-01,2026-06-02,2026-06-12,630.74,443.46,647.9,83.13,564.77,PAID,2026-06-09T13:00:00Z,2026-06-05T10:00:00Z,2026-08-01T10:00:00Z,batch-20260801-001
INV-000410,CONTRACT-000110,2026-05-01,2026-06-02,2026-06-12,291.51,197.81,329.02,38.56,290.46,PAID,2026-06-09T13:00:00Z,2026-06-05T10:00:00Z,2026-08-01T10:00:00Z,batch-20260801-001
INV-000411,CONTRACT-000111,2026-05-01,2026-06-02,2026-06-12,632.59,632.59,649.63,113.56,536.07,PAID,2026-06-09T13:00:00Z,2026-06-05T10:00:00Z,2026-08-01T10:00:00Z,batch-20260801-001
INV-000412,CONTRACT-000112,2026-05-01,2026-06-02,2026-06-12,219.38,166.16,261.22,50.15,211.07,PAID,2026-06-09T13:00:00Z,2026-06-05T10:00:00Z,2026-08-01T10:00:00Z,batch-20260801-001
INV-000413,CONTRACT-000113,2026-05-01,2026-06-02,2026-06-12,420.52,387.28,450.29,54.03,396.26,PAID,2026-06-09T13:00:00Z,2026-06-05T10:00:00Z,2026-08-01T10:00:00Z,batch-20260801-001
INV-000414,CONTRACT-000114,2026-05-01,2026-06-02,2026-06-12,253.84,174.65,293.61,35.59,258.02,PAID,2026-06-09T13:00:00Z,2026-06-05T10:00:00Z,2026-08-01T10:00:00Z,batch-20260801-001
INV-000415,CONTRACT-000115,2026-05-01,2026-06-02,2026-06-12,847.08,751.24,851.26,162.25,689.01,PAID,2026-06-09T13:00:00Z,2026-06-05T10:00:00Z,2026-08-01T10:00:00Z,batch-20260801-001
INV-000416,CONTRACT-000116,2026-05-01,2026-06-02,2026-06-12,1028.53,831.18,1021.82,109.33,912.49,PAID,2026-06-09T13:00:00Z,2026-06-05T10:00:00Z,2026-08-01T10:00:00Z,batch-20260801-001
INV-000417,CONTRACT-000117,2026-05-01,2026-06-02,2026-06-12,277.84,229.06,316.17,46.38,269.79,PAID,2026-06-09T13:00:00Z,2026-06-05T10:00:00Z,2026-08-01T10:00:00Z,batch-20260801-001
INV-000418,CONTRACT-000118,2026-05-01,2026-06-02,2026-06-12,982.14,982.14,978.21,128.93,849.28,PAID,2026-06-09T13:00:00Z,2026-06-05T10:00:00Z,2026-08-01T10:00:00Z,batch-20260801-001
INV-000419,CONTRACT-000119,2026-05-01,2026-06-02,2026-06-12,262.26,209.3,301.52,59.82,241.7,PAID,2026-06-09T13:00:00Z,2026-06-05T10:00:00Z,2026-08-01T10:00:00Z,batch-20260801-001
INV-000420,CONTRACT-000120,2026-05-01,2026-06-02,2026-06-12,776.57,640.92,784.98,92.94,692.04,PAID,2026-06-09T13:00:00Z,2026-06-05T10:00:00Z,2026-08-01T10:00:00Z,batch-20260801-001
INV-000421,CONTRACT-000121,2026-05-01,2026-06-02,2026-06-12,745.84,555.46,756.09,83.93,672.16,PAID,2026-06-09T13:00:00Z,2026-06-05T10:00:00Z,2026-08-01T10:00:00Z,batch-20260801-001
INV-000422,CONTRACT-000122,2026-05-01,2026-06-02,2026-06-12,1137.16,748.02,1123.93,186.35,937.58,PAID,2026-06-09T13:00:00Z,2026-06-05T10:00:00Z,2026-08-01T10:00:00Z,batch-20260801-001
INV-000423,CONTRACT-000123,2026-05-01,2026-06-02,2026-06-12,381.64,330.13,413.74,72.74,341,OPEN,NULL,2026-06-05T10:00:00Z,2026-08-01T10:00:00Z,batch-20260801-001
INV-000424,CONTRACT-000124,2026-05-01,2026-06-02,2026-06-12,1021.17,684.37,1014.9,102.71,912.19,PAID,2026-06-09T13:00:00Z,2026-06-05T10:00:00Z,2026-08-01T10:00:00Z,batch-20260801-001
INV-000425,CONTRACT-000125,2026-05-01,2026-06-02,2026-06-12,210.65,210.65,253.01,47.74,205.27,PAID,2026-06-09T13:00:00Z,2026-06-05T10:00:00Z,2026-08-01T10:00:00Z,batch-20260801-001
INV-000426,CONTRACT-000126,2026-05-01,2026-06-02,2026-06-12,867.42,713.17,870.37,124.11,746.26,PAID,2026-06-09T13:00:00Z,2026-06-05T10:00:00Z,2026-08-01T10:00:00Z,batch-20260801-001
INV-000427,CONTRACT-000127,2026-05-01,2026-06-02,2026-06-12,617.22,617.22,635.19,67.97,567.22,PAID,2026-06-09T13:00:00Z,2026-06-05T10:00:00Z,2026-08-01T10:00:00Z,batch-20260801-001
INV-000428,CONTRACT-000128,2026-05-01,2026-06-02,2026-06-12,543.15,529.72,565.56,113.06,452.5,PAID,2026-06-09T13:00:00Z,2026-06-05T10:00:00Z,2026-08-01T10:00:00Z,batch-20260801-001
INV-000429,CONTRACT-000129,2026-05-01,2026-06-02,2026-06-12,771.93,498.14,780.61,149.64,630.97,PAID,2026-06-09T13:00:00Z,2026-06-05T10:00:00Z,2026-08-01T10:00:00Z,batch-20260801-001
INV-000430,CONTRACT-000130,2026-05-01,2026-06-02,2026-06-12,338.34,253.02,373.04,42.53,330.51,PAID,2026-06-09T13:00:00Z,2026-06-05T10:00:00Z,2026-08-01T10:00:00Z,batch-20260801-001
INV-000431,CONTRACT-000131,2026-05-01,2026-06-02,2026-06-12,1192.91,771.26,1176.34,149.87,1026.47,PAID,2026-06-09T13:00:00Z,2026-06-05T10:00:00Z,2026-08-01T10:00:00Z,batch-20260801-001
INV-000432,CONTRACT-000132,2026-05-01,2026-06-02,2026-06-12,1028.75,709.78,1022.02,172.01,850.01,PAID,2026-06-09T13:00:00Z,2026-06-05T10:00:00Z,2026-08-01T10:00:00Z,batch-20260801-001
INV-000433,CONTRACT-000133,2026-05-01,2026-06-02,2026-06-12,837.26,638.73,842.02,106.18,735.84,PAID,2026-06-09T13:00:00Z,2026-06-05T10:00:00Z,2026-08-01T10:00:00Z,batch-20260801-001
INV-000434,CONTRACT-000134,2026-05-01,2026-06-02,2026-06-12,1076.12,915.4,1066.55,115.08,951.47,PAID,2026-06-09T13:00:00Z,2026-06-05T10:00:00Z,2026-08-01T10:00:00Z,batch-20260801-001
INV-000435,CONTRACT-000135,2026-05-01,2026-06-02,2026-06-12,349.15,218.94,383.2,75.76,307.44,OPEN,NULL,2026-06-05T10:00:00Z,2026-08-01T10:00:00Z,batch-20260801-001
INV-000436,CONTRACT-000136,2026-05-01,2026-06-02,2026-06-12,1031.09,916.51,1024.22,129.46,894.76,PAID,2026-06-09T13:00:00Z,2026-06-05T10:00:00Z,2026-08-01T10:00:00Z,batch-20260801-001
INV-000437,CONTRACT-000137,2026-05-01,2026-06-02,2026-06-12,1142.65,997.49,1129.09,119.46,1009.63,PAID,2026-06-09T13:00:00Z,2026-06-05T10:00:00Z,2026-08-01T10:00:00Z,batch-20260801-001
INV-000438,CONTRACT-000138,2026-05-01,2026-06-02,2026-06-12,295.37,237.78,332.65,50.03,282.62,PAID,2026-06-09T13:00:00Z,2026-06-05T10:00:00Z,2026-08-01T10:00:00Z,batch-20260801-001
INV-000439,CONTRACT-000139,2026-05-01,2026-06-02,2026-06-12,234.81,234.81,275.72,46.02,229.7,OPEN,NULL,2026-06-05T10:00:00Z,2026-08-01T10:00:00Z,batch-20260801-001
INV-000440,CONTRACT-000140,2026-05-01,2026-06-02,2026-06-12,523.86,381.35,547.43,69.91,477.52,PAID,2026-06-09T13:00:00Z,2026-06-05T10:00:00Z,2026-08-01T10:00:00Z,batch-20260801-001
INV-000441,CONTRACT-000141,2026-05-01,2026-06-02,2026-06-12,799.38,642.7,806.42,114.67,691.75,PAID,2026-06-09T13:00:00Z,2026-06-05T10:00:00Z,2026-08-01T10:00:00Z,batch-20260801-001
INV-000442,CONTRACT-000142,2026-05-01,2026-06-02,2026-06-12,681.95,473.14,696.03,99.88,596.15,PAID,2026-06-09T13:00:00Z,2026-06-05T10:00:00Z,2026-08-01T10:00:00Z,batch-20260801-001
INV-000443,CONTRACT-000143,2026-05-01,2026-06-02,2026-06-12,311.23,200.39,347.56,49.67,297.89,PAID,2026-06-09T13:00:00Z,2026-06-05T10:00:00Z,2026-08-01T10:00:00Z,batch-20260801-001
INV-000444,CONTRACT-000144,2026-05-01,2026-06-02,2026-06-12,1007.08,762.9,1001.66,127.21,874.45,PAID,2026-06-09T13:00:00Z,2026-06-05T10:00:00Z,2026-08-01T10:00:00Z,batch-20260801-001
INV-000445,CONTRACT-000145,2026-05-01,2026-06-02,2026-06-12,261.5,248.52,300.81,44.67,256.14,PAID,2026-06-09T13:00:00Z,2026-06-05T10:00:00Z,2026-08-01T10:00:00Z,batch-20260801-001
INV-000446,CONTRACT-000146,2026-05-01,2026-06-02,2026-06-12,958.26,695.61,955.76,95.67,860.09,PAID,2026-06-09T13:00:00Z,2026-06-05T10:00:00Z,2026-08-01T10:00:00Z,batch-20260801-001
INV-000447,CONTRACT-000147,2026-05-01,2026-06-02,2026-06-12,495.75,407.91,521,69.55,451.45,PAID,2026-06-09T13:00:00Z,2026-06-05T10:00:00Z,2026-08-01T10:00:00Z,batch-20260801-001
INV-000448,CONTRACT-000148,2026-05-01,2026-06-02,2026-06-12,486.28,338.52,512.1,95.1,417,PAID,2026-06-09T13:00:00Z,2026-06-05T10:00:00Z,2026-08-01T10:00:00Z,batch-20260801-001
INV-000449,CONTRACT-000149,2026-05-01,2026-06-02,2026-06-12,1058.04,833.51,1049.56,187.66,861.9,PAID,2026-06-09T13:00:00Z,2026-06-05T10:00:00Z,2026-08-01T10:00:00Z,batch-20260801-001
INV-000450,CONTRACT-000150,2026-05-01,2026-06-02,2026-06-12,331.86,235.56,366.95,58.57,308.38,PAID,2026-06-09T13:00:00Z,2026-06-05T10:00:00Z,2026-08-01T10:00:00Z,batch-20260801-001
INV-000451,CONTRACT-000001,2026-06-01,2026-07-03,2026-07-13,1333.71,860.44,1308.69,163.46,1145.23,OPEN,NULL,2026-07-06T10:00:00Z,2026-08-01T10:00:00Z,batch-20260801-001
INV-000452,CONTRACT-000002,2026-06-01,2026-07-03,2026-07-13,789.61,680.09,797.23,111.69,685.54,PAID,2026-07-10T13:00:00Z,2026-07-06T10:00:00Z,2026-08-01T10:00:00Z,batch-20260801-001
INV-000453,CONTRACT-000003,2026-06-01,2026-07-03,2026-07-13,316.27,315.68,352.29,36.99,315.3,PAID,2026-07-10T13:00:00Z,2026-07-06T10:00:00Z,2026-08-01T10:00:00Z,batch-20260801-001
INV-000454,CONTRACT-000004,2026-06-01,2026-07-03,2026-07-13,1080.6,917.32,1070.76,136.52,934.24,OPEN,NULL,2026-07-06T10:00:00Z,2026-08-01T10:00:00Z,batch-20260801-001
INV-000455,CONTRACT-000005,2026-06-01,2026-07-03,2026-07-13,656.5,554.52,672.11,133.35,538.76,OPEN,NULL,2026-07-06T10:00:00Z,2026-08-01T10:00:00Z,batch-20260801-001
INV-000456,CONTRACT-000006,2026-06-01,2026-07-03,2026-07-13,438.58,369.85,467.27,86.87,380.4,PAID,2026-07-10T13:00:00Z,2026-07-06T10:00:00Z,2026-08-01T10:00:00Z,batch-20260801-001
INV-000457,CONTRACT-000007,2026-06-01,2026-07-03,2026-07-13,507.87,370.69,532.4,79.7,452.7,PAID,2026-07-10T13:00:00Z,2026-07-06T10:00:00Z,2026-08-01T10:00:00Z,batch-20260801-001
INV-000458,CONTRACT-000008,2026-06-01,2026-07-03,2026-07-13,244.22,186.78,284.57,45.53,239.04,PAID,2026-07-10T13:00:00Z,2026-07-06T10:00:00Z,2026-08-01T10:00:00Z,batch-20260801-001
INV-000459,CONTRACT-000009,2026-06-01,2026-07-03,2026-07-13,537.19,492.18,559.96,97.66,462.3,OPEN,NULL,2026-07-06T10:00:00Z,2026-08-01T10:00:00Z,batch-20260801-001
INV-000460,CONTRACT-000010,2026-06-01,2026-07-03,2026-07-13,675.83,433.4,690.28,76.14,614.14,PAID,2026-07-10T13:00:00Z,2026-07-06T10:00:00Z,2026-08-01T10:00:00Z,batch-20260801-001
INV-000461,CONTRACT-000011,2026-06-01,2026-07-03,2026-07-13,634.64,491.81,651.56,70.37,581.19,PAID,2026-07-10T13:00:00Z,2026-07-06T10:00:00Z,2026-08-01T10:00:00Z,batch-20260801-001
INV-000462,CONTRACT-000012,2026-06-01,2026-07-03,2026-07-13,767.85,706.74,776.78,95.85,680.93,PAID,2026-07-10T13:00:00Z,2026-07-06T10:00:00Z,2026-08-01T10:00:00Z,batch-20260801-001
INV-000463,CONTRACT-000013,2026-06-01,2026-07-03,2026-07-13,550.79,512.31,572.74,58.59,514.15,PAID,2026-07-10T13:00:00Z,2026-07-06T10:00:00Z,2026-08-01T10:00:00Z,batch-20260801-001
INV-000464,CONTRACT-000014,2026-06-01,2026-07-03,2026-07-13,1249.19,1043.26,1229.24,127.72,1101.52,PAID,2026-07-10T13:00:00Z,2026-07-06T10:00:00Z,2026-08-01T10:00:00Z,batch-20260801-001
INV-000465,CONTRACT-000015,2026-06-01,2026-07-03,2026-07-13,789.26,550.77,796.9,85.27,711.63,PAID,2026-07-10T13:00:00Z,2026-07-06T10:00:00Z,2026-08-01T10:00:00Z,batch-20260801-001
INV-000466,CONTRACT-000016,2026-06-01,2026-07-03,2026-07-13,478.06,402.31,504.38,69.96,434.42,PAID,2026-07-10T13:00:00Z,2026-07-06T10:00:00Z,2026-08-01T10:00:00Z,batch-20260801-001
INV-000467,CONTRACT-000017,2026-06-01,2026-07-03,2026-07-13,1040.92,999.72,1033.46,191.4,842.06,PAID,2026-07-10T13:00:00Z,2026-07-06T10:00:00Z,2026-08-01T10:00:00Z,batch-20260801-001
INV-000468,CONTRACT-000018,2026-06-01,2026-07-03,2026-07-13,487.03,448.74,512.81,90.87,421.94,PAID,2026-07-10T13:00:00Z,2026-07-06T10:00:00Z,2026-08-01T10:00:00Z,batch-20260801-001
INV-000469,CONTRACT-000019,2026-06-01,2026-07-03,2026-07-13,603,485.45,621.82,114.48,507.34,PAID,2026-07-10T13:00:00Z,2026-07-06T10:00:00Z,2026-08-01T10:00:00Z,batch-20260801-001
INV-000470,CONTRACT-000020,2026-06-01,2026-07-03,2026-07-13,681.3,570.14,695.42,88.25,607.17,PAID,2026-07-10T13:00:00Z,2026-07-06T10:00:00Z,2026-08-01T10:00:00Z,batch-20260801-001
INV-000471,CONTRACT-000021,2026-06-01,2026-07-03,2026-07-13,561.55,399.39,582.86,59.04,523.82,OPEN,NULL,2026-07-06T10:00:00Z,2026-08-01T10:00:00Z,batch-20260801-001
INV-000472,CONTRACT-000022,2026-06-01,2026-07-03,2026-07-13,831.56,653.46,836.67,131.69,704.98,PAID,2026-07-10T13:00:00Z,2026-07-06T10:00:00Z,2026-08-01T10:00:00Z,batch-20260801-001
INV-000473,CONTRACT-000023,2026-06-01,2026-07-03,2026-07-13,462.56,312.57,489.81,63.92,425.89,PAID,2026-07-10T13:00:00Z,2026-07-06T10:00:00Z,2026-08-01T10:00:00Z,batch-20260801-001
INV-000474,CONTRACT-000024,2026-06-01,2026-07-03,2026-07-13,214.74,214.74,256.86,48.52,208.34,PAID,2026-07-10T13:00:00Z,2026-07-06T10:00:00Z,2026-08-01T10:00:00Z,batch-20260801-001
INV-000475,CONTRACT-000025,2026-06-01,2026-07-03,2026-07-13,1126.46,1078.24,1113.87,138.45,975.42,PAID,2026-07-10T13:00:00Z,2026-07-06T10:00:00Z,2026-08-01T10:00:00Z,batch-20260801-001
INV-000476,CONTRACT-000026,2026-06-01,2026-07-03,2026-07-13,572.14,427.29,592.81,84.77,508.04,PAID,2026-07-10T13:00:00Z,2026-07-06T10:00:00Z,2026-08-01T10:00:00Z,batch-20260801-001
INV-000477,CONTRACT-000027,2026-06-01,2026-07-03,2026-07-13,834.17,665.63,839.12,134.85,704.27,PAID,2026-07-10T13:00:00Z,2026-07-06T10:00:00Z,2026-08-01T10:00:00Z,batch-20260801-001
INV-000478,CONTRACT-000028,2026-06-01,2026-07-03,2026-07-13,572.59,572.59,593.23,93.61,499.62,OPEN,NULL,2026-07-06T10:00:00Z,2026-08-01T10:00:00Z,batch-20260801-001
INV-000479,CONTRACT-000029,2026-06-01,2026-07-03,2026-07-13,773.68,606.68,782.26,94.34,687.92,PAID,2026-07-10T13:00:00Z,2026-07-06T10:00:00Z,2026-08-01T10:00:00Z,batch-20260801-001
INV-000480,CONTRACT-000030,2026-06-01,2026-07-03,2026-07-13,1060.12,801.55,1051.51,150.47,901.04,PAID,2026-07-10T13:00:00Z,2026-07-06T10:00:00Z,2026-08-01T10:00:00Z,batch-20260801-001
INV-000481,CONTRACT-000031,2026-06-01,2026-07-03,2026-07-13,719.27,540.05,731.11,122.61,608.5,PAID,2026-07-10T13:00:00Z,2026-07-06T10:00:00Z,2026-08-01T10:00:00Z,batch-20260801-001
INV-000482,CONTRACT-000032,2026-06-01,2026-07-03,2026-07-13,750.7,746.28,760.66,112.58,648.08,PAID,2026-07-10T13:00:00Z,2026-07-06T10:00:00Z,2026-08-01T10:00:00Z,batch-20260801-001
INV-000483,CONTRACT-000033,2026-06-01,2026-07-03,2026-07-13,1212.7,1055.4,1194.94,209.11,985.83,PAID,2026-07-10T13:00:00Z,2026-07-06T10:00:00Z,2026-08-01T10:00:00Z,batch-20260801-001
INV-000484,CONTRACT-000034,2026-06-01,2026-07-03,2026-07-13,898.5,737.93,899.59,109.75,789.84,PAID,2026-07-10T13:00:00Z,2026-07-06T10:00:00Z,2026-08-01T10:00:00Z,batch-20260801-001
INV-000485,CONTRACT-000035,2026-06-01,2026-07-03,2026-07-13,466.36,394.06,493.38,72.13,421.25,PAID,2026-07-10T13:00:00Z,2026-07-06T10:00:00Z,2026-08-01T10:00:00Z,batch-20260801-001
INV-000486,CONTRACT-000036,2026-06-01,2026-07-03,2026-07-13,1038.29,952.56,1030.99,200.94,830.05,PAID,2026-07-10T13:00:00Z,2026-07-06T10:00:00Z,2026-08-01T10:00:00Z,batch-20260801-001
INV-000487,CONTRACT-000037,2026-06-01,2026-07-03,2026-07-13,921.9,606.61,921.59,182.47,739.12,PAID,2026-07-10T13:00:00Z,2026-07-06T10:00:00Z,2026-08-01T10:00:00Z,batch-20260801-001
INV-000488,CONTRACT-000038,2026-06-01,2026-07-03,2026-07-13,606.47,495.47,625.08,88.89,536.19,PAID,2026-07-10T13:00:00Z,2026-07-06T10:00:00Z,2026-08-01T10:00:00Z,batch-20260801-001
INV-000489,CONTRACT-000039,2026-06-01,2026-07-03,2026-07-13,310.16,207.68,346.55,44.53,302.02,PAID,2026-07-10T13:00:00Z,2026-07-06T10:00:00Z,2026-08-01T10:00:00Z,batch-20260801-001
INV-000490,CONTRACT-000040,2026-06-01,2026-07-03,2026-07-13,461.81,391.65,489.1,94.54,394.56,PAID,2026-07-10T13:00:00Z,2026-07-06T10:00:00Z,2026-08-01T10:00:00Z,batch-20260801-001
INV-000491,CONTRACT-000041,2026-06-01,2026-07-03,2026-07-13,823.34,639.51,828.94,134.29,694.65,PAID,2026-07-10T13:00:00Z,2026-07-06T10:00:00Z,2026-08-01T10:00:00Z,batch-20260801-001
INV-000492,CONTRACT-000042,2026-06-01,2026-07-03,2026-07-13,638.94,509.54,655.6,118.07,537.53,PAID,2026-07-10T13:00:00Z,2026-07-06T10:00:00Z,2026-08-01T10:00:00Z,batch-20260801-001
INV-000493,CONTRACT-000043,2026-06-01,2026-07-03,2026-07-13,889.02,658.71,890.68,167.45,723.23,PAID,2026-07-10T13:00:00Z,2026-07-06T10:00:00Z,2026-08-01T10:00:00Z,batch-20260801-001
INV-000494,CONTRACT-000044,2026-06-01,2026-07-03,2026-07-13,637.13,467.55,653.9,109.66,544.24,PAID,2026-07-10T13:00:00Z,2026-07-06T10:00:00Z,2026-08-01T10:00:00Z,batch-20260801-001
INV-000495,CONTRACT-000045,2026-06-01,2026-07-03,2026-07-13,1295.21,902.44,1272.5,204.36,1068.14,PAID,2026-07-10T13:00:00Z,2026-07-06T10:00:00Z,2026-08-01T10:00:00Z,batch-20260801-001
INV-000496,CONTRACT-000046,2026-06-01,2026-07-03,2026-07-13,1149.41,781.85,1135.45,211.53,923.92,PAID,2026-07-10T13:00:00Z,2026-07-06T10:00:00Z,2026-08-01T10:00:00Z,batch-20260801-001
INV-000497,CONTRACT-000047,2026-06-01,2026-07-03,2026-07-13,966.65,961.1,963.65,129.32,834.33,PAID,2026-07-10T13:00:00Z,2026-07-06T10:00:00Z,2026-08-01T10:00:00Z,batch-20260801-001
INV-000498,CONTRACT-000048,2026-06-01,2026-07-03,2026-07-13,534.51,502.17,557.44,81.27,476.17,PAID,2026-07-10T13:00:00Z,2026-07-06T10:00:00Z,2026-08-01T10:00:00Z,batch-20260801-001
INV-000499,CONTRACT-000049,2026-06-01,2026-07-03,2026-07-13,488.59,377.23,514.27,58.32,455.95,PAID,2026-07-10T13:00:00Z,2026-07-06T10:00:00Z,2026-08-01T10:00:00Z,batch-20260801-001
INV-000500,CONTRACT-000050,2026-06-01,2026-07-03,2026-07-13,723.08,555.39,734.7,140.18,594.52,PAID,2026-07-10T13:00:00Z,2026-07-06T10:00:00Z,2026-08-01T10:00:00Z,batch-20260801-001
INV-000501,CONTRACT-000051,2026-06-01,2026-07-03,2026-07-13,937.51,805.99,936.26,97.46,838.8,PAID,2026-07-10T13:00:00Z,2026-07-06T10:00:00Z,2026-08-01T10:00:00Z,batch-20260801-001
INV-000502,CONTRACT-000052,2026-06-01,2026-07-03,2026-07-13,470.09,428.46,496.88,51.33,445.55,PAID,2026-07-10T13:00:00Z,2026-07-06T10:00:00Z,2026-08-01T10:00:00Z,batch-20260801-001
INV-000503,CONTRACT-000053,2026-06-01,2026-07-03,2026-07-13,1282.99,841.82,1261.01,216.39,1044.62,PAID,2026-07-10T13:00:00Z,2026-07-06T10:00:00Z,2026-08-01T10:00:00Z,batch-20260801-001
INV-000504,CONTRACT-000054,2026-06-01,2026-07-03,2026-07-13,358.81,281.84,392.28,52.6,339.68,PAID,2026-07-10T13:00:00Z,2026-07-06T10:00:00Z,2026-08-01T10:00:00Z,batch-20260801-001
INV-000505,CONTRACT-000055,2026-06-01,2026-07-03,2026-07-13,284.55,212.26,322.48,62.69,259.79,PAID,2026-07-10T13:00:00Z,2026-07-06T10:00:00Z,2026-08-01T10:00:00Z,batch-20260801-001
INV-000506,CONTRACT-000056,2026-06-01,2026-07-03,2026-07-13,888.56,581.56,890.25,162.47,727.78,PAID,2026-07-10T13:00:00Z,2026-07-06T10:00:00Z,2026-08-01T10:00:00Z,batch-20260801-001
INV-000507,CONTRACT-000057,2026-06-01,2026-07-03,2026-07-13,230.62,205.99,271.78,51.09,220.69,PAID,2026-07-10T13:00:00Z,2026-07-06T10:00:00Z,2026-08-01T10:00:00Z,batch-20260801-001
INV-000508,CONTRACT-000058,2026-06-01,2026-07-03,2026-07-13,949.86,715.68,947.87,151.47,796.4,PAID,2026-07-10T13:00:00Z,2026-07-06T10:00:00Z,2026-08-01T10:00:00Z,batch-20260801-001
INV-000509,CONTRACT-000059,2026-06-01,2026-07-03,2026-07-13,1341.35,899.39,1315.87,185.8,1130.07,PAID,2026-07-10T13:00:00Z,2026-07-06T10:00:00Z,2026-08-01T10:00:00Z,batch-20260801-001
INV-000510,CONTRACT-000060,2026-06-01,2026-07-03,2026-07-13,1121.5,950.08,1109.21,138.87,970.34,PAID,2026-07-10T13:00:00Z,2026-07-06T10:00:00Z,2026-08-01T10:00:00Z,batch-20260801-001
INV-000511,CONTRACT-000061,2026-06-01,2026-07-03,2026-07-13,1104.65,893.31,1093.37,130,963.37,PAID,2026-07-10T13:00:00Z,2026-07-06T10:00:00Z,2026-08-01T10:00:00Z,batch-20260801-001
INV-000512,CONTRACT-000062,2026-06-01,2026-07-03,2026-07-13,944.69,749.48,943.01,187.56,755.45,PAID,2026-07-10T13:00:00Z,2026-07-06T10:00:00Z,2026-08-01T10:00:00Z,batch-20260801-001
INV-000513,CONTRACT-000063,2026-06-01,2026-07-03,2026-07-13,503.87,477.53,528.64,71.58,457.06,PAID,2026-07-10T13:00:00Z,2026-07-06T10:00:00Z,2026-08-01T10:00:00Z,batch-20260801-001
INV-000514,CONTRACT-000064,2026-06-01,2026-07-03,2026-07-13,488.19,375.84,513.9,75.85,438.05,OPEN,NULL,2026-07-06T10:00:00Z,2026-08-01T10:00:00Z,batch-20260801-001
INV-000515,CONTRACT-000065,2026-06-01,2026-07-03,2026-07-13,639.91,485.78,656.52,117.52,539,PAID,2026-07-10T13:00:00Z,2026-07-06T10:00:00Z,2026-08-01T10:00:00Z,batch-20260801-001
INV-000516,CONTRACT-000066,2026-06-01,2026-07-03,2026-07-13,371.29,254.27,404.01,44.16,359.85,PAID,2026-07-10T13:00:00Z,2026-07-06T10:00:00Z,2026-08-01T10:00:00Z,batch-20260801-001
INV-000517,CONTRACT-000067,2026-06-01,2026-07-03,2026-07-13,812.4,686.92,818.66,130.74,687.92,PAID,2026-07-10T13:00:00Z,2026-07-06T10:00:00Z,2026-08-01T10:00:00Z,batch-20260801-001
INV-000518,CONTRACT-000068,2026-06-01,2026-07-03,2026-07-13,527.8,492.55,551.13,69.55,481.58,PAID,2026-07-10T13:00:00Z,2026-07-06T10:00:00Z,2026-08-01T10:00:00Z,batch-20260801-001
INV-000519,CONTRACT-000069,2026-06-01,2026-07-03,2026-07-13,352.19,266.5,386.06,46.29,339.77,PAID,2026-07-10T13:00:00Z,2026-07-06T10:00:00Z,2026-08-01T10:00:00Z,batch-20260801-001
INV-000520,CONTRACT-000070,2026-06-01,2026-07-03,2026-07-13,817.37,636.21,823.33,91.06,732.27,PAID,2026-07-10T13:00:00Z,2026-07-06T10:00:00Z,2026-08-01T10:00:00Z,batch-20260801-001
INV-000521,CONTRACT-000071,2026-06-01,2026-07-03,2026-07-13,857.36,764.38,860.92,109.94,750.98,PAID,2026-07-10T13:00:00Z,2026-07-06T10:00:00Z,2026-08-01T10:00:00Z,batch-20260801-001
INV-000522,CONTRACT-000072,2026-06-01,2026-07-03,2026-07-13,274.1,255.9,312.65,54.53,258.12,PAID,2026-07-10T13:00:00Z,2026-07-06T10:00:00Z,2026-08-01T10:00:00Z,batch-20260801-001
INV-000523,CONTRACT-000073,2026-06-01,2026-07-03,2026-07-13,981.19,754.69,977.32,134.38,842.94,PAID,2026-07-10T13:00:00Z,2026-07-06T10:00:00Z,2026-08-01T10:00:00Z,batch-20260801-001
INV-000524,CONTRACT-000074,2026-06-01,2026-07-03,2026-07-13,438.51,321.18,467.2,71.81,395.39,PAID,2026-07-10T13:00:00Z,2026-07-06T10:00:00Z,2026-08-01T10:00:00Z,batch-20260801-001
INV-000525,CONTRACT-000075,2026-06-01,2026-07-03,2026-07-13,1037.32,707.24,1030.08,171.3,858.78,PAID,2026-07-10T13:00:00Z,2026-07-06T10:00:00Z,2026-08-01T10:00:00Z,batch-20260801-001
INV-000526,CONTRACT-000076,2026-06-01,2026-07-03,2026-07-13,528.25,360.59,551.55,72.31,479.24,PAID,2026-07-10T13:00:00Z,2026-07-06T10:00:00Z,2026-08-01T10:00:00Z,batch-20260801-001
INV-000527,CONTRACT-000077,2026-06-01,2026-07-03,2026-07-13,802.01,739.03,808.89,133.22,675.67,PAID,2026-07-10T13:00:00Z,2026-07-06T10:00:00Z,2026-08-01T10:00:00Z,batch-20260801-001
INV-000528,CONTRACT-000078,2026-06-01,2026-07-03,2026-07-13,558.67,504.23,580.15,85.28,494.87,PAID,2026-07-10T13:00:00Z,2026-07-06T10:00:00Z,2026-08-01T10:00:00Z,batch-20260801-001
INV-000529,CONTRACT-000079,2026-06-01,2026-07-03,2026-07-13,660.54,532.52,675.91,129.23,546.68,PAID,2026-07-10T13:00:00Z,2026-07-06T10:00:00Z,2026-08-01T10:00:00Z,batch-20260801-001
INV-000530,CONTRACT-000080,2026-06-01,2026-07-03,2026-07-13,683.47,480.3,697.46,132.31,565.15,PAID,2026-07-10T13:00:00Z,2026-07-06T10:00:00Z,2026-08-01T10:00:00Z,batch-20260801-001
INV-000531,CONTRACT-000081,2026-06-01,2026-07-03,2026-07-13,626.34,460.9,643.76,96.95,546.81,PAID,2026-07-10T13:00:00Z,2026-07-06T10:00:00Z,2026-08-01T10:00:00Z,batch-20260801-001
INV-000532,CONTRACT-000082,2026-06-01,2026-07-03,2026-07-13,654.66,463.44,670.38,110.81,559.57,PAID,2026-07-10T13:00:00Z,2026-07-06T10:00:00Z,2026-08-01T10:00:00Z,batch-20260801-001
INV-000533,CONTRACT-000083,2026-06-01,2026-07-03,2026-07-13,654.42,500.03,670.15,78.74,591.41,PAID,2026-07-10T13:00:00Z,2026-07-06T10:00:00Z,2026-08-01T10:00:00Z,batch-20260801-001
INV-000534,CONTRACT-000084,2026-06-01,2026-07-03,2026-07-13,1037.61,846.57,1030.35,186.91,843.44,PAID,2026-07-10T13:00:00Z,2026-07-06T10:00:00Z,2026-08-01T10:00:00Z,batch-20260801-001
INV-000535,CONTRACT-000085,2026-06-01,2026-07-03,2026-07-13,740.18,563.25,750.77,108.79,641.98,PAID,2026-07-10T13:00:00Z,2026-07-06T10:00:00Z,2026-08-01T10:00:00Z,batch-20260801-001
INV-000536,CONTRACT-000086,2026-06-01,2026-07-03,2026-07-13,1230.93,1046.01,1212.07,156.6,1055.47,PAID,2026-07-10T13:00:00Z,2026-07-06T10:00:00Z,2026-08-01T10:00:00Z,batch-20260801-001
INV-000537,CONTRACT-000087,2026-06-01,2026-07-03,2026-07-13,714.31,508.18,726.45,73.95,652.5,OPEN,NULL,2026-07-06T10:00:00Z,2026-08-01T10:00:00Z,batch-20260801-001
INV-000538,CONTRACT-000088,2026-06-01,2026-07-03,2026-07-13,784,533.02,791.96,88.54,703.42,PAID,2026-07-10T13:00:00Z,2026-07-06T10:00:00Z,2026-08-01T10:00:00Z,batch-20260801-001
INV-000539,CONTRACT-000089,2026-06-01,2026-07-03,2026-07-13,943.47,875.45,941.86,113.21,828.65,PAID,2026-07-10T13:00:00Z,2026-07-06T10:00:00Z,2026-08-01T10:00:00Z,batch-20260801-001
INV-000540,CONTRACT-000090,2026-06-01,2026-07-03,2026-07-13,779.03,590.09,787.29,139.35,647.94,PAID,2026-07-10T13:00:00Z,2026-07-06T10:00:00Z,2026-08-01T10:00:00Z,batch-20260801-001
INV-000541,CONTRACT-000091,2026-06-01,2026-07-03,2026-07-13,677.01,677.01,691.39,98.94,592.45,PAID,2026-07-10T13:00:00Z,2026-07-06T10:00:00Z,2026-08-01T10:00:00Z,batch-20260801-001
INV-000542,CONTRACT-000092,2026-06-01,2026-07-03,2026-07-13,515.39,486.19,539.47,58.75,480.72,PAID,2026-07-10T13:00:00Z,2026-07-06T10:00:00Z,2026-08-01T10:00:00Z,batch-20260801-001
INV-000543,CONTRACT-000093,2026-06-01,2026-07-03,2026-07-13,691.59,635.39,705.09,121.63,583.46,OPEN,NULL,2026-07-06T10:00:00Z,2026-08-01T10:00:00Z,batch-20260801-001
INV-000544,CONTRACT-000094,2026-06-01,2026-07-03,2026-07-13,787.59,653.92,795.33,87.25,708.08,PAID,2026-07-10T13:00:00Z,2026-07-06T10:00:00Z,2026-08-01T10:00:00Z,batch-20260801-001
INV-000545,CONTRACT-000095,2026-06-01,2026-07-03,2026-07-13,1240.56,963.12,1221.13,204.91,1016.22,PAID,2026-07-10T13:00:00Z,2026-07-06T10:00:00Z,2026-08-01T10:00:00Z,batch-20260801-001
INV-000546,CONTRACT-000096,2026-06-01,2026-07-03,2026-07-13,390.97,295.37,422.51,52.94,369.57,PAID,2026-07-10T13:00:00Z,2026-07-06T10:00:00Z,2026-08-01T10:00:00Z,batch-20260801-001
INV-000547,CONTRACT-000097,2026-06-01,2026-07-03,2026-07-13,696.42,696.42,709.63,130.57,579.06,PAID,2026-07-10T13:00:00Z,2026-07-06T10:00:00Z,2026-08-01T10:00:00Z,batch-20260801-001
INV-000548,CONTRACT-000098,2026-06-01,2026-07-03,2026-07-13,676.35,593.29,690.77,97.47,593.3,PAID,2026-07-10T13:00:00Z,2026-07-06T10:00:00Z,2026-08-01T10:00:00Z,batch-20260801-001
INV-000549,CONTRACT-000099,2026-06-01,2026-07-03,2026-07-13,480.19,418.53,506.38,78.13,428.25,PAID,2026-07-10T13:00:00Z,2026-07-06T10:00:00Z,2026-08-01T10:00:00Z,batch-20260801-001
INV-000550,CONTRACT-000100,2026-06-01,2026-07-03,2026-07-13,461.53,461.53,488.84,79,409.84,OPEN,NULL,2026-07-06T10:00:00Z,2026-08-01T10:00:00Z,batch-20260801-001
INV-000551,CONTRACT-000101,2026-06-01,2026-07-03,2026-07-13,290.86,215.58,328.41,39.8,288.61,PAID,2026-07-10T13:00:00Z,2026-07-06T10:00:00Z,2026-08-01T10:00:00Z,batch-20260801-001
INV-000552,CONTRACT-000102,2026-06-01,2026-07-03,2026-07-13,481.28,410,507.4,63.07,444.33,PAID,2026-07-10T13:00:00Z,2026-07-06T10:00:00Z,2026-08-01T10:00:00Z,batch-20260801-001
INV-000553,CONTRACT-000103,2026-06-01,2026-07-03,2026-07-13,614.92,563.74,633.02,124.2,508.82,PAID,2026-07-10T13:00:00Z,2026-07-06T10:00:00Z,2026-08-01T10:00:00Z,batch-20260801-001
INV-000554,CONTRACT-000104,2026-06-01,2026-07-03,2026-07-13,552.53,406.36,574.38,70.25,504.13,PAID,2026-07-10T13:00:00Z,2026-07-06T10:00:00Z,2026-08-01T10:00:00Z,batch-20260801-001
INV-000555,CONTRACT-000105,2026-06-01,2026-07-03,2026-07-13,712.22,708.77,724.49,109.98,614.51,PAID,2026-07-10T13:00:00Z,2026-07-06T10:00:00Z,2026-08-01T10:00:00Z,batch-20260801-001
INV-000556,CONTRACT-000106,2026-06-01,2026-07-03,2026-07-13,538.2,454.37,560.91,74.66,486.25,PAID,2026-07-10T13:00:00Z,2026-07-06T10:00:00Z,2026-08-01T10:00:00Z,batch-20260801-001
INV-000557,CONTRACT-000107,2026-06-01,2026-07-03,2026-07-13,616.5,549.24,634.51,105.52,528.99,PAID,2026-07-10T13:00:00Z,2026-07-06T10:00:00Z,2026-08-01T10:00:00Z,batch-20260801-001
INV-000558,CONTRACT-000108,2026-06-01,2026-07-03,2026-07-13,1353.34,972.16,1327.14,248.57,1078.57,PAID,2026-07-10T13:00:00Z,2026-07-06T10:00:00Z,2026-08-01T10:00:00Z,batch-20260801-001
INV-000559,CONTRACT-000109,2026-06-01,2026-07-03,2026-07-13,486.87,417.42,512.66,65.77,446.89,PAID,2026-07-10T13:00:00Z,2026-07-06T10:00:00Z,2026-08-01T10:00:00Z,batch-20260801-001
INV-000560,CONTRACT-000110,2026-06-01,2026-07-03,2026-07-13,254.87,195.91,294.58,34.52,260.06,OPEN,NULL,2026-07-06T10:00:00Z,2026-08-01T10:00:00Z,batch-20260801-001
INV-000561,CONTRACT-000111,2026-06-01,2026-07-03,2026-07-13,852.49,550.4,856.34,149.69,706.65,PAID,2026-07-10T13:00:00Z,2026-07-06T10:00:00Z,2026-08-01T10:00:00Z,batch-20260801-001
INV-000562,CONTRACT-000112,2026-06-01,2026-07-03,2026-07-13,210.16,207.26,252.55,48.49,204.06,PAID,2026-07-10T13:00:00Z,2026-07-06T10:00:00Z,2026-08-01T10:00:00Z,batch-20260801-001
INV-000563,CONTRACT-000113,2026-06-01,2026-07-03,2026-07-13,396.57,311.12,427.78,51.33,376.45,PAID,2026-07-10T13:00:00Z,2026-07-06T10:00:00Z,2026-08-01T10:00:00Z,batch-20260801-001
INV-000564,CONTRACT-000114,2026-06-01,2026-07-03,2026-07-13,255.37,180.14,295.05,35.76,259.29,PAID,2026-07-10T13:00:00Z,2026-07-06T10:00:00Z,2026-08-01T10:00:00Z,batch-20260801-001
INV-000565,CONTRACT-000115,2026-06-01,2026-07-03,2026-07-13,883.88,722.84,885.85,168.84,717.01,PAID,2026-07-10T13:00:00Z,2026-07-06T10:00:00Z,2026-08-01T10:00:00Z,batch-20260801-001
INV-000566,CONTRACT-000116,2026-06-01,2026-07-03,2026-07-13,927.96,681.92,927.28,99.22,828.06,OPEN,NULL,2026-07-06T10:00:00Z,2026-08-01T10:00:00Z,batch-20260801-001
INV-000567,CONTRACT-000117,2026-06-01,2026-07-03,2026-07-13,301.29,231.44,338.21,49.62,288.59,OPEN,NULL,2026-07-06T10:00:00Z,2026-08-01T10:00:00Z,batch-20260801-001
INV-000568,CONTRACT-000118,2026-06-01,2026-07-03,2026-07-13,961.63,961.63,958.93,126.39,832.54,PAID,2026-07-10T13:00:00Z,2026-07-06T10:00:00Z,2026-08-01T10:00:00Z,batch-20260801-001
INV-000569,CONTRACT-000119,2026-06-01,2026-07-03,2026-07-13,226.01,226.01,267.45,53.06,214.39,PAID,2026-07-10T13:00:00Z,2026-07-06T10:00:00Z,2026-08-01T10:00:00Z,batch-20260801-001
INV-000570,CONTRACT-000120,2026-06-01,2026-07-03,2026-07-13,872.75,646.98,875.38,103.64,771.74,OPEN,NULL,2026-07-06T10:00:00Z,2026-08-01T10:00:00Z,batch-20260801-001
INV-000571,CONTRACT-000121,2026-06-01,2026-07-03,2026-07-13,649.04,580.28,665.1,73.83,591.27,PAID,2026-07-10T13:00:00Z,2026-07-06T10:00:00Z,2026-08-01T10:00:00Z,batch-20260801-001
INV-000572,CONTRACT-000122,2026-06-01,2026-07-03,2026-07-13,1156.93,824.84,1142.51,189.43,953.08,OPEN,NULL,2026-07-06T10:00:00Z,2026-08-01T10:00:00Z,batch-20260801-001
INV-000573,CONTRACT-000123,2026-06-01,2026-07-03,2026-07-13,357.23,290.71,390.8,68.7,322.1,PAID,2026-07-10T13:00:00Z,2026-07-06T10:00:00Z,2026-08-01T10:00:00Z,batch-20260801-001
INV-000574,CONTRACT-000124,2026-06-01,2026-07-03,2026-07-13,813.93,687.87,820.09,82.99,737.1,PAID,2026-07-10T13:00:00Z,2026-07-06T10:00:00Z,2026-08-01T10:00:00Z,batch-20260801-001
INV-000575,CONTRACT-000125,2026-06-01,2026-07-03,2026-07-13,225.59,201.14,267.05,50.39,216.66,PAID,2026-07-10T13:00:00Z,2026-07-06T10:00:00Z,2026-08-01T10:00:00Z,batch-20260801-001
INV-000576,CONTRACT-000126,2026-06-01,2026-07-03,2026-07-13,1055.6,724.09,1047.26,149.34,897.92,PAID,2026-07-10T13:00:00Z,2026-07-06T10:00:00Z,2026-08-01T10:00:00Z,batch-20260801-001
INV-000577,CONTRACT-000127,2026-06-01,2026-07-03,2026-07-13,685.19,607.01,699.08,74.8,624.28,PAID,2026-07-10T13:00:00Z,2026-07-06T10:00:00Z,2026-08-01T10:00:00Z,batch-20260801-001
INV-000578,CONTRACT-000128,2026-06-01,2026-07-03,2026-07-13,597.04,526.68,616.22,123.18,493.04,PAID,2026-07-10T13:00:00Z,2026-07-06T10:00:00Z,2026-08-01T10:00:00Z,batch-20260801-001
INV-000579,CONTRACT-000129,2026-06-01,2026-07-03,2026-07-13,735.46,537.61,746.33,143.07,603.26,PAID,2026-07-10T13:00:00Z,2026-07-06T10:00:00Z,2026-08-01T10:00:00Z,batch-20260801-001
INV-000580,CONTRACT-000130,2026-06-01,2026-07-03,2026-07-13,330.69,269.75,365.85,41.71,324.14,PAID,2026-07-10T13:00:00Z,2026-07-06T10:00:00Z,2026-08-01T10:00:00Z,batch-20260801-001
INV-000581,CONTRACT-000131,2026-06-01,2026-07-03,2026-07-13,893.69,883.35,895.07,114.03,781.04,OPEN,NULL,2026-07-06T10:00:00Z,2026-08-01T10:00:00Z,batch-20260801-001
INV-000582,CONTRACT-000132,2026-06-01,2026-07-03,2026-07-13,1047.06,770.81,1039.24,174.9,864.34,PAID,2026-07-10T13:00:00Z,2026-07-06T10:00:00Z,2026-08-01T10:00:00Z,batch-20260801-001
INV-000583,CONTRACT-000133,2026-06-01,2026-07-03,2026-07-13,796.77,637.86,803.96,101.38,702.58,PAID,2026-07-10T13:00:00Z,2026-07-06T10:00:00Z,2026-08-01T10:00:00Z,batch-20260801-001
INV-000584,CONTRACT-000134,2026-06-01,2026-07-03,2026-07-13,1095.07,955.7,1084.37,117,967.37,PAID,2026-07-10T13:00:00Z,2026-07-06T10:00:00Z,2026-08-01T10:00:00Z,batch-20260801-001
INV-000585,CONTRACT-000135,2026-06-01,2026-07-03,2026-07-13,329.8,235.91,365.01,72.16,292.85,PAID,2026-07-10T13:00:00Z,2026-07-06T10:00:00Z,2026-08-01T10:00:00Z,batch-20260801-001
INV-000586,CONTRACT-000136,2026-06-01,2026-07-03,2026-07-13,1001.98,837.42,996.86,126,870.86,PAID,2026-07-10T13:00:00Z,2026-07-06T10:00:00Z,2026-08-01T10:00:00Z,batch-20260801-001
INV-000587,CONTRACT-000137,2026-06-01,2026-07-03,2026-07-13,1171.94,845.63,1156.62,122.37,1034.25,PAID,2026-07-10T13:00:00Z,2026-07-06T10:00:00Z,2026-08-01T10:00:00Z,batch-20260801-001
INV-000588,CONTRACT-000138,2026-06-01,2026-07-03,2026-07-13,343.61,275.43,377.99,56.85,321.14,PAID,2026-07-10T13:00:00Z,2026-07-06T10:00:00Z,2026-08-01T10:00:00Z,batch-20260801-001
INV-000589,CONTRACT-000139,2026-06-01,2026-07-03,2026-07-13,319.4,220.68,355.24,59.29,295.95,OPEN,NULL,2026-07-06T10:00:00Z,2026-08-01T10:00:00Z,batch-20260801-001
INV-000590,CONTRACT-000140,2026-06-01,2026-07-03,2026-07-13,555.74,376.09,577.4,73.73,503.67,PAID,2026-07-10T13:00:00Z,2026-07-06T10:00:00Z,2026-08-01T10:00:00Z,batch-20260801-001
INV-000591,CONTRACT-000141,2026-06-01,2026-07-03,2026-07-13,823.14,598.85,828.75,117.85,710.9,PAID,2026-07-10T13:00:00Z,2026-07-06T10:00:00Z,2026-08-01T10:00:00Z,batch-20260801-001
INV-000592,CONTRACT-000142,2026-06-01,2026-07-03,2026-07-13,696.65,543.97,709.85,101.86,607.99,PAID,2026-07-10T13:00:00Z,2026-07-06T10:00:00Z,2026-08-01T10:00:00Z,batch-20260801-001
INV-000593,CONTRACT-000143,2026-06-01,2026-07-03,2026-07-13,247.53,243.81,287.68,41.11,246.57,PAID,2026-07-10T13:00:00Z,2026-07-06T10:00:00Z,2026-08-01T10:00:00Z,batch-20260801-001
INV-000594,CONTRACT-000144,2026-06-01,2026-07-03,2026-07-13,1064.57,886.8,1055.7,134.07,921.63,PAID,2026-07-10T13:00:00Z,2026-07-06T10:00:00Z,2026-08-01T10:00:00Z,batch-20260801-001
INV-000595,CONTRACT-000145,2026-06-01,2026-07-03,2026-07-13,373.9,235.13,406.47,60.36,346.11,PAID,2026-07-10T13:00:00Z,2026-07-06T10:00:00Z,2026-08-01T10:00:00Z,batch-20260801-001
INV-000596,CONTRACT-000146,2026-06-01,2026-07-03,2026-07-13,844.22,721.05,848.57,84.94,763.63,PAID,2026-07-10T13:00:00Z,2026-07-06T10:00:00Z,2026-08-01T10:00:00Z,batch-20260801-001
INV-000597,CONTRACT-000147,2026-06-01,2026-07-03,2026-07-13,430.6,371.41,459.76,61.38,398.38,PAID,2026-07-10T13:00:00Z,2026-07-06T10:00:00Z,2026-08-01T10:00:00Z,batch-20260801-001
INV-000598,CONTRACT-000148,2026-06-01,2026-07-03,2026-07-13,511.52,336.61,535.83,99.5,436.33,PAID,2026-07-10T13:00:00Z,2026-07-06T10:00:00Z,2026-08-01T10:00:00Z,batch-20260801-001
INV-000599,CONTRACT-000149,2026-06-01,2026-07-03,2026-07-13,1092.71,885.09,1082.15,193.49,888.66,PAID,2026-07-10T13:00:00Z,2026-07-06T10:00:00Z,2026-08-01T10:00:00Z,batch-20260801-001
INV-000600,CONTRACT-000150,2026-06-01,2026-07-03,2026-07-13,366.32,268.06,399.34,63.73,335.61,PAID,2026-07-10T13:00:00Z,2026-07-06T10:00:00Z,2026-08-01T10:00:00Z,batch-20260801-001
INV-000601,CONTRACT-000001,2026-07-01,2026-08-02,2026-08-12,1132.81,893.3,1119.84,139.87,979.97,PAID,2026-08-09T13:00:00Z,2026-08-05T10:00:00Z,2026-08-01T10:00:00Z,batch-20260801-001
INV-000602,CONTRACT-000002,2026-07-01,2026-08-02,2026-08-12,704.58,626.42,717.31,100.5,616.81,OPEN,NULL,2026-08-05T10:00:00Z,2026-08-01T10:00:00Z,batch-20260801-001
INV-000603,CONTRACT-000003,2026-07-01,2026-08-02,2026-08-12,386.69,255.63,418.49,43.94,374.55,PAID,2026-08-09T13:00:00Z,2026-08-05T10:00:00Z,2026-08-01T10:00:00Z,batch-20260801-001
INV-000604,CONTRACT-000004,2026-07-01,2026-08-02,2026-08-12,1303.67,921.33,1280.45,163.26,1117.19,PAID,2026-08-09T13:00:00Z,2026-08-05T10:00:00Z,2026-08-01T10:00:00Z,batch-20260801-001
INV-000605,CONTRACT-000005,2026-07-01,2026-08-02,2026-08-12,712.65,540.65,724.89,143.82,581.07,PAID,2026-08-09T13:00:00Z,2026-08-05T10:00:00Z,2026-08-01T10:00:00Z,batch-20260801-001
INV-000606,CONTRACT-000006,2026-07-01,2026-08-02,2026-08-12,583.91,456.72,603.88,112.26,491.62,PAID,2026-08-09T13:00:00Z,2026-08-05T10:00:00Z,2026-08-01T10:00:00Z,batch-20260801-001
INV-000607,CONTRACT-000007,2026-07-01,2026-08-02,2026-08-12,433.37,433.37,462.37,69.22,393.15,PAID,2026-08-09T13:00:00Z,2026-08-05T10:00:00Z,2026-08-01T10:00:00Z,batch-20260801-001
INV-000608,CONTRACT-000008,2026-07-01,2026-08-02,2026-08-12,249.02,175.87,289.08,46.25,242.83,PAID,2026-08-09T13:00:00Z,2026-08-05T10:00:00Z,2026-08-01T10:00:00Z,batch-20260801-001
INV-000609,CONTRACT-000009,2026-07-01,2026-08-02,2026-08-12,482.42,460.34,508.47,88.68,419.79,PAID,2026-08-09T13:00:00Z,2026-08-05T10:00:00Z,2026-08-01T10:00:00Z,batch-20260801-001
INV-000610,CONTRACT-000010,2026-07-01,2026-08-02,2026-08-12,554.59,506.09,576.31,63.57,512.74,PAID,2026-08-09T13:00:00Z,2026-08-05T10:00:00Z,2026-08-01T10:00:00Z,batch-20260801-001
INV-000611,CONTRACT-000011,2026-07-01,2026-08-02,2026-08-12,685.01,520.18,698.91,75.48,623.43,PAID,2026-08-09T13:00:00Z,2026-08-05T10:00:00Z,2026-08-01T10:00:00Z,batch-20260801-001
INV-000612,CONTRACT-000012,2026-07-01,2026-08-02,2026-08-12,748.37,704.77,758.47,93.6,664.87,PAID,2026-08-09T13:00:00Z,2026-08-05T10:00:00Z,2026-08-01T10:00:00Z,batch-20260801-001
INV-000613,CONTRACT-000013,2026-07-01,2026-08-02,2026-08-12,463.71,463.71,490.89,50.22,440.67,PAID,2026-08-09T13:00:00Z,2026-08-05T10:00:00Z,2026-08-01T10:00:00Z,batch-20260801-001
INV-000614,CONTRACT-000014,2026-07-01,2026-08-02,2026-08-12,1038.23,868.04,1030.94,107.11,923.83,PAID,2026-08-09T13:00:00Z,2026-08-05T10:00:00Z,2026-08-01T10:00:00Z,batch-20260801-001
INV-000615,CONTRACT-000015,2026-07-01,2026-08-02,2026-08-12,777.52,546.05,785.87,84.09,701.78,PAID,2026-08-09T13:00:00Z,2026-08-05T10:00:00Z,2026-08-01T10:00:00Z,batch-20260801-001
INV-000616,CONTRACT-000016,2026-07-01,2026-08-02,2026-08-12,438.97,336.14,467.63,64.86,402.77,PAID,2026-08-09T13:00:00Z,2026-08-05T10:00:00Z,2026-08-01T10:00:00Z,batch-20260801-001
INV-000617,CONTRACT-000017,2026-07-01,2026-08-02,2026-08-12,1084.17,894.05,1074.12,198.93,875.19,PAID,2026-08-09T13:00:00Z,2026-08-05T10:00:00Z,2026-08-01T10:00:00Z,batch-20260801-001
INV-000618,CONTRACT-000018,2026-07-01,2026-08-02,2026-08-12,413.97,356.53,444.13,78.7,365.43,PAID,2026-08-09T13:00:00Z,2026-08-05T10:00:00Z,2026-08-01T10:00:00Z,batch-20260801-001
INV-000619,CONTRACT-000019,2026-07-01,2026-08-02,2026-08-12,498.55,490.69,523.64,96.4,427.24,OPEN,NULL,2026-08-05T10:00:00Z,2026-08-01T10:00:00Z,batch-20260801-001
INV-000620,CONTRACT-000020,2026-07-01,2026-08-02,2026-08-12,733.62,606.21,744.6,94.49,650.11,PAID,2026-08-09T13:00:00Z,2026-08-05T10:00:00Z,2026-08-01T10:00:00Z,batch-20260801-001
INV-000621,CONTRACT-000021,2026-07-01,2026-08-02,2026-08-12,550.96,459.44,572.9,58.03,514.87,OPEN,NULL,2026-08-05T10:00:00Z,2026-08-01T10:00:00Z,batch-20260801-001
INV-000622,CONTRACT-000022,2026-07-01,2026-08-02,2026-08-12,783.87,708.8,791.84,124.64,667.2,PAID,2026-08-09T13:00:00Z,2026-08-05T10:00:00Z,2026-08-01T10:00:00Z,batch-20260801-001
INV-000623,CONTRACT-000023,2026-07-01,2026-08-02,2026-08-12,436.42,340.82,465.23,60.71,404.52,PAID,2026-08-09T13:00:00Z,2026-08-05T10:00:00Z,2026-08-01T10:00:00Z,batch-20260801-001
INV-000624,CONTRACT-000024,2026-07-01,2026-08-02,2026-08-12,284.96,207.81,322.86,60.99,261.87,PAID,2026-08-09T13:00:00Z,2026-08-05T10:00:00Z,2026-08-01T10:00:00Z,batch-20260801-001
INV-000625,CONTRACT-000025,2026-07-01,2026-08-02,2026-08-12,1373.35,1034.68,1345.95,167.3,1178.65,PAID,2026-08-09T13:00:00Z,2026-08-05T10:00:00Z,2026-08-01T10:00:00Z,batch-20260801-001
INV-000626,CONTRACT-000026,2026-07-01,2026-08-02,2026-08-12,499.16,499.16,524.21,74.96,449.25,PAID,2026-08-09T13:00:00Z,2026-08-05T10:00:00Z,2026-08-01T10:00:00Z,batch-20260801-001
INV-000627,CONTRACT-000027,2026-07-01,2026-08-02,2026-08-12,771.88,581.92,780.57,125.44,655.13,PAID,2026-08-09T13:00:00Z,2026-08-05T10:00:00Z,2026-08-01T10:00:00Z,batch-20260801-001
INV-000628,CONTRACT-000028,2026-07-01,2026-08-02,2026-08-12,585.43,580.91,605.3,95.52,509.78,PAID,2026-08-09T13:00:00Z,2026-08-05T10:00:00Z,2026-08-01T10:00:00Z,batch-20260801-001
INV-000629,CONTRACT-000029,2026-07-01,2026-08-02,2026-08-12,726.42,619.95,737.83,88.98,648.85,PAID,2026-08-09T13:00:00Z,2026-08-05T10:00:00Z,2026-08-01T10:00:00Z,batch-20260801-001
INV-000630,CONTRACT-000030,2026-07-01,2026-08-02,2026-08-12,1041.89,710.24,1034.38,148.02,886.36,PAID,2026-08-09T13:00:00Z,2026-08-05T10:00:00Z,2026-08-01T10:00:00Z,batch-20260801-001
INV-000631,CONTRACT-000031,2026-07-01,2026-08-02,2026-08-12,635.12,532.14,652.01,109.34,542.67,PAID,2026-08-09T13:00:00Z,2026-08-05T10:00:00Z,2026-08-01T10:00:00Z,batch-20260801-001
INV-000632,CONTRACT-000032,2026-07-01,2026-08-02,2026-08-12,695.06,695.06,708.36,104.84,603.52,OPEN,NULL,2026-08-05T10:00:00Z,2026-08-01T10:00:00Z,batch-20260801-001
INV-000633,CONTRACT-000033,2026-07-01,2026-08-02,2026-08-12,1034.03,1034.03,1026.99,179.72,847.27,PAID,2026-08-09T13:00:00Z,2026-08-05T10:00:00Z,2026-08-01T10:00:00Z,batch-20260801-001
INV-000634,CONTRACT-000034,2026-07-01,2026-08-02,2026-08-12,872.3,665.53,874.96,106.75,768.21,PAID,2026-08-09T13:00:00Z,2026-08-05T10:00:00Z,2026-08-01T10:00:00Z,batch-20260801-001
INV-000635,CONTRACT-000035,2026-07-01,2026-08-02,2026-08-12,398.98,335.68,430.04,62.87,367.17,PAID,2026-08-09T13:00:00Z,2026-08-05T10:00:00Z,2026-08-01T10:00:00Z,batch-20260801-001
INV-000636,CONTRACT-000036,2026-07-01,2026-08-02,2026-08-12,1032.61,905.51,1025.65,199.9,825.75,PAID,2026-08-09T13:00:00Z,2026-08-05T10:00:00Z,2026-08-01T10:00:00Z,batch-20260801-001
INV-000637,CONTRACT-000037,2026-07-01,2026-08-02,2026-08-12,691.08,601.16,704.62,139.51,565.11,PAID,2026-08-09T13:00:00Z,2026-08-05T10:00:00Z,2026-08-01T10:00:00Z,batch-20260801-001
INV-000638,CONTRACT-000038,2026-07-01,2026-08-02,2026-08-12,543.84,501.03,566.21,80.52,485.69,PAID,2026-08-09T13:00:00Z,2026-08-05T10:00:00Z,2026-08-01T10:00:00Z,batch-20260801-001
INV-000639,CONTRACT-000039,2026-07-01,2026-08-02,2026-08-12,258.67,253.18,298.15,38.31,259.84,PAID,2026-08-09T13:00:00Z,2026-08-05T10:00:00Z,2026-08-01T10:00:00Z,batch-20260801-001
INV-000640,CONTRACT-000040,2026-07-01,2026-08-02,2026-08-12,549.73,373.54,571.75,110.52,461.23,PAID,2026-08-09T13:00:00Z,2026-08-05T10:00:00Z,2026-08-01T10:00:00Z,batch-20260801-001
INV-000641,CONTRACT-000041,2026-07-01,2026-08-02,2026-08-12,760.31,722.85,769.69,124.69,645,PAID,2026-08-09T13:00:00Z,2026-08-05T10:00:00Z,2026-08-01T10:00:00Z,batch-20260801-001
INV-000642,CONTRACT-000042,2026-07-01,2026-08-02,2026-08-12,748.3,569.36,758.4,136.59,621.81,OPEN,NULL,2026-08-05T10:00:00Z,2026-08-01T10:00:00Z,batch-20260801-001
INV-000643,CONTRACT-000043,2026-07-01,2026-08-02,2026-08-12,844.59,790.66,848.91,159.6,689.31,PAID,2026-08-09T13:00:00Z,2026-08-05T10:00:00Z,2026-08-01T10:00:00Z,batch-20260801-001
INV-000644,CONTRACT-000044,2026-07-01,2026-08-02,2026-08-12,492.51,492.21,517.96,86.86,431.1,PAID,2026-08-09T13:00:00Z,2026-08-05T10:00:00Z,2026-08-01T10:00:00Z,batch-20260801-001
INV-000645,CONTRACT-000045,2026-07-01,2026-08-02,2026-08-12,1064.18,858.34,1055.33,169.49,885.84,PAID,2026-08-09T13:00:00Z,2026-08-05T10:00:00Z,2026-08-01T10:00:00Z,batch-20260801-001
INV-000646,CONTRACT-000046,2026-07-01,2026-08-02,2026-08-12,988.45,840.37,984.14,183.35,800.79,PAID,2026-08-09T13:00:00Z,2026-08-05T10:00:00Z,2026-08-01T10:00:00Z,batch-20260801-001
INV-000647,CONTRACT-000047,2026-07-01,2026-08-02,2026-08-12,955.04,807.09,952.74,127.86,824.88,PAID,2026-08-09T13:00:00Z,2026-08-05T10:00:00Z,2026-08-01T10:00:00Z,batch-20260801-001
INV-000648,CONTRACT-000048,2026-07-01,2026-08-02,2026-08-12,736.96,572.42,747.74,109.02,638.72,PAID,2026-08-09T13:00:00Z,2026-08-05T10:00:00Z,2026-08-01T10:00:00Z,batch-20260801-001
INV-000649,CONTRACT-000049,2026-07-01,2026-08-02,2026-08-12,379.13,346.86,411.38,46.65,364.73,PAID,2026-08-09T13:00:00Z,2026-08-05T10:00:00Z,2026-08-01T10:00:00Z,batch-20260801-001
INV-000650,CONTRACT-000050,2026-07-01,2026-08-02,2026-08-12,693.35,646.88,706.75,134.85,571.9,PAID,2026-08-09T13:00:00Z,2026-08-05T10:00:00Z,2026-08-01T10:00:00Z,batch-20260801-001
INV-000651,CONTRACT-000051,2026-07-01,2026-08-02,2026-08-12,972.96,871.2,969.58,100.93,868.65,PAID,2026-08-09T13:00:00Z,2026-08-05T10:00:00Z,2026-08-01T10:00:00Z,batch-20260801-001
INV-000652,CONTRACT-000052,2026-07-01,2026-08-02,2026-08-12,482.13,482.13,508.2,52.5,455.7,PAID,2026-08-09T13:00:00Z,2026-08-05T10:00:00Z,2026-08-01T10:00:00Z,batch-20260801-001
INV-000653,CONTRACT-000053,2026-07-01,2026-08-02,2026-08-12,1241.51,939.15,1222.02,209.7,1012.32,PAID,2026-08-09T13:00:00Z,2026-08-05T10:00:00Z,2026-08-01T10:00:00Z,batch-20260801-001
INV-000654,CONTRACT-000054,2026-07-01,2026-08-02,2026-08-12,337.49,308.65,372.24,49.92,322.32,PAID,2026-08-09T13:00:00Z,2026-08-05T10:00:00Z,2026-08-01T10:00:00Z,batch-20260801-001
INV-000655,CONTRACT-000055,2026-07-01,2026-08-02,2026-08-12,317.79,210.81,353.72,68.76,284.96,PAID,2026-08-09T13:00:00Z,2026-08-05T10:00:00Z,2026-08-01T10:00:00Z,batch-20260801-001
INV-000656,CONTRACT-000056,2026-07-01,2026-08-02,2026-08-12,750,686.51,760,138.7,621.3,PAID,2026-08-09T13:00:00Z,2026-08-05T10:00:00Z,2026-08-01T10:00:00Z,batch-20260801-001
INV-000657,CONTRACT-000057,2026-07-01,2026-08-02,2026-08-12,221.63,221.63,263.33,49.51,213.82,PAID,2026-08-09T13:00:00Z,2026-08-05T10:00:00Z,2026-08-01T10:00:00Z,batch-20260801-001
INV-000658,CONTRACT-000058,2026-07-01,2026-08-02,2026-08-12,757.83,720.67,767.36,122.62,644.74,PAID,2026-08-09T13:00:00Z,2026-08-05T10:00:00Z,2026-08-01T10:00:00Z,batch-20260801-001
INV-000659,CONTRACT-000059,2026-07-01,2026-08-02,2026-08-12,1286.93,984.21,1264.71,178.58,1086.13,PAID,2026-08-09T13:00:00Z,2026-08-05T10:00:00Z,2026-08-01T10:00:00Z,batch-20260801-001
INV-000660,CONTRACT-000060,2026-07-01,2026-08-02,2026-08-12,902.82,817.86,903.65,113.14,790.51,PAID,2026-08-09T13:00:00Z,2026-08-05T10:00:00Z,2026-08-01T10:00:00Z,batch-20260801-001
INV-000661,CONTRACT-000061,2026-07-01,2026-08-02,2026-08-12,1076.31,832.23,1066.73,126.83,939.9,PAID,2026-08-09T13:00:00Z,2026-08-05T10:00:00Z,2026-08-01T10:00:00Z,batch-20260801-001
INV-000662,CONTRACT-000062,2026-07-01,2026-08-02,2026-08-12,694.5,670.18,707.83,140.79,567.04,OPEN,NULL,2026-08-05T10:00:00Z,2026-08-01T10:00:00Z,batch-20260801-001
INV-000663,CONTRACT-000063,2026-07-01,2026-08-02,2026-08-12,633.15,414.41,650.16,88.03,562.13,PAID,2026-08-09T13:00:00Z,2026-08-05T10:00:00Z,2026-08-01T10:00:00Z,batch-20260801-001
INV-000664,CONTRACT-000064,2026-07-01,2026-08-02,2026-08-12,503.81,379.44,528.58,78.02,450.56,PAID,2026-08-09T13:00:00Z,2026-08-05T10:00:00Z,2026-08-01T10:00:00Z,batch-20260801-001
INV-000665,CONTRACT-000065,2026-07-01,2026-08-02,2026-08-12,688.98,528.09,702.64,125.77,576.87,PAID,2026-08-09T13:00:00Z,2026-08-05T10:00:00Z,2026-08-01T10:00:00Z,batch-20260801-001
INV-000666,CONTRACT-000066,2026-07-01,2026-08-02,2026-08-12,303.13,303.13,339.94,37.16,302.78,PAID,2026-08-09T13:00:00Z,2026-08-05T10:00:00Z,2026-08-01T10:00:00Z,batch-20260801-001
INV-000667,CONTRACT-000067,2026-07-01,2026-08-02,2026-08-12,910.94,672.77,911.28,145.53,765.75,PAID,2026-08-09T13:00:00Z,2026-08-05T10:00:00Z,2026-08-01T10:00:00Z,batch-20260801-001
INV-000668,CONTRACT-000068,2026-07-01,2026-08-02,2026-08-12,667.13,555.22,682.1,86.08,596.02,PAID,2026-08-09T13:00:00Z,2026-08-05T10:00:00Z,2026-08-01T10:00:00Z,batch-20260801-001
INV-000669,CONTRACT-000069,2026-07-01,2026-08-02,2026-08-12,385.48,270.79,417.35,50.04,367.31,PAID,2026-08-09T13:00:00Z,2026-08-05T10:00:00Z,2026-08-01T10:00:00Z,batch-20260801-001
INV-000670,CONTRACT-000070,2026-07-01,2026-08-02,2026-08-12,787.62,673.59,795.36,87.97,707.39,PAID,2026-08-09T13:00:00Z,2026-08-05T10:00:00Z,2026-08-01T10:00:00Z,batch-20260801-001
INV-000671,CONTRACT-000071,2026-07-01,2026-08-02,2026-08-12,1028.52,655,1021.81,130.49,891.32,PAID,2026-08-09T13:00:00Z,2026-08-05T10:00:00Z,2026-08-01T10:00:00Z,batch-20260801-001
INV-000672,CONTRACT-000072,2026-07-01,2026-08-02,2026-08-12,271.63,271.63,310.33,54.12,256.21,OPEN,NULL,2026-08-05T10:00:00Z,2026-08-01T10:00:00Z,batch-20260801-001
INV-000673,CONTRACT-000073,2026-07-01,2026-08-02,2026-08-12,834.62,748.1,839.54,115.44,724.1,PAID,2026-08-09T13:00:00Z,2026-08-05T10:00:00Z,2026-08-01T10:00:00Z,batch-20260801-001
INV-000674,CONTRACT-000074,2026-07-01,2026-08-02,2026-08-12,413.19,357.28,443.4,68.15,375.25,PAID,2026-08-09T13:00:00Z,2026-08-05T10:00:00Z,2026-08-01T10:00:00Z,batch-20260801-001
INV-000675,CONTRACT-000075,2026-07-01,2026-08-02,2026-08-12,1037.25,829.67,1030.01,171.29,858.72,PAID,2026-08-09T13:00:00Z,2026-08-05T10:00:00Z,2026-08-01T10:00:00Z,batch-20260801-001
INV-000676,CONTRACT-000076,2026-07-01,2026-08-02,2026-08-12,491.28,385.21,516.8,67.75,449.05,PAID,2026-08-09T13:00:00Z,2026-08-05T10:00:00Z,2026-08-01T10:00:00Z,batch-20260801-001
INV-000677,CONTRACT-000077,2026-07-01,2026-08-02,2026-08-12,828.64,790.76,833.92,137.35,696.57,PAID,2026-08-09T13:00:00Z,2026-08-05T10:00:00Z,2026-08-01T10:00:00Z,batch-20260801-001
INV-000678,CONTRACT-000078,2026-07-01,2026-08-02,2026-08-12,616.42,484.77,634.43,93.26,541.17,PAID,2026-08-09T13:00:00Z,2026-08-05T10:00:00Z,2026-08-01T10:00:00Z,batch-20260801-001
INV-000679,CONTRACT-000079,2026-07-01,2026-08-02,2026-08-12,588.48,578.89,608.17,116.28,491.89,PAID,2026-08-09T13:00:00Z,2026-08-05T10:00:00Z,2026-08-01T10:00:00Z,batch-20260801-001
INV-000680,CONTRACT-000080,2026-07-01,2026-08-02,2026-08-12,618.31,502.3,636.21,120.69,515.52,PAID,2026-08-09T13:00:00Z,2026-08-05T10:00:00Z,2026-08-01T10:00:00Z,batch-20260801-001
INV-000681,CONTRACT-000081,2026-07-01,2026-08-02,2026-08-12,688.21,547.23,701.92,105.71,596.21,OPEN,NULL,2026-08-05T10:00:00Z,2026-08-01T10:00:00Z,batch-20260801-001
INV-000682,CONTRACT-000082,2026-07-01,2026-08-02,2026-08-12,547.73,540.16,569.87,94.2,475.67,PAID,2026-08-09T13:00:00Z,2026-08-05T10:00:00Z,2026-08-01T10:00:00Z,batch-20260801-001
INV-000683,CONTRACT-000083,2026-07-01,2026-08-02,2026-08-12,712.39,519.26,724.65,85.15,639.5,PAID,2026-08-09T13:00:00Z,2026-08-05T10:00:00Z,2026-08-01T10:00:00Z,batch-20260801-001
INV-000684,CONTRACT-000084,2026-07-01,2026-08-02,2026-08-12,814.62,814.62,820.74,148.88,671.86,PAID,2026-08-09T13:00:00Z,2026-08-05T10:00:00Z,2026-08-01T10:00:00Z,batch-20260801-001
INV-000685,CONTRACT-000085,2026-07-01,2026-08-02,2026-08-12,673.83,565.63,688.4,99.75,588.65,PAID,2026-08-09T13:00:00Z,2026-08-05T10:00:00Z,2026-08-01T10:00:00Z,batch-20260801-001
INV-000686,CONTRACT-000086,2026-07-01,2026-08-02,2026-08-12,1263.26,1040.64,1242.46,160.53,1081.93,PAID,2026-08-09T13:00:00Z,2026-08-05T10:00:00Z,2026-08-01T10:00:00Z,batch-20260801-001
INV-000687,CONTRACT-000087,2026-07-01,2026-08-02,2026-08-12,592.35,506.53,611.81,62.28,549.53,PAID,2026-08-09T13:00:00Z,2026-08-05T10:00:00Z,2026-08-01T10:00:00Z,batch-20260801-001
INV-000688,CONTRACT-000088,2026-07-01,2026-08-02,2026-08-12,687.51,624.47,701.26,78.4,622.86,PAID,2026-08-09T13:00:00Z,2026-08-05T10:00:00Z,2026-08-01T10:00:00Z,batch-20260801-001
INV-000689,CONTRACT-000089,2026-07-01,2026-08-02,2026-08-12,975.11,953.1,971.6,116.79,854.81,OPEN,NULL,2026-08-05T10:00:00Z,2026-08-01T10:00:00Z,batch-20260801-001
INV-000690,CONTRACT-000090,2026-07-01,2026-08-02,2026-08-12,791.8,614.71,799.29,141.47,657.82,PAID,2026-08-09T13:00:00Z,2026-08-05T10:00:00Z,2026-08-01T10:00:00Z,batch-20260801-001
INV-000691,CONTRACT-000091,2026-07-01,2026-08-02,2026-08-12,893.73,669.26,895.11,128.09,767.02,PAID,2026-08-09T13:00:00Z,2026-08-05T10:00:00Z,2026-08-01T10:00:00Z,batch-20260801-001
INV-000692,CONTRACT-000092,2026-07-01,2026-08-02,2026-08-12,586.65,500.86,606.45,66.04,540.41,PAID,2026-08-09T13:00:00Z,2026-08-05T10:00:00Z,2026-08-01T10:00:00Z,batch-20260801-001
INV-000693,CONTRACT-000093,2026-07-01,2026-08-02,2026-08-12,841.06,640.06,845.6,145.87,699.73,OPEN,NULL,2026-08-05T10:00:00Z,2026-08-01T10:00:00Z,batch-20260801-001
INV-000694,CONTRACT-000094,2026-07-01,2026-08-02,2026-08-12,970.56,648.05,967.33,106.12,861.21,PAID,2026-08-09T13:00:00Z,2026-08-05T10:00:00Z,2026-08-01T10:00:00Z,batch-20260801-001
INV-000695,CONTRACT-000095,2026-07-01,2026-08-02,2026-08-12,982.73,966.17,978.77,164.24,814.53,PAID,2026-08-09T13:00:00Z,2026-08-05T10:00:00Z,2026-08-01T10:00:00Z,batch-20260801-001
INV-000696,CONTRACT-000096,2026-07-01,2026-08-02,2026-08-12,396.93,325.52,428.11,53.64,374.47,PAID,2026-08-09T13:00:00Z,2026-08-05T10:00:00Z,2026-08-01T10:00:00Z,batch-20260801-001
INV-000697,CONTRACT-000097,2026-07-01,2026-08-02,2026-08-12,776.89,562.98,785.28,144.49,640.79,OPEN,NULL,2026-08-05T10:00:00Z,2026-08-01T10:00:00Z,batch-20260801-001
INV-000698,CONTRACT-000098,2026-07-01,2026-08-02,2026-08-12,587.45,580.62,607.2,85.68,521.52,PAID,2026-08-09T13:00:00Z,2026-08-05T10:00:00Z,2026-08-01T10:00:00Z,batch-20260801-001
INV-000699,CONTRACT-000099,2026-07-01,2026-08-02,2026-08-12,593.73,376.51,613.11,94.6,518.51,PAID,2026-08-09T13:00:00Z,2026-08-05T10:00:00Z,2026-08-01T10:00:00Z,batch-20260801-001
INV-000700,CONTRACT-000100,2026-07-01,2026-08-02,2026-08-12,580.26,406.76,600.44,97.03,503.41,PAID,2026-08-09T13:00:00Z,2026-08-05T10:00:00Z,2026-08-01T10:00:00Z,batch-20260801-001
INV-000701,CONTRACT-000101,2026-07-01,2026-08-02,2026-08-12,241.18,211.22,281.71,34.14,247.57,PAID,2026-08-09T13:00:00Z,2026-08-05T10:00:00Z,2026-08-01T10:00:00Z,batch-20260801-001
INV-000702,CONTRACT-000102,2026-07-01,2026-08-02,2026-08-12,515.95,414.79,539.99,67.12,472.87,PAID,2026-08-09T13:00:00Z,2026-08-05T10:00:00Z,2026-08-01T10:00:00Z,batch-20260801-001
INV-000703,CONTRACT-000103,2026-07-01,2026-08-02,2026-08-12,657.47,468.71,673.02,132.05,540.97,PAID,2026-08-09T13:00:00Z,2026-08-05T10:00:00Z,2026-08-01T10:00:00Z,batch-20260801-001
INV-000704,CONTRACT-000104,2026-07-01,2026-08-02,2026-08-12,457.88,383.45,485.41,59.37,426.04,PAID,2026-08-09T13:00:00Z,2026-08-05T10:00:00Z,2026-08-01T10:00:00Z,batch-20260801-001
INV-000705,CONTRACT-000105,2026-07-01,2026-08-02,2026-08-12,764.52,610.63,773.65,117.44,656.21,PAID,2026-08-09T13:00:00Z,2026-08-05T10:00:00Z,2026-08-01T10:00:00Z,batch-20260801-001
INV-000706,CONTRACT-000106,2026-07-01,2026-08-02,2026-08-12,646.97,453.72,663.15,88.27,574.88,PAID,2026-08-09T13:00:00Z,2026-08-05T10:00:00Z,2026-08-01T10:00:00Z,batch-20260801-001
INV-000707,CONTRACT-000107,2026-07-01,2026-08-02,2026-08-12,753.09,549.02,762.9,126.87,636.03,PAID,2026-08-09T13:00:00Z,2026-08-05T10:00:00Z,2026-08-01T10:00:00Z,batch-20260801-001
INV-000708,CONTRACT-000108,2026-07-01,2026-08-02,2026-08-12,1038.99,901.6,1031.65,193.23,838.42,PAID,2026-08-09T13:00:00Z,2026-08-05T10:00:00Z,2026-08-01T10:00:00Z,batch-20260801-001
INV-000709,CONTRACT-000109,2026-07-01,2026-08-02,2026-08-12,506.16,405.21,530.79,68.1,462.69,PAID,2026-08-09T13:00:00Z,2026-08-05T10:00:00Z,2026-08-01T10:00:00Z,batch-20260801-001
INV-000710,CONTRACT-000110,2026-07-01,2026-08-02,2026-08-12,277.07,197.29,315.45,36.97,278.48,OPEN,NULL,2026-08-05T10:00:00Z,2026-08-01T10:00:00Z,batch-20260801-001
INV-000711,CONTRACT-000111,2026-07-01,2026-08-02,2026-08-12,798.79,554.33,805.86,140.86,665,PAID,2026-08-09T13:00:00Z,2026-08-05T10:00:00Z,2026-08-01T10:00:00Z,batch-20260801-001
INV-000712,CONTRACT-000112,2026-07-01,2026-08-02,2026-08-12,265.35,209.17,304.43,58.45,245.98,PAID,2026-08-09T13:00:00Z,2026-08-05T10:00:00Z,2026-08-01T10:00:00Z,batch-20260801-001
INV-000713,CONTRACT-000113,2026-07-01,2026-08-02,2026-08-12,410.81,380.68,441.16,52.94,388.22,OPEN,NULL,2026-08-05T10:00:00Z,2026-08-01T10:00:00Z,batch-20260801-001
INV-000714,CONTRACT-000114,2026-07-01,2026-08-02,2026-08-12,218.16,203.3,260.07,31.52,228.55,PAID,2026-08-09T13:00:00Z,2026-08-05T10:00:00Z,2026-08-01T10:00:00Z,batch-20260801-001
INV-000715,CONTRACT-000115,2026-07-01,2026-08-02,2026-08-12,852.96,709.29,856.78,163.3,693.48,PAID,2026-08-09T13:00:00Z,2026-08-05T10:00:00Z,2026-08-01T10:00:00Z,batch-20260801-001
INV-000716,CONTRACT-000116,2026-07-01,2026-08-02,2026-08-12,883.36,689.79,885.36,94.73,790.63,PAID,2026-08-09T13:00:00Z,2026-08-05T10:00:00Z,2026-08-01T10:00:00Z,batch-20260801-001
INV-000717,CONTRACT-000117,2026-07-01,2026-08-02,2026-08-12,243.91,227.07,284.28,41.7,242.58,PAID,2026-08-09T13:00:00Z,2026-08-05T10:00:00Z,2026-08-01T10:00:00Z,batch-20260801-001
INV-000718,CONTRACT-000118,2026-07-01,2026-08-02,2026-08-12,1148.41,1003.34,1134.51,149.53,984.98,PAID,2026-08-09T13:00:00Z,2026-08-05T10:00:00Z,2026-08-01T10:00:00Z,batch-20260801-001
INV-000719,CONTRACT-000119,2026-07-01,2026-08-02,2026-08-12,246.37,235.41,286.59,56.86,229.73,OPEN,NULL,2026-08-05T10:00:00Z,2026-08-01T10:00:00Z,batch-20260801-001
INV-000720,CONTRACT-000120,2026-07-01,2026-08-02,2026-08-12,821.46,745.28,827.17,97.94,729.23,PAID,2026-08-09T13:00:00Z,2026-08-05T10:00:00Z,2026-08-01T10:00:00Z,batch-20260801-001
INV-000721,CONTRACT-000121,2026-07-01,2026-08-02,2026-08-12,770.26,534.95,779.04,86.47,692.57,PAID,2026-08-09T13:00:00Z,2026-08-05T10:00:00Z,2026-08-01T10:00:00Z,batch-20260801-001
INV-000722,CONTRACT-000122,2026-07-01,2026-08-02,2026-08-12,832.85,832.85,837.88,138.92,698.96,PAID,2026-08-09T13:00:00Z,2026-08-05T10:00:00Z,2026-08-01T10:00:00Z,batch-20260801-001
INV-000723,CONTRACT-000123,2026-07-01,2026-08-02,2026-08-12,384.66,270.3,416.58,73.23,343.35,PAID,2026-08-09T13:00:00Z,2026-08-05T10:00:00Z,2026-08-01T10:00:00Z,batch-20260801-001
INV-000724,CONTRACT-000124,2026-07-01,2026-08-02,2026-08-12,1027.05,788.13,1020.43,103.27,917.16,PAID,2026-08-09T13:00:00Z,2026-08-05T10:00:00Z,2026-08-01T10:00:00Z,batch-20260801-001
INV-000725,CONTRACT-000125,2026-07-01,2026-08-02,2026-08-12,298.28,209.5,335.38,63.29,272.09,PAID,2026-08-09T13:00:00Z,2026-08-05T10:00:00Z,2026-08-01T10:00:00Z,batch-20260801-001
INV-000726,CONTRACT-000126,2026-07-01,2026-08-02,2026-08-12,955.44,812.2,953.11,135.91,817.2,PAID,2026-08-09T13:00:00Z,2026-08-05T10:00:00Z,2026-08-01T10:00:00Z,batch-20260801-001
INV-000727,CONTRACT-000127,2026-07-01,2026-08-02,2026-08-12,730.57,561.47,741.74,79.37,662.37,PAID,2026-08-09T13:00:00Z,2026-08-05T10:00:00Z,2026-08-01T10:00:00Z,batch-20260801-001
INV-000728,CONTRACT-000128,2026-07-01,2026-08-02,2026-08-12,545.82,503.99,568.07,113.56,454.51,PAID,2026-08-09T13:00:00Z,2026-08-05T10:00:00Z,2026-08-01T10:00:00Z,batch-20260801-001
INV-000729,CONTRACT-000129,2026-07-01,2026-08-02,2026-08-12,761.05,536.86,770.39,147.68,622.71,PAID,2026-08-09T13:00:00Z,2026-08-05T10:00:00Z,2026-08-01T10:00:00Z,batch-20260801-001
INV-000730,CONTRACT-000130,2026-07-01,2026-08-02,2026-08-12,384.51,267.17,416.44,47.47,368.97,OPEN,NULL,2026-08-05T10:00:00Z,2026-08-01T10:00:00Z,batch-20260801-001
INV-000731,CONTRACT-000131,2026-07-01,2026-08-02,2026-08-12,1111.12,820.98,1099.45,140.07,959.38,PAID,2026-08-09T13:00:00Z,2026-08-05T10:00:00Z,2026-08-01T10:00:00Z,batch-20260801-001
INV-000732,CONTRACT-000132,2026-07-01,2026-08-02,2026-08-12,794.13,793.52,801.48,134.89,666.59,PAID,2026-08-09T13:00:00Z,2026-08-05T10:00:00Z,2026-08-01T10:00:00Z,batch-20260801-001
INV-000733,CONTRACT-000133,2026-07-01,2026-08-02,2026-08-12,862.78,673.53,866.01,109.2,756.81,PAID,2026-08-09T13:00:00Z,2026-08-05T10:00:00Z,2026-08-01T10:00:00Z,batch-20260801-001
INV-000734,CONTRACT-000134,2026-07-01,2026-08-02,2026-08-12,971.28,971.28,968,104.45,863.55,PAID,2026-08-09T13:00:00Z,2026-08-05T10:00:00Z,2026-08-01T10:00:00Z,batch-20260801-001
INV-000735,CONTRACT-000135,2026-07-01,2026-08-02,2026-08-12,314.73,275.36,350.85,69.36,281.49,PAID,2026-08-09T13:00:00Z,2026-08-05T10:00:00Z,2026-08-01T10:00:00Z,batch-20260801-001
INV-000736,CONTRACT-000136,2026-07-01,2026-08-02,2026-08-12,970.84,970.84,967.59,122.3,845.29,PAID,2026-08-09T13:00:00Z,2026-08-05T10:00:00Z,2026-08-01T10:00:00Z,batch-20260801-001
INV-000737,CONTRACT-000137,2026-07-01,2026-08-02,2026-08-12,1261.27,920.94,1240.59,131.25,1109.34,PAID,2026-08-09T13:00:00Z,2026-08-05T10:00:00Z,2026-08-01T10:00:00Z,batch-20260801-001
INV-000738,CONTRACT-000138,2026-07-01,2026-08-02,2026-08-12,344.61,232.36,378.93,56.99,321.94,PAID,2026-08-09T13:00:00Z,2026-08-05T10:00:00Z,2026-08-01T10:00:00Z,batch-20260801-001
INV-000739,CONTRACT-000139,2026-07-01,2026-08-02,2026-08-12,239.44,221.83,280.07,46.74,233.33,OPEN,NULL,2026-08-05T10:00:00Z,2026-08-01T10:00:00Z,batch-20260801-001
INV-000740,CONTRACT-000140,2026-07-01,2026-08-02,2026-08-12,468.99,441.06,495.85,63.32,432.53,PAID,2026-08-09T13:00:00Z,2026-08-05T10:00:00Z,2026-08-01T10:00:00Z,batch-20260801-001
INV-000741,CONTRACT-000141,2026-07-01,2026-08-02,2026-08-12,700.91,562.53,713.86,101.51,612.35,PAID,2026-08-09T13:00:00Z,2026-08-05T10:00:00Z,2026-08-01T10:00:00Z,batch-20260801-001
INV-000742,CONTRACT-000142,2026-07-01,2026-08-02,2026-08-12,657.87,491.14,673.4,96.63,576.77,PAID,2026-08-09T13:00:00Z,2026-08-05T10:00:00Z,2026-08-01T10:00:00Z,batch-20260801-001
INV-000743,CONTRACT-000143,2026-07-01,2026-08-02,2026-08-12,246.48,213.08,286.69,40.97,245.72,PAID,2026-08-09T13:00:00Z,2026-08-05T10:00:00Z,2026-08-01T10:00:00Z,batch-20260801-001
INV-000744,CONTRACT-000144,2026-07-01,2026-08-02,2026-08-12,1183.44,753.35,1167.43,148.26,1019.17,PAID,2026-08-09T13:00:00Z,2026-08-05T10:00:00Z,2026-08-01T10:00:00Z,batch-20260801-001
INV-000745,CONTRACT-000145,2026-07-01,2026-08-02,2026-08-12,355,232.29,388.7,57.72,330.98,PAID,2026-08-09T13:00:00Z,2026-08-05T10:00:00Z,2026-08-01T10:00:00Z,batch-20260801-001
INV-000746,CONTRACT-000146,2026-07-01,2026-08-02,2026-08-12,1067.55,747.32,1058.5,105.96,952.54,PAID,2026-08-09T13:00:00Z,2026-08-05T10:00:00Z,2026-08-01T10:00:00Z,batch-20260801-001
INV-000747,CONTRACT-000147,2026-07-01,2026-08-02,2026-08-12,494.87,325.71,520.18,69.44,450.74,PAID,2026-08-09T13:00:00Z,2026-08-05T10:00:00Z,2026-08-01T10:00:00Z,batch-20260801-001
INV-000748,CONTRACT-000148,2026-07-01,2026-08-02,2026-08-12,457.66,375.64,485.2,90.1,395.1,PAID,2026-08-09T13:00:00Z,2026-08-05T10:00:00Z,2026-08-01T10:00:00Z,batch-20260801-001
INV-000749,CONTRACT-000149,2026-07-01,2026-08-02,2026-08-12,1285.94,920.02,1263.78,225.96,1037.82,OPEN,NULL,2026-08-05T10:00:00Z,2026-08-01T10:00:00Z,batch-20260801-001
INV-000750,CONTRACT-000150,2026-07-01,2026-08-02,2026-08-12,294.58,264.29,331.91,52.97,278.94,PAID,2026-08-09T13:00:00Z,2026-08-05T10:00:00Z,2026-08-01T10:00:00Z,batch-20260801-001
