generation_id,plant_id,generation_date,generated_energy_kwh,expected_energy_kwh,availability_rate,measurement_status,source_updated_at,extracted_at,batch_id
GEN-PLANT-001-2026-03-01,PLANT-001,2026-03-01,6001.81,6380,0.9284,FINAL,2026-03-02T06:00:00Z,2026-08-01T10:00:00Z,batch-20260801-001
GEN-PLANT-002-2026-03-01,PLANT-002,2026-03-01,8931,9240,0.9677,FINAL,2026-03-02T06:00:00Z,2026-08-01T10:00:00Z,batch-20260801-001
GEN-PLANT-003-2026-03-01,PLANT-003,2026-03-01,3814.76,4312,0.9581,FINAL,2026-03-02T06:00:00Z,2026-08-01T10:00:00Z,batch-20260801-001
GEN-PLANT-004-2026-03-01,PLANT-004,2026-03-01,9245.93,10850,0.9622,FINAL,2026-03-02T06:00:00Z,2026-08-01T10:00:00Z,batch-20260801-001
GEN-PLANT-005-2026-03-01,PLANT-005,2026-03-01,18160.88,19840,0.9286,FINAL,2026-03-02T06:00:00Z,2026-08-01T10:00:00Z,batch-20260801-001
GEN-PLANT-006-2026-03-01,PLANT-006,2026-03-01,4932.65,5544,0.921,FINAL,2026-03-02T06:00:00Z,2026-08-01T10:00:00Z,batch-20260801-001
GEN-PLANT-007-2026-03-01,PLANT-007,2026-03-01,6866.85,8272,0.9386,FINAL,2026-03-02T06:00:00Z,2026-08-01T10:00:00Z,batch-20260801-001
GEN-PLANT-008-2026-03-01,PLANT-008,2026-03-01,1900.78,2200,0.9204,FINAL,2026-03-02T06:00:00Z,2026-08-01T10:00:00Z,batch-20260801-001
GEN-PLANT-001-2026-03-02,PLANT-001,2026-03-02,5815.16,6380,0.9485,FINAL,2026-03-03T06:00:00Z,2026-08-01T10:00:00Z,batch-20260801-001
GEN-PLANT-002-2026-03-02,PLANT-002,2026-03-02,8481.85,9240,0.939,FINAL,2026-03-03T06:00:00Z,2026-08-01T10:00:00Z,batch-20260801-001
GEN-PLANT-003-2026-03-02,PLANT-003,2026-03-02,3661.8,4312,0.9397,FINAL,2026-03-03T06:00:00Z,2026-08-01T10:00:00Z,batch-20260801-001
GEN-PLANT-004-2026-03-02,PLANT-004,2026-03-02,10628.23,10850,0.931,FINAL,2026-03-03T06:00:00Z,2026-08-01T10:00:00Z,batch-20260801-001
GEN-PLANT-005-2026-03-02,PLANT-005,2026-03-02,17001.25,19840,0.942,FINAL,2026-03-03T06:00:00Z,2026-08-01T10:00:00Z,batch-20260801-001
GEN-PLANT-006-2026-03-02,PLANT-006,2026-03-02,5749.35,5544,0.9834,FINAL,2026-03-03T06:00:00Z,2026-08-01T10:00:00Z,batch-20260801-001
GEN-PLANT-007-2026-03-02,PLANT-007,2026-03-02,7260.87,8272,0.9308,FINAL,2026-03-03T06:00:00Z,2026-08-01T10:00:00Z,batch-20260801-001
GEN-PLANT-008-2026-03-02,PLANT-008,2026-03-02,2022.62,2200,0.9101,FINAL,2026-03-03T06:00:00Z,2026-08-01T10:00:00Z,batch-20260801-001
GEN-PLANT-001-2026-03-03,PLANT-001,2026-03-03,5876.07,6380,0.9256,FINAL,2026-03-04T06:00:00Z,2026-08-01T10:00:00Z,batch-20260801-001
GEN-PLANT-002-2026-03-03,PLANT-002,2026-03-03,8460.93,9240,0.957,FINAL,2026-03-04T06:00:00Z,2026-08-01T10:00:00Z,batch-20260801-001
GEN-PLANT-003-2026-03-03,PLANT-003,2026-03-03,3834.01,4312,0.9339,FINAL,2026-03-04T06:00:00Z,2026-08-01T10:00:00Z,batch-20260801-001
GEN-PLANT-004-2026-03-03,PLANT-004,2026-03-03,9150.22,10850,0.9324,FINAL,2026-03-04T06:00:00Z,2026-08-01T10:00:00Z,batch-20260801-001
GEN-PLANT-005-2026-03-03,PLANT-005,2026-03-03,18287.64,19840,0.9841,FINAL,2026-03-04T06:00:00Z,2026-08-01T10:00:00Z,batch-20260801-001
GEN-PLANT-006-2026-03-03,PLANT-006,2026-03-03,5467.54,5544,0.9712,FINAL,2026-03-04T06:00:00Z,2026-08-01T10:00:00Z,batch-20260801-001
GEN-PLANT-007-2026-03-03,PLANT-007,2026-03-03,8092.76,8272,0.9466,FINAL,2026-03-04T06:00:00Z,2026-08-01T10:00:00Z,batch-20260801-001
GEN-PLANT-008-2026-03-03,PLANT-008,2026-03-03,2017.51,2200,0.9262,FINAL,2026-03-04T06:00:00Z,2026-08-01T10:00:00Z,batch-20260801-001
GEN-PLANT-001-2026-03-04,PLANT-001,2026-03-04,6085.65,6380,0.9872,FINAL,2026-03-05T06:00:00Z,2026-08-01T10:00:00Z,batch-20260801-001
GEN-PLANT-002-2026-03-04,PLANT-002,2026-03-04,7846.03,9240,0.9416,FINAL,2026-03-05T06:00:00Z,2026-08-01T10:00:00Z,batch-20260801-001
GEN-PLANT-003-2026-03-04,PLANT-003,2026-03-04,3811.9,4312,0.9553,FINAL,2026-03-05T06:00:00Z,2026-08-01T10:00:00Z,batch-20260801-001
GEN-PLANT-004-2026-03-04,PLANT-004,2026-03-04,9635.44,10850,0.9549,FINAL,2026-03-05T06:00:00Z,2026-08-01T10:00:00Z,batch-20260801-001
GEN-PLANT-005-2026-03-04,PLANT-005,2026-03-04,18508.87,19840,0.9904,FINAL,2026-03-05T06:00:00Z,2026-08-01T10:00:00Z,batch-20260801-001
GEN-PLANT-006-2026-03-04,PLANT-006,2026-03-04,4634.69,5544,0.9134,FINAL,2026-03-05T06:00:00Z,2026-08-01T10:00:00Z,batch-20260801-001
GEN-PLANT-007-2026-03-04,PLANT-007,2026-03-04,7413.97,8272,0.9935,FINAL,2026-03-05T06:00:00Z,2026-08-01T10:00:00Z,batch-20260801-001
GEN-PLANT-008-2026-03-04,PLANT-008,2026-03-04,1863.48,2200,0.9422,FINAL,2026-03-05T06:00:00Z,2026-08-01T10:00:00Z,batch-20260801-001
GEN-PLANT-001-2026-03-05,PLANT-001,2026-03-05,6020.64,6380,0.9456,FINAL,2026-03-06T06:00:00Z,2026-08-01T10:00:00Z,batch-20260801-001
GEN-PLANT-002-2026-03-05,PLANT-002,2026-03-05,8447.21,9240,0.9545,FINAL,2026-03-06T06:00:00Z,2026-08-01T10:00:00Z,batch-20260801-001
GEN-PLANT-003-2026-03-05,PLANT-003,2026-03-05,3821.15,4312,0.9937,FINAL,2026-03-06T06:00:00Z,2026-08-01T10:00:00Z,batch-20260801-001
GEN-PLANT-004-2026-03-05,PLANT-004,2026-03-05,9087.94,10850,0.9245,FINAL,2026-03-06T06:00:00Z,2026-08-01T10:00:00Z,batch-20260801-001
GEN-PLANT-005-2026-03-05,PLANT-005,2026-03-05,16911.7,19840,0.9519,FINAL,2026-03-06T06:00:00Z,2026-08-01T10:00:00Z,batch-20260801-001
GEN-PLANT-006-2026-03-05,PLANT-006,2026-03-05,4827.98,5544,0.931,FINAL,2026-03-06T06:00:00Z,2026-08-01T10:00:00Z,batch-20260801-001
GEN-PLANT-007-2026-03-05,PLANT-007,2026-03-05,7473.05,8272,0.9812,FINAL,2026-03-06T06:00:00Z,2026-08-01T10:00:00Z,batch-20260801-001
GEN-PLANT-008-2026-03-05,PLANT-008,2026-03-05,1868.28,2200,0.9508,FINAL,2026-03-06T06:00:00Z,2026-08-01T10:00:00Z,batch-20260801-001
GEN-PLANT-001-2026-03-06,PLANT-001,2026-03-06,6625.04,6380,0.9807,FINAL,2026-03-07T06:00:00Z,2026-08-01T10:00:00Z,batch-20260801-001
GEN-PLANT-002-2026-03-06,PLANT-002,2026-03-06,9013.23,9240,0.9433,FINAL,2026-03-07T06:00:00Z,2026-08-01T10:00:00Z,batch-20260801-001
GEN-PLANT-003-2026-03-06,PLANT-003,2026-03-06,4171.62,4312,0.9854,FINAL,2026-03-07T06:00:00Z,2026-08-01T10:00:00Z,batch-20260801-001
GEN-PLANT-004-2026-03-06,PLANT-004,2026-03-06,10995.95,10850,0.9604,FINAL,2026-03-07T06:00:00Z,2026-08-01T10:00:00Z,batch-20260801-001
GEN-PLANT-005-2026-03-06,PLANT-005,2026-03-06,19424.13,19840,0.9557,FINAL,2026-03-07T06:00:00Z,2026-08-01T10:00:00Z,batch-20260801-001
GEN-PLANT-006-2026-03-06,PLANT-006,2026-03-06,4969.61,5544,0.9488,FINAL,2026-03-07T06:00:00Z,2026-08-01T10:00:00Z,batch-20260801-001
GEN-PLANT-007-2026-03-06,PLANT-007,2026-03-06,7687.44,8272,0.9852,FINAL,2026-03-07T06:00:00Z,2026-08-01T10:00:00Z,batch-20260801-001
GEN-PLANT-008-2026-03-06,PLANT-008,2026-03-06,2180.1,2200,0.9844,FINAL,2026-03-07T06:00:00Z,2026-08-01T10:00:00Z,batch-20260801-001
GEN-PLANT-001-2026-03-07,PLANT-001,2026-03-07,5529.64,6380,0.9233,FINAL,2026-03-08T06:00:00Z,2026-08-01T10:00:00Z,batch-20260801-001
GEN-PLANT-002-2026-03-07,PLANT-002,2026-03-07,8222.74,9240,0.9462,FINAL,2026-03-08T06:00:00Z,2026-08-01T10:00:00Z,batch-20260801-001
GEN-PLANT-003-2026-03-07,PLANT-003,2026-03-07,4174.91,4312,0.9581,FINAL,2026-03-08T06:00:00Z,2026-08-01T10:00:00Z,batch-20260801-001
GEN-PLANT-004-2026-03-07,PLANT-004,2026-03-07,9205.5,10850,0.9125,FINAL,2026-03-08T06:00:00Z,2026-08-01T10:00:00Z,batch-20260801-001
GEN-PLANT-005-2026-03-07,PLANT-005,2026-03-07,18602.53,19840,0.9627,FINAL,2026-03-08T06:00:00Z,2026-08-01T10:00:00Z,batch-20260801-001
GEN-PLANT-006-2026-03-07,PLANT-006,2026-03-07,5379.56,5544,0.9241,FINAL,2026-03-08T06:00:00Z,2026-08-01T10:00:00Z,batch-20260801-001
GEN-PLANT-007-2026-03-07,PLANT-007,2026-03-07,8111.22,8272,0.942,FINAL,2026-03-08T06:00:00Z,2026-08-01T10:00:00Z,batch-20260801-001
GEN-PLANT-008-2026-03-07,PLANT-008,2026-03-07,1807.32,2200,0.9179,FINAL,2026-03-08T06:00:00Z,2026-08-01T10:00:00Z,batch-20260801-001
GEN-PLANT-001-2026-03-08,PLANT-001,2026-03-08,5559.57,6380,0.9893,FINAL,2026-03-09T06:00:00Z,2026-08-01T10:00:00Z,batch-20260801-001
GEN-PLANT-002-2026-03-08,PLANT-002,2026-03-08,8227.5,9240,0.9866,FINAL,2026-03-09T06:00:00Z,2026-08-01T10:00:00Z,batch-20260801-001
GEN-PLANT-003-2026-03-08,PLANT-003,2026-03-08,4113.93,4312,0.9289,FINAL,2026-03-09T06:00:00Z,2026-08-01T10:00:00Z,batch-20260801-001
GEN-PLANT-004-2026-03-08,PLANT-004,2026-03-08,10394.86,10850,0.9441,FINAL,2026-03-09T06:00:00Z,2026-08-01T10:00:00Z,batch-20260801-001
GEN-PLANT-005-2026-03-08,PLANT-005,2026-03-08,20199.15,19840,0.9786,FINAL,2026-03-09T06:00:00Z,2026-08-01T10:00:00Z,batch-20260801-001
GEN-PLANT-006-2026-03-08,PLANT-006,2026-03-08,5208.93,5544,0.9635,FINAL,2026-03-09T06:00:00Z,2026-08-01T10:00:00Z,batch-20260801-001
GEN-PLANT-007-2026-03-08,PLANT-007,2026-03-08,8402.8,8272,0.9782,FINAL,2026-03-09T06:00:00Z,2026-08-01T10:00:00Z,batch-20260801-001
GEN-PLANT-008-2026-03-08,PLANT-008,2026-03-08,1913.97,2200,0.9449,FINAL,2026-03-09T06:00:00Z,2026-08-01T10:00:00Z,batch-20260801-001
GEN-PLANT-001-2026-03-09,PLANT-001,2026-03-09,6524.31,6380,0.9721,FINAL,2026-03-10T06:00:00Z,2026-08-01T10:00:00Z,batch-20260801-001
GEN-PLANT-002-2026-03-09,PLANT-002,2026-03-09,7947.29,9240,0.9517,FINAL,2026-03-10T06:00:00Z,2026-08-01T10:00:00Z,batch-20260801-001
GEN-PLANT-003-2026-03-09,PLANT-003,2026-03-09,3842.13,4312,0.9438,FINAL,2026-03-10T06:00:00Z,2026-08-01T10:00:00Z,batch-20260801-001
GEN-PLANT-004-2026-03-09,PLANT-004,2026-03-09,10555.89,10850,0.9309,FINAL,2026-03-10T06:00:00Z,2026-08-01T10:00:00Z,batch-20260801-001
GEN-PLANT-005-2026-03-09,PLANT-005,2026-03-09,19011.31,19840,0.9596,FINAL,2026-03-10T06:00:00Z,2026-08-01T10:00:00Z,batch-20260801-001
GEN-PLANT-006-2026-03-09,PLANT-006,2026-03-09,4933.3,5544,0.9618,FINAL,2026-03-10T06:00:00Z,2026-08-01T10:00:00Z,batch-20260801-001
GEN-PLANT-007-2026-03-09,PLANT-007,2026-03-09,7501.41,8272,0.9329,FINAL,2026-03-10T06:00:00Z,2026-08-01T10:00:00Z,batch-20260801-001
GEN-PLANT-008-2026-03-09,PLANT-008,2026-03-09,2219.73,2200,0.9841,FINAL,2026-03-10T06:00:00Z,2026-08-01T10:00:00Z,batch-20260801-001
GEN-PLANT-001-2026-03-10,PLANT-001,2026-03-10,6507.56,6380,0.9719,FINAL,2026-03-11T06:00:00Z,2026-08-01T10:00:00Z,batch-20260801-001
GEN-PLANT-002-2026-03-10,PLANT-002,2026-03-10,8468.65,9240,0.9434,FINAL,2026-03-11T06:00:00Z,2026-08-01T10:00:00Z,batch-20260801-001
GEN-PLANT-003-2026-03-10,PLANT-003,2026-03-10,3612.13,4312,0.9463,FINAL,2026-03-11T06:00:00Z,2026-08-01T10:00:00Z,batch-20260801-001
GEN-PLANT-004-2026-03-10,PLANT-004,2026-03-10,10283.38,10850,0.9393,FINAL,2026-03-11T06:00:00Z,2026-08-01T10:00:00Z,batch-20260801-001
GEN-PLANT-005-2026-03-10,PLANT-005,2026-03-10,16891.1,19840,0.9627,FINAL,2026-03-11T06:00:00Z,2026-08-01T10:00:00Z,batch-20260801-001
GEN-PLANT-006-2026-03-10,PLANT-006,2026-03-10,5357.86,5544,0.9274,FINAL,2026-03-11T06:00:00Z,2026-08-01T10:00:00Z,batch-20260801-001
GEN-PLANT-007-2026-03-10,PLANT-007,2026-03-10,8551.96,8272,0.9897,FINAL,2026-03-11T06:00:00Z,2026-08-01T10:00:00Z,batch-20260801-001
GEN-PLANT-008-2026-03-10,PLANT-008,2026-03-10,1919.04,2200,0.939,FINAL,2026-03-11T06:00:00Z,2026-08-01T10:00:00Z,batch-20260801-001
GEN-PLANT-001-2026-03-11,PLANT-001,2026-03-11,5541.06,6380,0.9186,FINAL,2026-03-12T06:00:00Z,2026-08-01T10:00:00Z,batch-20260801-001
GEN-PLANT-002-2026-03-11,PLANT-002,2026-03-11,8061.16,9240,0.9602,FINAL,2026-03-12T06:00:00Z,2026-08-01T10:00:00Z,batch-20260801-001
GEN-PLANT-003-2026-03-11,PLANT-003,2026-03-11,4479.48,4312,0.9927,FINAL,2026-03-12T06:00:00Z,2026-08-01T10:00:00Z,batch-20260801-001
GEN-PLANT-004-2026-03-11,PLANT-004,2026-03-11,10770.08,10850,0.9741,FINAL,2026-03-12T06:00:00Z,2026-08-01T10:00:00Z,batch-20260801-001
GEN-PLANT-005-2026-03-11,PLANT-005,2026-03-11,17973.79,19840,0.9193,FINAL,2026-03-12T06:00:00Z,2026-08-01T10:00:00Z,batch-20260801-001
GEN-PLANT-006-2026-03-11,PLANT-006,2026-03-11,5243.52,5544,0.9629,FINAL,2026-03-12T06:00:00Z,2026-08-01T10:00:00Z,batch-20260801-001
GEN-PLANT-007-2026-03-11,PLANT-007,2026-03-11,7662.36,8272,0.9148,FINAL,2026-03-12T06:00:00Z,2026-08-01T10:00:00Z,batch-20260801-001
GEN-PLANT-008-2026-03-11,PLANT-008,2026-03-11,2279.22,2200,0.9827,FINAL,2026-03-12T06:00:00Z,2026-08-01T10:00:00Z,batch-20260801-001
GEN-PLANT-001-2026-03-12,PLANT-001,2026-03-12,6311.38,6380,0.9831,FINAL,2026-03-13T06:00:00Z,2026-08-01T10:00:00Z,batch-20260801-001
GEN-PLANT-002-2026-03-12,PLANT-002,2026-03-12,8537.67,9240,0.9351,FINAL,2026-03-13T06:00:00Z,2026-08-01T10:00:00Z,batch-20260801-001
GEN-PLANT-003-2026-03-12,PLANT-003,2026-03-12,4287.44,4312,0.9866,FINAL,2026-03-13T06:00:00Z,2026-08-01T10:00:00Z,batch-20260801-001
GEN-PLANT-004-2026-03-12,PLANT-004,2026-03-12,10250.34,10850,0.9227,FINAL,2026-03-13T06:00:00Z,2026-08-01T10:00:00Z,batch-20260801-001
GEN-PLANT-005-2026-03-12,PLANT-005,2026-03-12,17917.58,19840,0.9438,FINAL,2026-03-13T06:00:00Z,2026-08-01T10:00:00Z,batch-20260801-001
GEN-PLANT-006-2026-03-12,PLANT-006,2026-03-12,5490.45,5544,0.9544,FINAL,2026-03-13T06:00:00Z,2026-08-01T10:00:00Z,batch-20260801-001
GEN-PLANT-007-2026-03-12,PLANT-007,2026-03-12,7126.41,8272,0.9367,FINAL,2026-03-13T06:00:00Z,2026-08-01T10:00:00Z,batch-20260801-001
GEN-PLANT-008-2026-03-12,PLANT-008,2026-03-12,1897.18,2200,0.9137,FINAL,2026-03-13T06:00:00Z,2026-08-01T10:00:00Z,batch-20260801-001
GEN-PLANT-001-2026-03-13,PLANT-001,2026-03-13,5961.6,6380,0.9786,FINAL,2026-03-14T06:00:00Z,2026-08-01T10:00:00Z,batch-20260801-001
GEN-PLANT-002-2026-03-13,PLANT-002,2026-03-13,8225.11,9240,0.9796,FINAL,2026-03-14T06:00:00Z,2026-08-01T10:00:00Z,batch-20260801-001
GEN-PLANT-003-2026-03-13,PLANT-003,2026-03-13,3910.92,4312,0.9496,FINAL,2026-03-14T06:00:00Z,2026-08-01T10:00:00Z,batch-20260801-001
GEN-PLANT-004-2026-03-13,PLANT-004,2026-03-13,8940.93,10850,0.9145,FINAL,2026-03-14T06:00:00Z,2026-08-01T10:00:00Z,batch-20260801-001
GEN-PLANT-005-2026-03-13,PLANT-005,2026-03-13,17271.91,19840,0.9139,FINAL,2026-03-14T06:00:00Z,2026-08-01T10:00:00Z,batch-20260801-001
GEN-PLANT-006-2026-03-13,PLANT-006,2026-03-13,5325.85,5544,0.9322,FINAL,2026-03-14T06:00:00Z,2026-08-01T10:00:00Z,batch-20260801-001
GEN-PLANT-007-2026-03-13,PLANT-007,2026-03-13,8108.34,8272,0.9521,FINAL,2026-03-14T06:00:00Z,2026-08-01T10:00:00Z,batch-20260801-001
GEN-PLANT-008-2026-03-13,PLANT-008,2026-03-13,2123.29,2200,0.9828,FINAL,2026-03-14T06:00:00Z,2026-08-01T10:00:00Z,batch-20260801-001
GEN-PLANT-001-2026-03-14,PLANT-001,2026-03-14,6418.33,6380,0.9594,FINAL,2026-03-15T06:00:00Z,2026-08-01T10:00:00Z,batch-20260801-001
GEN-PLANT-002-2026-03-14,PLANT-002,2026-03-14,8212.75,9240,0.9367,FINAL,2026-03-15T06:00:00Z,2026-08-01T10:00:00Z,batch-20260801-001
GEN-PLANT-003-2026-03-14,PLANT-003,2026-03-14,4278.94,4312,0.9644,FINAL,2026-03-15T06:00:00Z,2026-08-01T10:00:00Z,batch-20260801-001
GEN-PLANT-004-2026-03-14,PLANT-004,2026-03-14,10403.35,10850,0.9234,FINAL,2026-03-15T06:00:00Z,2026-08-01T10:00:00Z,batch-20260801-001
GEN-PLANT-005-2026-03-14,PLANT-005,2026-03-14,17504.45,19840,0.9365,FINAL,2026-03-15T06:00:00Z,2026-08-01T10:00:00Z,batch-20260801-001
GEN-PLANT-006-2026-03-14,PLANT-006,2026-03-14,5556.15,5544,0.9671,FINAL,2026-03-15T06:00:00Z,2026-08-01T10:00:00Z,batch-20260801-001
GEN-PLANT-007-2026-03-14,PLANT-007,2026-03-14,7513.85,8272,0.9817,FINAL,2026-03-15T06:00:00Z,2026-08-01T10:00:00Z,batch-20260801-001
GEN-PLANT-008-2026-03-14,PLANT-008,2026-03-14,1986.55,2200,0.9471,FINAL,2026-03-15T06:00:00Z,2026-08-01T10:00:00Z,batch-20260801-001
GEN-PLANT-001-2026-03-15,PLANT-001,2026-03-15,6168.15,6380,0.9798,FINAL,2026-03-16T06:00:00Z,2026-08-01T10:00:00Z,batch-20260801-001
GEN-PLANT-002-2026-03-15,PLANT-002,2026-03-15,7654.83,9240,0.9355,FINAL,2026-03-16T06:00:00Z,2026-08-01T10:00:00Z,batch-20260801-001
GEN-PLANT-003-2026-03-15,PLANT-003,2026-03-15,4212.46,4312,0.9261,FINAL,2026-03-16T06:00:00Z,2026-08-01T10:00:00Z,batch-20260801-001
GEN-PLANT-004-2026-03-15,PLANT-004,2026-03-15,10435.73,10850,0.9698,FINAL,2026-03-16T06:00:00Z,2026-08-01T10:00:00Z,batch-20260801-001
GEN-PLANT-005-2026-03-15,PLANT-005,2026-03-15,20286.87,19840,0.9933,FINAL,2026-03-16T06:00:00Z,2026-08-01T10:00:00Z,batch-20260801-001
GEN-PLANT-006-2026-03-15,PLANT-006,2026-03-15,5556.52,5544,0.9564,FINAL,2026-03-16T06:00:00Z,2026-08-01T10:00:00Z,batch-20260801-001
GEN-PLANT-007-2026-03-15,PLANT-007,2026-03-15,7671.35,8272,0.9661,FINAL,2026-03-16T06:00:00Z,2026-08-01T10:00:00Z,batch-20260801-001
GEN-PLANT-008-2026-03-15,PLANT-008,2026-03-15,2143.73,2200,0.9409,FINAL,2026-03-16T06:00:00Z,2026-08-01T10:00:00Z,batch-20260801-001
GEN-PLANT-001-2026-03-16,PLANT-001,2026-03-16,6308.23,6380,0.9366,FINAL,2026-03-17T06:00:00Z,2026-08-01T10:00:00Z,batch-20260801-001
GEN-PLANT-002-2026-03-16,PLANT-002,2026-03-16,8742.29,9240,0.9512,FINAL,2026-03-17T06:00:00Z,2026-08-01T10:00:00Z,batch-20260801-001
GEN-PLANT-003-2026-03-16,PLANT-003,2026-03-16,3478.38,4312,0.9106,FINAL,2026-03-17T06:00:00Z,2026-08-01T10:00:00Z,batch-20260801-001
GEN-PLANT-004-2026-03-16,PLANT-004,2026-03-16,9128.21,10850,0.9271,FINAL,2026-03-17T06:00:00Z,2026-08-01T10:00:00Z,batch-20260801-001
GEN-PLANT-005-2026-03-16,PLANT-005,2026-03-16,17945.94,19840,0.923,FINAL,2026-03-17T06:00:00Z,2026-08-01T10:00:00Z,batch-20260801-001
GEN-PLANT-006-2026-03-16,PLANT-006,2026-03-16,5035.11,5544,0.983,FINAL,2026-03-17T06:00:00Z,2026-08-01T10:00:00Z,batch-20260801-001
GEN-PLANT-007-2026-03-16,PLANT-007,2026-03-16,7232.03,8272,0.9276,FINAL,2026-03-17T06:00:00Z,2026-08-01T10:00:00Z,batch-20260801-001
GEN-PLANT-008-2026-03-16,PLANT-008,2026-03-16,2187.8,2200,0.9656,FINAL,2026-03-17T06:00:00Z,2026-08-01T10:00:00Z,batch-20260801-001
GEN-PLANT-001-2026-03-17,PLANT-001,2026-03-17,5621.7,6380,0.9396,FINAL,2026-03-18T06:00:00Z,2026-08-01T10:00:00Z,batch-20260801-001
GEN-PLANT-002-2026-03-17,PLANT-002,2026-03-17,9461.44,9240,0.9904,FINAL,2026-03-18T06:00:00Z,2026-08-01T10:00:00Z,batch-20260801-001
GEN-PLANT-003-2026-03-17,PLANT-003,2026-03-17,3910.02,4312,0.9673,FINAL,2026-03-18T06:00:00Z,2026-08-01T10:00:00Z,batch-20260801-001
GEN-PLANT-004-2026-03-17,PLANT-004,2026-03-17,10328.65,10850,0.9765,FINAL,2026-03-18T06:00:00Z,2026-08-01T10:00:00Z,batch-20260801-001
GEN-PLANT-005-2026-03-17,PLANT-005,2026-03-17,16779.92,19840,0.915,FINAL,2026-03-18T06:00:00Z,2026-08-01T10:00:00Z,batch-20260801-001
GEN-PLANT-006-2026-03-17,PLANT-006,2026-03-17,4876.35,5544,0.9431,FINAL,2026-03-18T06:00:00Z,2026-08-01T10:00:00Z,batch-20260801-001
GEN-PLANT-007-2026-03-17,PLANT-007,2026-03-17,7665.07,8272,0.9289,FINAL,2026-03-18T06:00:00Z,2026-08-01T10:00:00Z,batch-20260801-001
GEN-PLANT-008-2026-03-17,PLANT-008,2026-03-17,1944.41,2200,0.9309,FINAL,2026-03-18T06:00:00Z,2026-08-01T10:00:00Z,batch-20260801-001
GEN-PLANT-001-2026-03-18,PLANT-001,2026-03-18,6091.6,6380,0.9526,FINAL,2026-03-19T06:00:00Z,2026-08-01T10:00:00Z,batch-20260801-001
GEN-PLANT-002-2026-03-18,PLANT-002,2026-03-18,8361.58,9240,0.9107,FINAL,2026-03-19T06:00:00Z,2026-08-01T10:00:00Z,batch-20260801-001
GEN-PLANT-003-2026-03-18,PLANT-003,2026-03-18,3937.05,4312,0.9448,FINAL,2026-03-19T06:00:00Z,2026-08-01T10:00:00Z,batch-20260801-001
GEN-PLANT-004-2026-03-18,PLANT-004,2026-03-18,9317.43,10850,0.9531,FINAL,2026-03-19T06:00:00Z,2026-08-01T10:00:00Z,batch-20260801-001
GEN-PLANT-005-2026-03-18,PLANT-005,2026-03-18,17772.92,19840,0.9175,FINAL,2026-03-19T06:00:00Z,2026-08-01T10:00:00Z,batch-20260801-001
GEN-PLANT-006-2026-03-18,PLANT-006,2026-03-18,4709.33,5544,0.9215,FINAL,2026-03-19T06:00:00Z,2026-08-01T10:00:00Z,batch-20260801-001
GEN-PLANT-007-2026-03-18,PLANT-007,2026-03-18,7280.6,8272,0.946,FINAL,2026-03-19T06:00:00Z,2026-08-01T10:00:00Z,batch-20260801-001
GEN-PLANT-008-2026-03-18,PLANT-008,2026-03-18,2027.63,2200,0.9782,FINAL,2026-03-19T06:00:00Z,2026-08-01T10:00:00Z,batch-20260801-001
GEN-PLANT-001-2026-03-19,PLANT-001,2026-03-19,5975.91,6380,0.931,FINAL,2026-03-20T06:00:00Z,2026-08-01T10:00:00Z,batch-20260801-001
GEN-PLANT-002-2026-03-19,PLANT-002,2026-03-19,9098.61,9240,0.9782,FINAL,2026-03-20T06:00:00Z,2026-08-01T10:00:00Z,batch-20260801-001
GEN-PLANT-003-2026-03-19,PLANT-003,2026-03-19,3668.31,4312,0.955,FINAL,2026-03-20T06:00:00Z,2026-08-01T10:00:00Z,batch-20260801-001
GEN-PLANT-004-2026-03-19,PLANT-004,2026-03-19,10389.3,10850,0.9942,FINAL,2026-03-20T06:00:00Z,2026-08-01T10:00:00Z,batch-20260801-001
GEN-PLANT-005-2026-03-19,PLANT-005,2026-03-19,16844.49,19840,0.9579,FINAL,2026-03-20T06:00:00Z,2026-08-01T10:00:00Z,batch-20260801-001
GEN-PLANT-006-2026-03-19,PLANT-006,2026-03-19,4833.26,5544,0.9765,FINAL,2026-03-20T06:00:00Z,2026-08-01T10:00:00Z,batch-20260801-001
GEN-PLANT-007-2026-03-19,PLANT-007,2026-03-19,7987.42,8272,0.9298,FINAL,2026-03-20T06:00:00Z,2026-08-01T10:00:00Z,batch-20260801-001
GEN-PLANT-008-2026-03-19,PLANT-008,2026-03-19,1985.65,2200,0.9382,FINAL,2026-03-20T06:00:00Z,2026-08-01T10:00:00Z,batch-20260801-001
GEN-PLANT-001-2026-03-20,PLANT-001,2026-03-20,6616.07,6380,0.9901,FINAL,2026-03-21T06:00:00Z,2026-08-01T10:00:00Z,batch-20260801-001
GEN-PLANT-002-2026-03-20,PLANT-002,2026-03-20,7641.33,9240,0.9223,FINAL,2026-03-21T06:00:00Z,2026-08-01T10:00:00Z,batch-20260801-001
GEN-PLANT-003-2026-03-20,PLANT-003,2026-03-20,3553.55,4312,0.9134,FINAL,2026-03-21T06:00:00Z,2026-08-01T10:00:00Z,batch-20260801-001
GEN-PLANT-004-2026-03-20,PLANT-004,2026-03-20,8893.85,10850,0.9241,FINAL,2026-03-21T06:00:00Z,2026-08-01T10:00:00Z,batch-20260801-001
GEN-PLANT-005-2026-03-20,PLANT-005,2026-03-20,19649.04,19840,0.9865,FINAL,2026-03-21T06:00:00Z,2026-08-01T10:00:00Z,batch-20260801-001
GEN-PLANT-006-2026-03-20,PLANT-006,2026-03-20,5062.1,5544,0.923,FINAL,2026-03-21T06:00:00Z,2026-08-01T10:00:00Z,batch-20260801-001
GEN-PLANT-007-2026-03-20,PLANT-007,2026-03-20,7918.7,8272,0.9286,FINAL,2026-03-21T06:00:00Z,2026-08-01T10:00:00Z,batch-20260801-001
GEN-PLANT-008-2026-03-20,PLANT-008,2026-03-20,2099.99,2200,0.9358,FINAL,2026-03-21T06:00:00Z,2026-08-01T10:00:00Z,batch-20260801-001
GEN-PLANT-001-2026-03-21,PLANT-001,2026-03-21,5706.12,6380,0.9364,FINAL,2026-03-22T06:00:00Z,2026-08-01T10:00:00Z,batch-20260801-001
GEN-PLANT-002-2026-03-21,PLANT-002,2026-03-21,8648.01,9240,0.9676,FINAL,2026-03-22T06:00:00Z,2026-08-01T10:00:00Z,batch-20260801-001
GEN-PLANT-003-2026-03-21,PLANT-003,2026-03-21,3800.69,4312,0.9917,FINAL,2026-03-22T06:00:00Z,2026-08-01T10:00:00Z,batch-20260801-001
GEN-PLANT-004-2026-03-21,PLANT-004,2026-03-21,9931.19,10850,0.9868,FINAL,2026-03-22T06:00:00Z,2026-08-01T10:00:00Z,batch-20260801-001
GEN-PLANT-005-2026-03-21,PLANT-005,2026-03-21,17119.65,19840,0.9288,FINAL,2026-03-22T06:00:00Z,2026-08-01T10:00:00Z,batch-20260801-001
GEN-PLANT-006-2026-03-21,PLANT-006,2026-03-21,4974.15,5544,0.9159,FINAL,2026-03-22T06:00:00Z,2026-08-01T10:00:00Z,batch-20260801-001
GEN-PLANT-007-2026-03-21,PLANT-007,2026-03-21,7150.83,8272,0.9315,FINAL,2026-03-22T06:00:00Z,2026-08-01T10:00:00Z,batch-20260801-001
GEN-PLANT-008-2026-03-21,PLANT-008,2026-03-21,1867.39,2200,0.953,FINAL,2026-03-22T06:00:00Z,2026-08-01T10:00:00Z,batch-20260801-001
GEN-PLANT-001-2026-03-22,PLANT-001,2026-03-22,5196.19,6380,0.9148,FINAL,2026-03-23T06:00:00Z,2026-08-01T10:00:00Z,batch-20260801-001
GEN-PLANT-002-2026-03-22,PLANT-002,2026-03-22,7798.09,9240,0.9292,FINAL,2026-03-23T06:00:00Z,2026-08-01T10:00:00Z,batch-20260801-001
GEN-PLANT-003-2026-03-22,PLANT-003,2026-03-22,3898.46,4312,0.9292,FINAL,2026-03-23T06:00:00Z,2026-08-01T10:00:00Z,batch-20260801-001
GEN-PLANT-004-2026-03-22,PLANT-004,2026-03-22,9318.96,10850,0.9557,FINAL,2026-03-23T06:00:00Z,2026-08-01T10:00:00Z,batch-20260801-001
GEN-PLANT-005-2026-03-22,PLANT-005,2026-03-22,19111.72,19840,0.956,FINAL,2026-03-23T06:00:00Z,2026-08-01T10:00:00Z,batch-20260801-001
GEN-PLANT-006-2026-03-22,PLANT-006,2026-03-22,4932.07,5544,0.9449,FINAL,2026-03-23T06:00:00Z,2026-08-01T10:00:00Z,batch-20260801-001
GEN-PLANT-007-2026-03-22,PLANT-007,2026-03-22,7800.81,8272,0.9237,FINAL,2026-03-23T06:00:00Z,2026-08-01T10:00:00Z,batch-20260801-001
GEN-PLANT-008-2026-03-22,PLANT-008,2026-03-22,2007.96,2200,0.9902,FINAL,2026-03-23T06:00:00Z,2026-08-01T10:00:00Z,batch-20260801-001
GEN-PLANT-001-2026-03-23,PLANT-001,2026-03-23,6316.46,6380,0.9377,FINAL,2026-03-24T06:00:00Z,2026-08-01T10:00:00Z,batch-20260801-001
GEN-PLANT-002-2026-03-23,PLANT-002,2026-03-23,8847.56,9240,0.9762,FINAL,2026-03-24T06:00:00Z,2026-08-01T10:00:00Z,batch-20260801-001
GEN-PLANT-003-2026-03-23,PLANT-003,2026-03-23,4189.55,4312,0.9228,FINAL,2026-03-24T06:00:00Z,2026-08-01T10:00:00Z,batch-20260801-001
GEN-PLANT-004-2026-03-23,PLANT-004,2026-03-23,9510.22,10850,0.9233,FINAL,2026-03-24T06:00:00Z,2026-08-01T10:00:00Z,batch-20260801-001
GEN-PLANT-005-2026-03-23,PLANT-005,2026-03-23,17390.86,19840,0.9256,FINAL,2026-03-24T06:00:00Z,2026-08-01T10:00:00Z,batch-20260801-001
GEN-PLANT-006-2026-03-23,PLANT-006,2026-03-23,5475.73,5544,0.9707,FINAL,2026-03-24T06:00:00Z,2026-08-01T10:00:00Z,batch-20260801-001
GEN-PLANT-007-2026-03-23,PLANT-007,2026-03-23,8000.72,8272,0.9845,FINAL,2026-03-24T06:00:00Z,2026-08-01T10:00:00Z,batch-20260801-001
GEN-PLANT-008-2026-03-23,PLANT-008,2026-03-23,2040.89,2200,0.9348,FINAL,2026-03-24T06:00:00Z,2026-08-01T10:00:00Z,batch-20260801-001
GEN-PLANT-001-2026-03-24,PLANT-001,2026-03-24,5675.65,6380,0.9365,FINAL,2026-03-25T06:00:00Z,2026-08-01T10:00:00Z,batch-20260801-001
GEN-PLANT-002-2026-03-24,PLANT-002,2026-03-24,8987.84,9240,0.9522,FINAL,2026-03-25T06:00:00Z,2026-08-01T10:00:00Z,batch-20260801-001
GEN-PLANT-003-2026-03-24,PLANT-003,2026-03-24,3988.17,4312,0.9865,FINAL,2026-03-25T06:00:00Z,2026-08-01T10:00:00Z,batch-20260801-001
GEN-PLANT-004-2026-03-24,PLANT-004,2026-03-24,10778.24,10850,0.9426,FINAL,2026-03-25T06:00:00Z,2026-08-01T10:00:00Z,batch-20260801-001
GEN-PLANT-005-2026-03-24,PLANT-005,2026-03-24,17185.97,19840,0.966,FINAL,2026-03-25T06:00:00Z,2026-08-01T10:00:00Z,batch-20260801-001
GEN-PLANT-006-2026-03-24,PLANT-006,2026-03-24,5689.63,5544,0.9691,FINAL,2026-03-25T06:00:00Z,2026-08-01T10:00:00Z,batch-20260801-001
GEN-PLANT-007-2026-03-24,PLANT-007,2026-03-24,7671.73,8272,0.9771,FINAL,2026-03-25T06:00:00Z,2026-08-01T10:00:00Z,batch-20260801-001
GEN-PLANT-008-2026-03-24,PLANT-008,2026-03-24,2010.49,2200,0.9447,FINAL,2026-03-25T06:00:00Z,2026-08-01T10:00:00Z,batch-20260801-001
GEN-PLANT-001-2026-03-25,PLANT-001,2026-03-25,5159.9,6380,0.9136,FINAL,2026-03-26T06:00:00Z,2026-08-01T10:00:00Z,batch-20260801-001
GEN-PLANT-002-2026-03-25,PLANT-002,2026-03-25,8290.51,9240,0.9144,FINAL,2026-03-26T06:00:00Z,2026-08-01T10:00:00Z,batch-20260801-001
GEN-PLANT-003-2026-03-25,PLANT-003,2026-03-25,3588.96,4312,0.9138,FINAL,2026-03-26T06:00:00Z,2026-08-01T10:00:00Z,batch-20260801-001
GEN-PLANT-004-2026-03-25,PLANT-004,2026-03-25,9093.88,10850,0.9405,FINAL,2026-03-26T06:00:00Z,2026-08-01T10:00:00Z,batch-20260801-001
GEN-PLANT-005-2026-03-25,PLANT-005,2026-03-25,18167.21,19840,0.9677,FINAL,2026-03-26T06:00:00Z,2026-08-01T10:00:00Z,batch-20260801-001
GEN-PLANT-006-2026-03-25,PLANT-006,2026-03-25,5678.34,5544,0.9697,FINAL,2026-03-26T06:00:00Z,2026-08-01T10:00:00Z,batch-20260801-001
GEN-PLANT-007-2026-03-25,PLANT-007,2026-03-25,8589.19,8272,0.9873,FINAL,2026-03-26T06:00:00Z,2026-08-01T10:00:00Z,batch-20260801-001
GEN-PLANT-008-2026-03-25,PLANT-008,2026-03-25,2053.78,2200,0.931,FINAL,2026-03-26T06:00:00Z,2026-08-01T10:00:00Z,batch-20260801-001
GEN-PLANT-001-2026-03-26,PLANT-001,2026-03-26,5757.21,6380,0.9788,FINAL,2026-03-27T06:00:00Z,2026-08-01T10:00:00Z,batch-20260801-001
GEN-PLANT-002-2026-03-26,PLANT-002,2026-03-26,9094.05,9240,0.9405,FINAL,2026-03-27T06:00:00Z,2026-08-01T10:00:00Z,batch-20260801-001
GEN-PLANT-003-2026-03-26,PLANT-003,2026-03-26,3946.75,4312,0.9235,FINAL,2026-03-27T06:00:00Z,2026-08-01T10:00:00Z,batch-20260801-001
GEN-PLANT-004-2026-03-26,PLANT-004,2026-03-26,10351.21,10850,0.962,FINAL,2026-03-27T06:00:00Z,2026-08-01T10:00:00Z,batch-20260801-001
GEN-PLANT-005-2026-03-26,PLANT-005,2026-03-26,17799.23,19840,0.9362,FINAL,2026-03-27T06:00:00Z,2026-08-01T10:00:00Z,batch-20260801-001
GEN-PLANT-006-2026-03-26,PLANT-006,2026-03-26,5573.2,5544,0.9872,FINAL,2026-03-27T06:00:00Z,2026-08-01T10:00:00Z,batch-20260801-001
GEN-PLANT-007-2026-03-26,PLANT-007,2026-03-26,7263.44,8272,0.9723,FINAL,2026-03-27T06:00:00Z,2026-08-01T10:00:00Z,batch-20260801-001
GEN-PLANT-008-2026-03-26,PLANT-008,2026-03-26,2034.58,2200,0.9563,FINAL,2026-03-27T06:00:00Z,2026-08-01T10:00:00Z,batch-20260801-001
GEN-PLANT-001-2026-03-27,PLANT-001,2026-03-27,5577.14,6380,0.9302,FINAL,2026-03-28T06:00:00Z,2026-08-01T10:00:00Z,batch-20260801-001
GEN-PLANT-002-2026-03-27,PLANT-002,2026-03-27,8526.94,9240,0.9636,FINAL,2026-03-28T06:00:00Z,2026-08-01T10:00:00Z,batch-20260801-001
GEN-PLANT-003-2026-03-27,PLANT-003,2026-03-27,3573.94,4312,0.9103,FINAL,2026-03-28T06:00:00Z,2026-08-01T10:00:00Z,batch-20260801-001
GEN-PLANT-004-2026-03-27,PLANT-004,2026-03-27,10027.56,10850,0.9407,FINAL,2026-03-28T06:00:00Z,2026-08-01T10:00:00Z,batch-20260801-001
GEN-PLANT-005-2026-03-27,PLANT-005,2026-03-27,18924.1,19840,0.9391,FINAL,2026-03-28T06:00:00Z,2026-08-01T10:00:00Z,batch-20260801-001
GEN-PLANT-006-2026-03-27,PLANT-006,2026-03-27,5144.17,5544,0.9548,FINAL,2026-03-28T06:00:00Z,2026-08-01T10:00:00Z,batch-20260801-001
GEN-PLANT-007-2026-03-27,PLANT-007,2026-03-27,8319.62,8272,0.9866,FINAL,2026-03-28T06:00:00Z,2026-08-01T10:00:00Z,batch-20260801-001
GEN-PLANT-008-2026-03-27,PLANT-008,2026-03-27,2198.37,2200,0.9461,FINAL,2026-03-28T06:00:00Z,2026-08-01T10:00:00Z,batch-20260801-001
GEN-PLANT-001-2026-03-28,PLANT-001,2026-03-28,5996.73,6380,0.9403,FINAL,2026-03-29T06:00:00Z,2026-08-01T10:00:00Z,batch-20260801-001
GEN-PLANT-002-2026-03-28,PLANT-002,2026-03-28,8107.6,9240,0.9623,FINAL,2026-03-29T06:00:00Z,2026-08-01T10:00:00Z,batch-20260801-001
GEN-PLANT-003-2026-03-28,PLANT-003,2026-03-28,3855.9,4312,0.9381,FINAL,2026-03-29T06:00:00Z,2026-08-01T10:00:00Z,batch-20260801-001
GEN-PLANT-004-2026-03-28,PLANT-004,2026-03-28,9327.9,10850,0.9381,FINAL,2026-03-29T06:00:00Z,2026-08-01T10:00:00Z,batch-20260801-001
GEN-PLANT-005-2026-03-28,PLANT-005,2026-03-28,17032.01,19840,0.92,FINAL,2026-03-29T06:00:00Z,2026-08-01T10:00:00Z,batch-20260801-001
GEN-PLANT-006-2026-03-28,PLANT-006,2026-03-28,4862.18,5544,0.9424,FINAL,2026-03-29T06:00:00Z,2026-08-01T10:00:00Z,batch-20260801-001
GEN-PLANT-007-2026-03-28,PLANT-007,2026-03-28,8065.18,8272,0.9801,FINAL,2026-03-29T06:00:00Z,2026-08-01T10:00:00Z,batch-20260801-001
GEN-PLANT-008-2026-03-28,PLANT-008,2026-03-28,1850.97,2200,0.9448,FINAL,2026-03-29T06:00:00Z,2026-08-01T10:00:00Z,batch-20260801-001
GEN-PLANT-001-2026-03-29,PLANT-001,2026-03-29,6166.33,6380,0.9253,FINAL,2026-03-30T06:00:00Z,2026-08-01T10:00:00Z,batch-20260801-001
GEN-PLANT-002-2026-03-29,PLANT-002,2026-03-29,7816.57,9240,0.9395,FINAL,2026-03-30T06:00:00Z,2026-08-01T10:00:00Z,batch-20260801-001
GEN-PLANT-003-2026-03-29,PLANT-003,2026-03-29,3970.22,4312,0.9941,FINAL,2026-03-30T06:00:00Z,2026-08-01T10:00:00Z,batch-20260801-001
GEN-PLANT-004-2026-03-29,PLANT-004,2026-03-29,9542.4,10850,0.9427,FINAL,2026-03-30T06:00:00Z,2026-08-01T10:00:00Z,batch-20260801-001
GEN-PLANT-005-2026-03-29,PLANT-005,2026-03-29,20421.78,19840,0.9771,FINAL,2026-03-30T06:00:00Z,2026-08-01T10:00:00Z,batch-20260801-001
GEN-PLANT-006-2026-03-29,PLANT-006,2026-03-29,4807.68,5544,0.9112,FINAL,2026-03-30T06:00:00Z,2026-08-01T10:00:00Z,batch-20260801-001
GEN-PLANT-007-2026-03-29,PLANT-007,2026-03-29,7811.01,8272,0.9103,FINAL,2026-03-30T06:00:00Z,2026-08-01T10:00:00Z,batch-20260801-001
GEN-PLANT-008-2026-03-29,PLANT-008,2026-03-29,1961.62,2200,0.941,FINAL,2026-03-30T06:00:00Z,2026-08-01T10:00:00Z,batch-20260801-001
GEN-PLANT-001-2026-03-30,PLANT-001,2026-03-30,5772.98,6380,0.9348,FINAL,2026-03-31T06:00:00Z,2026-08-01T10:00:00Z,batch-20260801-001
GEN-PLANT-002-2026-03-30,PLANT-002,2026-03-30,8054.44,9240,0.9534,FINAL,2026-03-31T06:00:00Z,2026-08-01T10:00:00Z,batch-20260801-001
GEN-PLANT-003-2026-03-30,PLANT-003,2026-03-30,3938.01,4312,0.9501,FINAL,2026-03-31T06:00:00Z,2026-08-01T10:00:00Z,batch-20260801-001
GEN-PLANT-004-2026-03-30,PLANT-004,2026-03-30,10374.6,10850,0.9432,FINAL,2026-03-31T06:00:00Z,2026-08-01T10:00:00Z,batch-20260801-001
GEN-PLANT-005-2026-03-30,PLANT-005,2026-03-30,17689.49,19840,0.9388,FINAL,2026-03-31T06:00:00Z,2026-08-01T10:00:00Z,batch-20260801-001
GEN-PLANT-006-2026-03-30,PLANT-006,2026-03-30,5603.81,5544,0.9597,FINAL,2026-03-31T06:00:00Z,2026-08-01T10:00:00Z,batch-20260801-001
GEN-PLANT-007-2026-03-30,PLANT-007,2026-03-30,7996.83,8272,0.9675,FINAL,2026-03-31T06:00:00Z,2026-08-01T10:00:00Z,batch-20260801-001
GEN-PLANT-008-2026-03-30,PLANT-008,2026-03-30,2158.91,2200,0.9929,FINAL,2026-03-31T06:00:00Z,2026-08-01T10:00:00Z,batch-20260801-001
GEN-PLANT-001-2026-03-31,PLANT-001,2026-03-31,6495.44,6380,0.9768,FINAL,2026-04-01T06:00:00Z,2026-08-01T10:00:00Z,batch-20260801-001
GEN-PLANT-002-2026-03-31,PLANT-002,2026-03-31,8678.06,9240,0.9686,FINAL,2026-04-01T06:00:00Z,2026-08-01T10:00:00Z,batch-20260801-001
GEN-PLANT-003-2026-03-31,PLANT-003,2026-03-31,3715.62,4312,0.9598,FINAL,2026-04-01T06:00:00Z,2026-08-01T10:00:00Z,batch-20260801-001
GEN-PLANT-004-2026-03-31,PLANT-004,2026-03-31,10888.82,10850,0.9696,FINAL,2026-04-01T06:00:00Z,2026-08-01T10:00:00Z,batch-20260801-001
GEN-PLANT-005-2026-03-31,PLANT-005,2026-03-31,18099.16,19840,0.9507,FINAL,2026-04-01T06:00:00Z,2026-08-01T10:00:00Z,batch-20260801-001
GEN-PLANT-006-2026-03-31,PLANT-006,2026-03-31,4888.78,5544,0.981,FINAL,2026-04-01T06:00:00Z,2026-08-01T10:00:00Z,batch-20260801-001
GEN-PLANT-007-2026-03-31,PLANT-007,2026-03-31,8354.26,8272,0.9603,FINAL,2026-04-01T06:00:00Z,2026-08-01T10:00:00Z,batch-20260801-001
GEN-PLANT-008-2026-03-31,PLANT-008,2026-03-31,2022.12,2200,0.9632,FINAL,2026-04-01T06:00:00Z,2026-08-01T10:00:00Z,batch-20260801-001
GEN-PLANT-001-2026-04-01,PLANT-001,2026-04-01,5672.62,6380,0.9619,FINAL,2026-04-02T06:00:00Z,2026-08-01T10:00:00Z,batch-20260801-001
GEN-PLANT-002-2026-04-01,PLANT-002,2026-04-01,7851.28,9240,0.9255,FINAL,2026-04-02T06:00:00Z,2026-08-01T10:00:00Z,batch-20260801-001
GEN-PLANT-003-2026-04-01,PLANT-003,2026-04-01,3850.6,4312,0.9439,FINAL,2026-04-02T06:00:00Z,2026-08-01T10:00:00Z,batch-20260801-001
GEN-PLANT-004-2026-04-01,PLANT-004,2026-04-01,10112.56,10850,0.9662,FINAL,2026-04-02T06:00:00Z,2026-08-01T10:00:00Z,batch-20260801-001
GEN-PLANT-005-2026-04-01,PLANT-005,2026-04-01,19324.11,19840,0.9583,FINAL,2026-04-02T06:00:00Z,2026-08-01T10:00:00Z,batch-20260801-001
GEN-PLANT-006-2026-04-01,PLANT-006,2026-04-01,4724.93,5544,0.9384,FINAL,2026-04-02T06:00:00Z,2026-08-01T10:00:00Z,batch-20260801-001
GEN-PLANT-007-2026-04-01,PLANT-007,2026-04-01,7282.43,8272,0.9617,FINAL,2026-04-02T06:00:00Z,2026-08-01T10:00:00Z,batch-20260801-001
GEN-PLANT-008-2026-04-01,PLANT-008,2026-04-01,1986.23,2200,0.9707,FINAL,2026-04-02T06:00:00Z,2026-08-01T10:00:00Z,batch-20260801-001
GEN-PLANT-001-2026-04-02,PLANT-001,2026-04-02,6184.22,6380,0.9353,FINAL,2026-04-03T06:00:00Z,2026-08-01T10:00:00Z,batch-20260801-001
GEN-PLANT-002-2026-04-02,PLANT-002,2026-04-02,8743.92,9240,0.9449,FINAL,2026-04-03T06:00:00Z,2026-08-01T10:00:00Z,batch-20260801-001
GEN-PLANT-003-2026-04-02,PLANT-003,2026-04-02,3885.1,4312,0.9886,FINAL,2026-04-03T06:00:00Z,2026-08-01T10:00:00Z,batch-20260801-001
GEN-PLANT-004-2026-04-02,PLANT-004,2026-04-02,10381.91,10850,0.9836,FINAL,2026-04-03T06:00:00Z,2026-08-01T10:00:00Z,batch-20260801-001
GEN-PLANT-005-2026-04-02,PLANT-005,2026-04-02,20666.74,19840,0.9934,FINAL,2026-04-03T06:00:00Z,2026-08-01T10:00:00Z,batch-20260801-001
GEN-PLANT-006-2026-04-02,PLANT-006,2026-04-02,4550.46,5544,0.9236,FINAL,2026-04-03T06:00:00Z,2026-08-01T10:00:00Z,batch-20260801-001
GEN-PLANT-007-2026-04-02,PLANT-007,2026-04-02,7219.62,8272,0.9864,FINAL,2026-04-03T06:00:00Z,2026-08-01T10:00:00Z,batch-20260801-001
GEN-PLANT-008-2026-04-02,PLANT-008,2026-04-02,2078.88,2200,0.9671,FINAL,2026-04-03T06:00:00Z,2026-08-01T10:00:00Z,batch-20260801-001
GEN-PLANT-001-2026-04-03,PLANT-001,2026-04-03,6131.3,6380,0.9119,FINAL,2026-04-04T06:00:00Z,2026-08-01T10:00:00Z,batch-20260801-001
GEN-PLANT-002-2026-04-03,PLANT-002,2026-04-03,8061.9,9240,0.9308,FINAL,2026-04-04T06:00:00Z,2026-08-01T10:00:00Z,batch-20260801-001
GEN-PLANT-003-2026-04-03,PLANT-003,2026-04-03,3935.37,4312,0.9324,FINAL,2026-04-04T06:00:00Z,2026-08-01T10:00:00Z,batch-20260801-001
GEN-PLANT-004-2026-04-03,PLANT-004,2026-04-03,10291.67,10850,0.9286,FINAL,2026-04-04T06:00:00Z,2026-08-01T10:00:00Z,batch-20260801-001
GEN-PLANT-005-2026-04-03,PLANT-005,2026-04-03,19970.56,19840,0.984,FINAL,2026-04-04T06:00:00Z,2026-08-01T10:00:00Z,batch-20260801-001
GEN-PLANT-006-2026-04-03,PLANT-006,2026-04-03,5312.97,5544,0.9312,FINAL,2026-04-04T06:00:00Z,2026-08-01T10:00:00Z,batch-20260801-001
GEN-PLANT-007-2026-04-03,PLANT-007,2026-04-03,7344.03,8272,0.9776,FINAL,2026-04-04T06:00:00Z,2026-08-01T10:00:00Z,batch-20260801-001
GEN-PLANT-008-2026-04-03,PLANT-008,2026-04-03,1910.04,2200,0.9302,FINAL,2026-04-04T06:00:00Z,2026-08-01T10:00:00Z,batch-20260801-001
GEN-PLANT-001-2026-04-04,PLANT-001,2026-04-04,5370.41,6380,0.952,FINAL,2026-04-05T06:00:00Z,2026-08-01T10:00:00Z,batch-20260801-001
GEN-PLANT-002-2026-04-04,PLANT-002,2026-04-04,8539.64,9240,0.9181,FINAL,2026-04-05T06:00:00Z,2026-08-01T10:00:00Z,batch-20260801-001
GEN-PLANT-003-2026-04-04,PLANT-003,2026-04-04,3641.46,4312,0.9373,FINAL,2026-04-05T06:00:00Z,2026-08-01T10:00:00Z,batch-20260801-001
GEN-PLANT-004-2026-04-04,PLANT-004,2026-04-04,9481.87,10850,0.9835,FINAL,2026-04-05T06:00:00Z,2026-08-01T10:00:00Z,batch-20260801-001
GEN-PLANT-005-2026-04-04,PLANT-005,2026-04-04,18396.37,19840,0.989,FINAL,2026-04-05T06:00:00Z,2026-08-01T10:00:00Z,batch-20260801-001
GEN-PLANT-006-2026-04-04,PLANT-006,2026-04-04,4736.3,5544,0.939,FINAL,2026-04-05T06:00:00Z,2026-08-01T10:00:00Z,batch-20260801-001
GEN-PLANT-007-2026-04-04,PLANT-007,2026-04-04,7383.84,8272,0.975,FINAL,2026-04-05T06:00:00Z,2026-08-01T10:00:00Z,batch-20260801-001
GEN-PLANT-008-2026-04-04,PLANT-008,2026-04-04,1925.72,2200,0.9719,FINAL,2026-04-05T06:00:00Z,2026-08-01T10:00:00Z,batch-20260801-001
GEN-PLANT-001-2026-04-05,PLANT-001,2026-04-05,5768.06,6380,0.9137,FINAL,2026-04-06T06:00:00Z,2026-08-01T10:00:00Z,batch-20260801-001
GEN-PLANT-002-2026-04-05,PLANT-002,2026-04-05,9411.54,9240,0.9703,FINAL,2026-04-06T06:00:00Z,2026-08-01T10:00:00Z,batch-20260801-001
GEN-PLANT-003-2026-04-05,PLANT-003,2026-04-05,3827.84,4312,0.9264,FINAL,2026-04-06T06:00:00Z,2026-08-01T10:00:00Z,batch-20260801-001
GEN-PLANT-004-2026-04-05,PLANT-004,2026-04-05,9146.06,10850,0.9217,FINAL,2026-04-06T06:00:00Z,2026-08-01T10:00:00Z,batch-20260801-001
GEN-PLANT-005-2026-04-05,PLANT-005,2026-04-05,18970.17,19840,0.9561,FINAL,2026-04-06T06:00:00Z,2026-08-01T10:00:00Z,batch-20260801-001
GEN-PLANT-006-2026-04-05,PLANT-006,2026-04-05,4555.77,5544,0.9251,FINAL,2026-04-06T06:00:00Z,2026-08-01T10:00:00Z,batch-20260801-001
GEN-PLANT-007-2026-04-05,PLANT-007,2026-04-05,8173.26,8272,0.9933,FINAL,2026-04-06T06:00:00Z,2026-08-01T10:00:00Z,batch-20260801-001
GEN-PLANT-008-2026-04-05,PLANT-008,2026-04-05,1919.39,2200,0.9319,FINAL,2026-04-06T06:00:00Z,2026-08-01T10:00:00Z,batch-20260801-001
GEN-PLANT-001-2026-04-06,PLANT-001,2026-04-06,6573.89,6380,0.9791,FINAL,2026-04-07T06:00:00Z,2026-08-01T10:00:00Z,batch-20260801-001
GEN-PLANT-002-2026-04-06,PLANT-002,2026-04-06,8754.67,9240,0.9195,FINAL,2026-04-07T06:00:00Z,2026-08-01T10:00:00Z,batch-20260801-001
GEN-PLANT-003-2026-04-06,PLANT-003,2026-04-06,4241.94,4312,0.9841,FINAL,2026-04-07T06:00:00Z,2026-08-01T10:00:00Z,batch-20260801-001
GEN-PLANT-004-2026-04-06,PLANT-004,2026-04-06,10416.44,10850,0.9675,FINAL,2026-04-07T06:00:00Z,2026-08-01T10:00:00Z,batch-20260801-001
GEN-PLANT-005-2026-04-06,PLANT-005,2026-04-06,19596.46,19840,0.9721,FINAL,2026-04-07T06:00:00Z,2026-08-01T10:00:00Z,batch-20260801-001
GEN-PLANT-006-2026-04-06,PLANT-006,2026-04-06,4813.27,5544,0.9568,FINAL,2026-04-07T06:00:00Z,2026-08-01T10:00:00Z,batch-20260801-001
GEN-PLANT-007-2026-04-06,PLANT-007,2026-04-06,8127.38,8272,0.9418,FINAL,2026-04-07T06:00:00Z,2026-08-01T10:00:00Z,batch-20260801-001
GEN-PLANT-008-2026-04-06,PLANT-008,2026-04-06,2010.02,2200,0.9483,FINAL,2026-04-07T06:00:00Z,2026-08-01T10:00:00Z,batch-20260801-001
GEN-PLANT-001-2026-04-07,PLANT-001,2026-04-07,5441.99,6380,0.9156,FINAL,2026-04-08T06:00:00Z,2026-08-01T10:00:00Z,batch-20260801-001
GEN-PLANT-002-2026-04-07,PLANT-002,2026-04-07,9235.24,9240,0.9757,FINAL,2026-04-08T06:00:00Z,2026-08-01T10:00:00Z,batch-20260801-001
GEN-PLANT-003-2026-04-07,PLANT-003,2026-04-07,3917.72,4312,0.9371,FINAL,2026-04-08T06:00:00Z,2026-08-01T10:00:00Z,batch-20260801-001
GEN-PLANT-004-2026-04-07,PLANT-004,2026-04-07,10800.93,10850,0.9722,FINAL,2026-04-08T06:00:00Z,2026-08-01T10:00:00Z,batch-20260801-001
GEN-PLANT-005-2026-04-07,PLANT-005,2026-04-07,19808.28,19840,0.9522,FINAL,2026-04-08T06:00:00Z,2026-08-01T10:00:00Z,batch-20260801-001
GEN-PLANT-006-2026-04-07,PLANT-006,2026-04-07,4898.74,5544,0.99,FINAL,2026-04-08T06:00:00Z,2026-08-01T10:00:00Z,batch-20260801-001
GEN-PLANT-007-2026-04-07,PLANT-007,2026-04-07,7009.6,8272,0.9614,FINAL,2026-04-08T06:00:00Z,2026-08-01T10:00:00Z,batch-20260801-001
GEN-PLANT-008-2026-04-07,PLANT-008,2026-04-07,2092.33,2200,0.9271,FINAL,2026-04-08T06:00:00Z,2026-08-01T10:00:00Z,batch-20260801-001
GEN-PLANT-001-2026-04-08,PLANT-001,2026-04-08,6135.78,6380,0.9537,FINAL,2026-04-09T06:00:00Z,2026-08-01T10:00:00Z,batch-20260801-001
GEN-PLANT-002-2026-04-08,PLANT-002,2026-04-08,8212.05,9240,0.9441,FINAL,2026-04-09T06:00:00Z,2026-08-01T10:00:00Z,batch-20260801-001
GEN-PLANT-003-2026-04-08,PLANT-003,2026-04-08,3849.01,4312,0.9763,FINAL,2026-04-09T06:00:00Z,2026-08-01T10:00:00Z,batch-20260801-001
GEN-PLANT-004-2026-04-08,PLANT-004,2026-04-08,9037.26,10850,0.9101,FINAL,2026-04-09T06:00:00Z,2026-08-01T10:00:00Z,batch-20260801-001
GEN-PLANT-005-2026-04-08,PLANT-005,2026-04-08,18128.02,19840,0.9819,FINAL,2026-04-09T06:00:00Z,2026-08-01T10:00:00Z,batch-20260801-001
GEN-PLANT-006-2026-04-08,PLANT-006,2026-04-08,5326.36,5544,0.9558,FINAL,2026-04-09T06:00:00Z,2026-08-01T10:00:00Z,batch-20260801-001
GEN-PLANT-007-2026-04-08,PLANT-007,2026-04-08,8336.39,8272,0.9916,FINAL,2026-04-09T06:00:00Z,2026-08-01T10:00:00Z,batch-20260801-001
GEN-PLANT-008-2026-04-08,PLANT-008,2026-04-08,1961.82,2200,0.9584,FINAL,2026-04-09T06:00:00Z,2026-08-01T10:00:00Z,batch-20260801-001
GEN-PLANT-001-2026-04-09,PLANT-001,2026-04-09,6631.08,6380,0.9933,FINAL,2026-04-10T06:00:00Z,2026-08-01T10:00:00Z,batch-20260801-001
GEN-PLANT-002-2026-04-09,PLANT-002,2026-04-09,8743.71,9240,0.9467,FINAL,2026-04-10T06:00:00Z,2026-08-01T10:00:00Z,batch-20260801-001
GEN-PLANT-003-2026-04-09,PLANT-003,2026-04-09,4065.03,4312,0.944,FINAL,2026-04-10T06:00:00Z,2026-08-01T10:00:00Z,batch-20260801-001
GEN-PLANT-004-2026-04-09,PLANT-004,2026-04-09,10738.06,10850,0.9863,FINAL,2026-04-10T06:00:00Z,2026-08-01T10:00:00Z,batch-20260801-001
GEN-PLANT-005-2026-04-09,PLANT-005,2026-04-09,17991.97,19840,0.9602,FINAL,2026-04-10T06:00:00Z,2026-08-01T10:00:00Z,batch-20260801-001
GEN-PLANT-006-2026-04-09,PLANT-006,2026-04-09,5648.15,5544,0.987,FINAL,2026-04-10T06:00:00Z,2026-08-01T10:00:00Z,batch-20260801-001
GEN-PLANT-007-2026-04-09,PLANT-007,2026-04-09,8041.07,8272,0.9297,FINAL,2026-04-10T06:00:00Z,2026-08-01T10:00:00Z,batch-20260801-001
GEN-PLANT-008-2026-04-09,PLANT-008,2026-04-09,1914.2,2200,0.9323,FINAL,2026-04-10T06:00:00Z,2026-08-01T10:00:00Z,batch-20260801-001
GEN-PLANT-001-2026-04-10,PLANT-001,2026-04-10,5939.38,6380,0.95,FINAL,2026-04-11T06:00:00Z,2026-08-01T10:00:00Z,batch-20260801-001
GEN-PLANT-002-2026-04-10,PLANT-002,2026-04-10,9053.85,9240,0.9504,FINAL,2026-04-11T06:00:00Z,2026-08-01T10:00:00Z,batch-20260801-001
GEN-PLANT-003-2026-04-10,PLANT-003,2026-04-10,4175.27,4312,0.9326,FINAL,2026-04-11T06:00:00Z,2026-08-01T10:00:00Z,batch-20260801-001
GEN-PLANT-004-2026-04-10,PLANT-004,2026-04-10,10574.86,10850,0.9662,FINAL,2026-04-11T06:00:00Z,2026-08-01T10:00:00Z,batch-20260801-001
GEN-PLANT-005-2026-04-10,PLANT-005,2026-04-10,18535.86,19840,0.961,FINAL,2026-04-11T06:00:00Z,2026-08-01T10:00:00Z,batch-20260801-001
GEN-PLANT-006-2026-04-10,PLANT-006,2026-04-10,4961.07,5544,0.9218,FINAL,2026-04-11T06:00:00Z,2026-08-01T10:00:00Z,batch-20260801-001
GEN-PLANT-007-2026-04-10,PLANT-007,2026-04-10,7666.36,8272,0.9695,FINAL,2026-04-11T06:00:00Z,2026-08-01T10:00:00Z,batch-20260801-001
GEN-PLANT-008-2026-04-10,PLANT-008,2026-04-10,2084.07,2200,0.9311,FINAL,2026-04-11T06:00:00Z,2026-08-01T10:00:00Z,batch-20260801-001
GEN-PLANT-001-2026-04-11,PLANT-001,2026-04-11,5927.28,6380,0.9157,FINAL,2026-04-12T06:00:00Z,2026-08-01T10:00:00Z,batch-20260801-001
GEN-PLANT-002-2026-04-11,PLANT-002,2026-04-11,8329.45,9240,0.9533,FINAL,2026-04-12T06:00:00Z,2026-08-01T10:00:00Z,batch-20260801-001
GEN-PLANT-003-2026-04-11,PLANT-003,2026-04-11,3717.75,4312,0.9758,FINAL,2026-04-12T06:00:00Z,2026-08-01T10:00:00Z,batch-20260801-001
GEN-PLANT-004-2026-04-11,PLANT-004,2026-04-11,11041.19,10850,0.9841,FINAL,2026-04-12T06:00:00Z,2026-08-01T10:00:00Z,batch-20260801-001
GEN-PLANT-005-2026-04-11,PLANT-005,2026-04-11,19591.46,19840,0.9583,FINAL,2026-04-12T06:00:00Z,2026-08-01T10:00:00Z,batch-20260801-001
GEN-PLANT-006-2026-04-11,PLANT-006,2026-04-11,5460.89,5544,0.9404,FINAL,2026-04-12T06:00:00Z,2026-08-01T10:00:00Z,batch-20260801-001
GEN-PLANT-007-2026-04-11,PLANT-007,2026-04-11,7391.07,8272,0.9394,FINAL,2026-04-12T06:00:00Z,2026-08-01T10:00:00Z,batch-20260801-001
GEN-PLANT-008-2026-04-11,PLANT-008,2026-04-11,2067.68,2200,0.9288,FINAL,2026-04-12T06:00:00Z,2026-08-01T10:00:00Z,batch-20260801-001
GEN-PLANT-001-2026-04-12,PLANT-001,2026-04-12,5584.6,6380,0.9908,FINAL,2026-04-13T06:00:00Z,2026-08-01T10:00:00Z,batch-20260801-001
GEN-PLANT-002-2026-04-12,PLANT-002,2026-04-12,9224.92,9240,0.9693,FINAL,2026-04-13T06:00:00Z,2026-08-01T10:00:00Z,batch-20260801-001
GEN-PLANT-003-2026-04-12,PLANT-003,2026-04-12,4059.89,4312,0.9415,FINAL,2026-04-13T06:00:00Z,2026-08-01T10:00:00Z,batch-20260801-001
GEN-PLANT-004-2026-04-12,PLANT-004,2026-04-12,9680.56,10850,0.9525,FINAL,2026-04-13T06:00:00Z,2026-08-01T10:00:00Z,batch-20260801-001
GEN-PLANT-005-2026-04-12,PLANT-005,2026-04-12,18791.93,19840,0.9342,FINAL,2026-04-13T06:00:00Z,2026-08-01T10:00:00Z,batch-20260801-001
GEN-PLANT-006-2026-04-12,PLANT-006,2026-04-12,4540.44,5544,0.9277,FINAL,2026-04-13T06:00:00Z,2026-08-01T10:00:00Z,batch-20260801-001
GEN-PLANT-007-2026-04-12,PLANT-007,2026-04-12,7728,8272,0.9401,FINAL,2026-04-13T06:00:00Z,2026-08-01T10:00:00Z,batch-20260801-001
GEN-PLANT-008-2026-04-12,PLANT-008,2026-04-12,2017.63,2200,0.9773,FINAL,2026-04-13T06:00:00Z,2026-08-01T10:00:00Z,batch-20260801-001
GEN-PLANT-001-2026-04-13,PLANT-001,2026-04-13,5522.11,6380,0.9535,FINAL,2026-04-14T06:00:00Z,2026-08-01T10:00:00Z,batch-20260801-001
GEN-PLANT-002-2026-04-13,PLANT-002,2026-04-13,8057.48,9240,0.9791,FINAL,2026-04-14T06:00:00Z,2026-08-01T10:00:00Z,batch-20260801-001
GEN-PLANT-003-2026-04-13,PLANT-003,2026-04-13,3701.6,4312,0.9617,FINAL,2026-04-14T06:00:00Z,2026-08-01T10:00:00Z,batch-20260801-001
GEN-PLANT-004-2026-04-13,PLANT-004,2026-04-13,10714.72,10850,0.9427,FINAL,2026-04-14T06:00:00Z,2026-08-01T10:00:00Z,batch-20260801-001
GEN-PLANT-005-2026-04-13,PLANT-005,2026-04-13,19050.53,19840,0.9128,FINAL,2026-04-14T06:00:00Z,2026-08-01T10:00:00Z,batch-20260801-001
GEN-PLANT-006-2026-04-13,PLANT-006,2026-04-13,5280.29,5544,0.9312,FINAL,2026-04-14T06:00:00Z,2026-08-01T10:00:00Z,batch-20260801-001
GEN-PLANT-007-2026-04-13,PLANT-007,2026-04-13,6974.54,8272,0.9471,FINAL,2026-04-14T06:00:00Z,2026-08-01T10:00:00Z,batch-20260801-001
GEN-PLANT-008-2026-04-13,PLANT-008,2026-04-13,2022.37,2200,0.9667,FINAL,2026-04-14T06:00:00Z,2026-08-01T10:00:00Z,batch-20260801-001
GEN-PLANT-001-2026-04-14,PLANT-001,2026-04-14,6006.75,6380,0.9685,FINAL,2026-04-15T06:00:00Z,2026-08-01T10:00:00Z,batch-20260801-001
GEN-PLANT-002-2026-04-14,PLANT-002,2026-04-14,8152.12,9240,0.9226,FINAL,2026-04-15T06:00:00Z,2026-08-01T10:00:00Z,batch-20260801-001
GEN-PLANT-003-2026-04-14,PLANT-003,2026-04-14,3534.18,4312,0.923,FINAL,2026-04-15T06:00:00Z,2026-08-01T10:00:00Z,batch-20260801-001
GEN-PLANT-004-2026-04-14,PLANT-004,2026-04-14,9425.04,10850,0.9601,FINAL,2026-04-15T06:00:00Z,2026-08-01T10:00:00Z,batch-20260801-001
GEN-PLANT-005-2026-04-14,PLANT-005,2026-04-14,18115.2,19840,0.9457,FINAL,2026-04-15T06:00:00Z,2026-08-01T10:00:00Z,batch-20260801-001
GEN-PLANT-006-2026-04-14,PLANT-006,2026-04-14,5007.16,5544,0.9648,FINAL,2026-04-15T06:00:00Z,2026-08-01T10:00:00Z,batch-20260801-001
GEN-PLANT-007-2026-04-14,PLANT-007,2026-04-14,7793.04,8272,0.9629,FINAL,2026-04-15T06:00:00Z,2026-08-01T10:00:00Z,batch-20260801-001
GEN-PLANT-008-2026-04-14,PLANT-008,2026-04-14,2210.9,2200,0.9774,FINAL,2026-04-15T06:00:00Z,2026-08-01T10:00:00Z,batch-20260801-001
GEN-PLANT-001-2026-04-15,PLANT-001,2026-04-15,5938.77,6380,0.9316,FINAL,2026-04-16T06:00:00Z,2026-08-01T10:00:00Z,batch-20260801-001
GEN-PLANT-002-2026-04-15,PLANT-002,2026-04-15,9369.92,9240,0.9945,FINAL,2026-04-16T06:00:00Z,2026-08-01T10:00:00Z,batch-20260801-001
GEN-PLANT-003-2026-04-15,PLANT-003,2026-04-15,4352.71,4312,0.9639,FINAL,2026-04-16T06:00:00Z,2026-08-01T10:00:00Z,batch-20260801-001
GEN-PLANT-004-2026-04-15,PLANT-004,2026-04-15,10239.59,10850,0.9408,FINAL,2026-04-16T06:00:00Z,2026-08-01T10:00:00Z,batch-20260801-001
GEN-PLANT-005-2026-04-15,PLANT-005,2026-04-15,17899.04,19840,0.9186,FINAL,2026-04-16T06:00:00Z,2026-08-01T10:00:00Z,batch-20260801-001
GEN-PLANT-006-2026-04-15,PLANT-006,2026-04-15,4592.26,5544,0.9166,FINAL,2026-04-16T06:00:00Z,2026-08-01T10:00:00Z,batch-20260801-001
GEN-PLANT-007-2026-04-15,PLANT-007,2026-04-15,7857.14,8272,0.985,FINAL,2026-04-16T06:00:00Z,2026-08-01T10:00:00Z,batch-20260801-001
GEN-PLANT-008-2026-04-15,PLANT-008,2026-04-15,1961.25,2200,0.9395,FINAL,2026-04-16T06:00:00Z,2026-08-01T10:00:00Z,batch-20260801-001
GEN-PLANT-001-2026-04-16,PLANT-001,2026-04-16,6308.9,6380,0.9342,FINAL,2026-04-17T06:00:00Z,2026-08-01T10:00:00Z,batch-20260801-001
GEN-PLANT-002-2026-04-16,PLANT-002,2026-04-16,8206.85,9240,0.9661,FINAL,2026-04-17T06:00:00Z,2026-08-01T10:00:00Z,batch-20260801-001
GEN-PLANT-003-2026-04-16,PLANT-003,2026-04-16,3690.86,4312,0.9345,FINAL,2026-04-17T06:00:00Z,2026-08-01T10:00:00Z,batch-20260801-001
GEN-PLANT-004-2026-04-16,PLANT-004,2026-04-16,10669.77,10850,0.9879,FINAL,2026-04-17T06:00:00Z,2026-08-01T10:00:00Z,batch-20260801-001
GEN-PLANT-005-2026-04-16,PLANT-005,2026-04-16,18291.69,19840,0.9686,FINAL,2026-04-17T06:00:00Z,2026-08-01T10:00:00Z,batch-20260801-001
GEN-PLANT-006-2026-04-16,PLANT-006,2026-04-16,5071.61,5544,0.9612,FINAL,2026-04-17T06:00:00Z,2026-08-01T10:00:00Z,batch-20260801-001
GEN-PLANT-007-2026-04-16,PLANT-007,2026-04-16,8196.2,8272,0.9742,FINAL,2026-04-17T06:00:00Z,2026-08-01T10:00:00Z,batch-20260801-001
GEN-PLANT-008-2026-04-16,PLANT-008,2026-04-16,1808.68,2200,0.934,FINAL,2026-04-17T06:00:00Z,2026-08-01T10:00:00Z,batch-20260801-001
GEN-PLANT-001-2026-04-17,PLANT-001,2026-04-17,5669.35,6380,0.969,FINAL,2026-04-18T06:00:00Z,2026-08-01T10:00:00Z,batch-20260801-001
GEN-PLANT-002-2026-04-17,PLANT-002,2026-04-17,9357.62,9240,0.9665,FINAL,2026-04-18T06:00:00Z,2026-08-01T10:00:00Z,batch-20260801-001
GEN-PLANT-003-2026-04-17,PLANT-003,2026-04-17,3883.8,4312,0.9343,FINAL,2026-04-18T06:00:00Z,2026-08-01T10:00:00Z,batch-20260801-001
GEN-PLANT-004-2026-04-17,PLANT-004,2026-04-17,10282.7,10850,0.9421,FINAL,2026-04-18T06:00:00Z,2026-08-01T10:00:00Z,batch-20260801-001
GEN-PLANT-005-2026-04-17,PLANT-005,2026-04-17,19385.9,19840,0.9726,FINAL,2026-04-18T06:00:00Z,2026-08-01T10:00:00Z,batch-20260801-001
GEN-PLANT-006-2026-04-17,PLANT-006,2026-04-17,5295.59,5544,0.9707,FINAL,2026-04-18T06:00:00Z,2026-08-01T10:00:00Z,batch-20260801-001
GEN-PLANT-007-2026-04-17,PLANT-007,2026-04-17,7839.46,8272,0.9687,FINAL,2026-04-18T06:00:00Z,2026-08-01T10:00:00Z,batch-20260801-001
GEN-PLANT-008-2026-04-17,PLANT-008,2026-04-17,2012.6,2200,0.9143,FINAL,2026-04-18T06:00:00Z,2026-08-01T10:00:00Z,batch-20260801-001
GEN-PLANT-001-2026-04-18,PLANT-001,2026-04-18,6140.15,6380,0.928,FINAL,2026-04-19T06:00:00Z,2026-08-01T10:00:00Z,batch-20260801-001
GEN-PLANT-002-2026-04-18,PLANT-002,2026-04-18,8768.75,9240,0.9313,FINAL,2026-04-19T06:00:00Z,2026-08-01T10:00:00Z,batch-20260801-001
GEN-PLANT-003-2026-04-18,PLANT-003,2026-04-18,3706.97,4312,0.9147,FINAL,2026-04-19T06:00:00Z,2026-08-01T10:00:00Z,batch-20260801-001
GEN-PLANT-004-2026-04-18,PLANT-004,2026-04-18,10295.06,10850,0.93,FINAL,2026-04-19T06:00:00Z,2026-08-01T10:00:00Z,batch-20260801-001
GEN-PLANT-005-2026-04-18,PLANT-005,2026-04-18,18683.52,19840,0.9798,FINAL,2026-04-19T06:00:00Z,2026-08-01T10:00:00Z,batch-20260801-001
GEN-PLANT-006-2026-04-18,PLANT-006,2026-04-18,5079.51,5544,0.9596,FINAL,2026-04-19T06:00:00Z,2026-08-01T10:00:00Z,batch-20260801-001
GEN-PLANT-007-2026-04-18,PLANT-007,2026-04-18,7678.57,8272,0.9176,FINAL,2026-04-19T06:00:00Z,2026-08-01T10:00:00Z,batch-20260801-001
GEN-PLANT-008-2026-04-18,PLANT-008,2026-04-18,1884.3,2200,0.9125,FINAL,2026-04-19T06:00:00Z,2026-08-01T10:00:00Z,batch-20260801-001
GEN-PLANT-001-2026-04-19,PLANT-001,2026-04-19,5690.39,6380,0.976,FINAL,2026-04-20T06:00:00Z,2026-08-01T10:00:00Z,batch-20260801-001
GEN-PLANT-002-2026-04-19,PLANT-002,2026-04-19,8425.87,9240,0.9396,FINAL,2026-04-20T06:00:00Z,2026-08-01T10:00:00Z,batch-20260801-001
GEN-PLANT-003-2026-04-19,PLANT-003,2026-04-19,4138.99,4312,0.9692,FINAL,2026-04-20T06:00:00Z,2026-08-01T10:00:00Z,batch-20260801-001
GEN-PLANT-004-2026-04-19,PLANT-004,2026-04-19,11224.8,10850,0.9827,FINAL,2026-04-20T06:00:00Z,2026-08-01T10:00:00Z,batch-20260801-001
GEN-PLANT-005-2026-04-19,PLANT-005,2026-04-19,17406.85,19840,0.948,FINAL,2026-04-20T06:00:00Z,2026-08-01T10:00:00Z,batch-20260801-001
GEN-PLANT-006-2026-04-19,PLANT-006,2026-04-19,5191.14,5544,0.927,FINAL,2026-04-20T06:00:00Z,2026-08-01T10:00:00Z,batch-20260801-001
GEN-PLANT-007-2026-04-19,PLANT-007,2026-04-19,7787.2,8272,0.9129,FINAL,2026-04-20T06:00:00Z,2026-08-01T10:00:00Z,batch-20260801-001
GEN-PLANT-008-2026-04-19,PLANT-008,2026-04-19,2129.84,2200,0.9694,FINAL,2026-04-20T06:00:00Z,2026-08-01T10:00:00Z,batch-20260801-001
GEN-PLANT-001-2026-04-20,PLANT-001,2026-04-20,5268.92,6380,0.9139,FINAL,2026-04-21T06:00:00Z,2026-08-01T10:00:00Z,batch-20260801-001
GEN-PLANT-002-2026-04-20,PLANT-002,2026-04-20,9296.97,9240,0.9566,FINAL,2026-04-21T06:00:00Z,2026-08-01T10:00:00Z,batch-20260801-001
GEN-PLANT-003-2026-04-20,PLANT-003,2026-04-20,3779.58,4312,0.9122,FINAL,2026-04-21T06:00:00Z,2026-08-01T10:00:00Z,batch-20260801-001
GEN-PLANT-004-2026-04-20,PLANT-004,2026-04-20,10333.13,10850,0.9221,FINAL,2026-04-21T06:00:00Z,2026-08-01T10:00:00Z,batch-20260801-001
GEN-PLANT-005-2026-04-20,PLANT-005,2026-04-20,16874.04,19840,0.9199,FINAL,2026-04-21T06:00:00Z,2026-08-01T10:00:00Z,batch-20260801-001
GEN-PLANT-006-2026-04-20,PLANT-006,2026-04-20,5077.2,5544,0.9591,FINAL,2026-04-21T06:00:00Z,2026-08-01T10:00:00Z,batch-20260801-001
GEN-PLANT-007-2026-04-20,PLANT-007,2026-04-20,7301.43,8272,0.9165,FINAL,2026-04-21T06:00:00Z,2026-08-01T10:00:00Z,batch-20260801-001
GEN-PLANT-008-2026-04-20,PLANT-008,2026-04-20,2285.19,2200,0.9815,FINAL,2026-04-21T06:00:00Z,2026-08-01T10:00:00Z,batch-20260801-001
GEN-PLANT-001-2026-04-21,PLANT-001,2026-04-21,5886.87,6380,0.9782,FINAL,2026-04-22T06:00:00Z,2026-08-01T10:00:00Z,batch-20260801-001
GEN-PLANT-002-2026-04-21,PLANT-002,2026-04-21,8092.17,9240,0.9761,FINAL,2026-04-22T06:00:00Z,2026-08-01T10:00:00Z,batch-20260801-001
GEN-PLANT-003-2026-04-21,PLANT-003,2026-04-21,3850.96,4312,0.9468,FINAL,2026-04-22T06:00:00Z,2026-08-01T10:00:00Z,batch-20260801-001
GEN-PLANT-004-2026-04-21,PLANT-004,2026-04-21,9370.19,10850,0.9673,FINAL,2026-04-22T06:00:00Z,2026-08-01T10:00:00Z,batch-20260801-001
GEN-PLANT-005-2026-04-21,PLANT-005,2026-04-21,17286.7,19840,0.9756,FINAL,2026-04-22T06:00:00Z,2026-08-01T10:00:00Z,batch-20260801-001
GEN-PLANT-006-2026-04-21,PLANT-006,2026-04-21,5274.69,5544,0.9613,FINAL,2026-04-22T06:00:00Z,2026-08-01T10:00:00Z,batch-20260801-001
GEN-PLANT-007-2026-04-21,PLANT-007,2026-04-21,8037.41,8272,0.9881,FINAL,2026-04-22T06:00:00Z,2026-08-01T10:00:00Z,batch-20260801-001
GEN-PLANT-008-2026-04-21,PLANT-008,2026-04-21,1934.01,2200,0.9883,FINAL,2026-04-22T06:00:00Z,2026-08-01T10:00:00Z,batch-20260801-001
GEN-PLANT-001-2026-04-22,PLANT-001,2026-04-22,6030.87,6380,0.9693,FINAL,2026-04-23T06:00:00Z,2026-08-01T10:00:00Z,batch-20260801-001
GEN-PLANT-002-2026-04-22,PLANT-002,2026-04-22,7848.23,9240,0.9208,FINAL,2026-04-23T06:00:00Z,2026-08-01T10:00:00Z,batch-20260801-001
GEN-PLANT-003-2026-04-22,PLANT-003,2026-04-22,4220.4,4312,0.9775,FINAL,2026-04-23T06:00:00Z,2026-08-01T10:00:00Z,batch-20260801-001
GEN-PLANT-004-2026-04-22,PLANT-004,2026-04-22,9898.65,10850,0.9226,FINAL,2026-04-23T06:00:00Z,2026-08-01T10:00:00Z,batch-20260801-001
GEN-PLANT-005-2026-04-22,PLANT-005,2026-04-22,16775.23,19840,0.9397,FINAL,2026-04-23T06:00:00Z,2026-08-01T10:00:00Z,batch-20260801-001
GEN-PLANT-006-2026-04-22,PLANT-006,2026-04-22,5600.59,5544,0.9825,FINAL,2026-04-23T06:00:00Z,2026-08-01T10:00:00Z,batch-20260801-001
GEN-PLANT-007-2026-04-22,PLANT-007,2026-04-22,7536.94,8272,0.986,FINAL,2026-04-23T06:00:00Z,2026-08-01T10:00:00Z,batch-20260801-001
GEN-PLANT-008-2026-04-22,PLANT-008,2026-04-22,2025.02,2200,0.9879,FINAL,2026-04-23T06:00:00Z,2026-08-01T10:00:00Z,batch-20260801-001
GEN-PLANT-001-2026-04-23,PLANT-001,2026-04-23,6285.01,6380,0.9755,FINAL,2026-04-24T06:00:00Z,2026-08-01T10:00:00Z,batch-20260801-001
GEN-PLANT-002-2026-04-23,PLANT-002,2026-04-23,8863.35,9240,0.9251,FINAL,2026-04-24T06:00:00Z,2026-08-01T10:00:00Z,batch-20260801-001
GEN-PLANT-003-2026-04-23,PLANT-003,2026-04-23,4002.99,4312,0.94,FINAL,2026-04-24T06:00:00Z,2026-08-01T10:00:00Z,batch-20260801-001
GEN-PLANT-004-2026-04-23,PLANT-004,2026-04-23,9790.79,10850,0.9506,FINAL,2026-04-24T06:00:00Z,2026-08-01T10:00:00Z,batch-20260801-001
GEN-PLANT-005-2026-04-23,PLANT-005,2026-04-23,18367.05,19840,0.9721,FINAL,2026-04-24T06:00:00Z,2026-08-01T10:00:00Z,batch-20260801-001
GEN-PLANT-006-2026-04-23,PLANT-006,2026-04-23,5480.88,5544,0.9875,FINAL,2026-04-24T06:00:00Z,2026-08-01T10:00:00Z,batch-20260801-001
GEN-PLANT-007-2026-04-23,PLANT-007,2026-04-23,7198.3,8272,0.9696,FINAL,2026-04-24T06:00:00Z,2026-08-01T10:00:00Z,batch-20260801-001
GEN-PLANT-008-2026-04-23,PLANT-008,2026-04-23,2181.72,2200,0.9455,FINAL,2026-04-24T06:00:00Z,2026-08-01T10:00:00Z,batch-20260801-001
GEN-PLANT-001-2026-04-24,PLANT-001,2026-04-24,6310.43,6380,0.9452,FINAL,2026-04-25T06:00:00Z,2026-08-01T10:00:00Z,batch-20260801-001
GEN-PLANT-002-2026-04-24,PLANT-002,2026-04-24,9063.37,9240,0.9409,FINAL,2026-04-25T06:00:00Z,2026-08-01T10:00:00Z,batch-20260801-001
GEN-PLANT-003-2026-04-24,PLANT-003,2026-04-24,3927.95,4312,0.9933,FINAL,2026-04-25T06:00:00Z,2026-08-01T10:00:00Z,batch-20260801-001
GEN-PLANT-004-2026-04-24,PLANT-004,2026-04-24,10452.56,10850,0.9687,FINAL,2026-04-25T06:00:00Z,2026-08-01T10:00:00Z,batch-20260801-001
GEN-PLANT-005-2026-04-24,PLANT-005,2026-04-24,19196.99,19840,0.9283,FINAL,2026-04-25T06:00:00Z,2026-08-01T10:00:00Z,batch-20260801-001
GEN-PLANT-006-2026-04-24,PLANT-006,2026-04-24,4655.83,5544,0.9305,FINAL,2026-04-25T06:00:00Z,2026-08-01T10:00:00Z,batch-20260801-001
GEN-PLANT-007-2026-04-24,PLANT-007,2026-04-24,7158.59,8272,0.9343,FINAL,2026-04-25T06:00:00Z,2026-08-01T10:00:00Z,batch-20260801-001
GEN-PLANT-008-2026-04-24,PLANT-008,2026-04-24,1815.45,2200,0.9233,FINAL,2026-04-25T06:00:00Z,2026-08-01T10:00:00Z,batch-20260801-001
GEN-PLANT-001-2026-04-25,PLANT-001,2026-04-25,6076.58,6380,0.9385,FINAL,2026-04-26T06:00:00Z,2026-08-01T10:00:00Z,batch-20260801-001
GEN-PLANT-002-2026-04-25,PLANT-002,2026-04-25,8401.68,9240,0.9152,FINAL,2026-04-26T06:00:00Z,2026-08-01T10:00:00Z,batch-20260801-001
GEN-PLANT-003-2026-04-25,PLANT-003,2026-04-25,4408.45,4312,0.973,FINAL,2026-04-26T06:00:00Z,2026-08-01T10:00:00Z,batch-20260801-001
GEN-PLANT-004-2026-04-25,PLANT-004,2026-04-25,10932.54,10850,0.9531,FINAL,2026-04-26T06:00:00Z,2026-08-01T10:00:00Z,batch-20260801-001
GEN-PLANT-005-2026-04-25,PLANT-005,2026-04-25,18190.63,19840,0.9877,FINAL,2026-04-26T06:00:00Z,2026-08-01T10:00:00Z,batch-20260801-001
GEN-PLANT-006-2026-04-25,PLANT-006,2026-04-25,4798.01,5544,0.9351,FINAL,2026-04-26T06:00:00Z,2026-08-01T10:00:00Z,batch-20260801-001
GEN-PLANT-007-2026-04-25,PLANT-007,2026-04-25,7884.77,8272,0.991,FINAL,2026-04-26T06:00:00Z,2026-08-01T10:00:00Z,batch-20260801-001
GEN-PLANT-008-2026-04-25,PLANT-008,2026-04-25,2140.01,2200,0.9827,FINAL,2026-04-26T06:00:00Z,2026-08-01T10:00:00Z,batch-20260801-001
GEN-PLANT-001-2026-04-26,PLANT-001,2026-04-26,5856.64,6380,0.9664,FINAL,2026-04-27T06:00:00Z,2026-08-01T10:00:00Z,batch-20260801-001
GEN-PLANT-002-2026-04-26,PLANT-002,2026-04-26,8069.46,9240,0.9342,FINAL,2026-04-27T06:00:00Z,2026-08-01T10:00:00Z,batch-20260801-001
GEN-PLANT-003-2026-04-26,PLANT-003,2026-04-26,3903.22,4312,0.9939,FINAL,2026-04-27T06:00:00Z,2026-08-01T10:00:00Z,batch-20260801-001
GEN-PLANT-004-2026-04-26,PLANT-004,2026-04-26,9285.29,10850,0.9328,FINAL,2026-04-27T06:00:00Z,2026-08-01T10:00:00Z,batch-20260801-001
GEN-PLANT-005-2026-04-26,PLANT-005,2026-04-26,17981.31,19840,0.9818,FINAL,2026-04-27T06:00:00Z,2026-08-01T10:00:00Z,batch-20260801-001
GEN-PLANT-006-2026-04-26,PLANT-006,2026-04-26,5137.24,5544,0.9821,FINAL,2026-04-27T06:00:00Z,2026-08-01T10:00:00Z,batch-20260801-001
GEN-PLANT-007-2026-04-26,PLANT-007,2026-04-26,7672.39,8272,0.9588,FINAL,2026-04-27T06:00:00Z,2026-08-01T10:00:00Z,batch-20260801-001
GEN-PLANT-008-2026-04-26,PLANT-008,2026-04-26,2051.55,2200,0.9351,FINAL,2026-04-27T06:00:00Z,2026-08-01T10:00:00Z,batch-20260801-001
GEN-PLANT-001-2026-04-27,PLANT-001,2026-04-27,5671.48,6380,0.9875,FINAL,2026-04-28T06:00:00Z,2026-08-01T10:00:00Z,batch-20260801-001
GEN-PLANT-002-2026-04-27,PLANT-002,2026-04-27,8745.89,9240,0.9233,FINAL,2026-04-28T06:00:00Z,2026-08-01T10:00:00Z,batch-20260801-001
GEN-PLANT-003-2026-04-27,PLANT-003,2026-04-27,3631.26,4312,0.9551,FINAL,2026-04-28T06:00:00Z,2026-08-01T10:00:00Z,batch-20260801-001
GEN-PLANT-004-2026-04-27,PLANT-004,2026-04-27,10993.15,10850,0.9739,FINAL,2026-04-28T06:00:00Z,2026-08-01T10:00:00Z,batch-20260801-001
GEN-PLANT-005-2026-04-27,PLANT-005,2026-04-27,18550.97,19840,0.9195,FINAL,2026-04-28T06:00:00Z,2026-08-01T10:00:00Z,batch-20260801-001
GEN-PLANT-006-2026-04-27,PLANT-006,2026-04-27,5608.75,5544,0.9878,FINAL,2026-04-28T06:00:00Z,2026-08-01T10:00:00Z,batch-20260801-001
GEN-PLANT-007-2026-04-27,PLANT-007,2026-04-27,7451.7,8272,0.9432,FINAL,2026-04-28T06:00:00Z,2026-08-01T10:00:00Z,batch-20260801-001
GEN-PLANT-008-2026-04-27,PLANT-008,2026-04-27,2022.79,2200,0.9157,FINAL,2026-04-28T06:00:00Z,2026-08-01T10:00:00Z,batch-20260801-001
GEN-PLANT-001-2026-04-28,PLANT-001,2026-04-28,5241.14,6380,0.9308,FINAL,2026-04-29T06:00:00Z,2026-08-01T10:00:00Z,batch-20260801-001
GEN-PLANT-002-2026-04-28,PLANT-002,2026-04-28,8091.54,9240,0.9211,FINAL,2026-04-29T06:00:00Z,2026-08-01T10:00:00Z,batch-20260801-001
GEN-PLANT-003-2026-04-28,PLANT-003,2026-04-28,3544.26,4312,0.9297,FINAL,2026-04-29T06:00:00Z,2026-08-01T10:00:00Z,batch-20260801-001
GEN-PLANT-004-2026-04-28,PLANT-004,2026-04-28,9532.69,10850,0.9493,FINAL,2026-04-29T06:00:00Z,2026-08-01T10:00:00Z,batch-20260801-001
GEN-PLANT-005-2026-04-28,PLANT-005,2026-04-28,19670.22,19840,0.9719,FINAL,2026-04-29T06:00:00Z,2026-08-01T10:00:00Z,batch-20260801-001
GEN-PLANT-006-2026-04-28,PLANT-006,2026-04-28,5007.32,5544,0.9819,FINAL,2026-04-29T06:00:00Z,2026-08-01T10:00:00Z,batch-20260801-001
GEN-PLANT-007-2026-04-28,PLANT-007,2026-04-28,7839.62,8272,0.9571,FINAL,2026-04-29T06:00:00Z,2026-08-01T10:00:00Z,batch-20260801-001
GEN-PLANT-008-2026-04-28,PLANT-008,2026-04-28,2175.23,2200,0.9437,FINAL,2026-04-29T06:00:00Z,2026-08-01T10:00:00Z,batch-20260801-001
GEN-PLANT-001-2026-04-29,PLANT-001,2026-04-29,6537.27,6380,0.9739,FINAL,2026-04-30T06:00:00Z,2026-08-01T10:00:00Z,batch-20260801-001
GEN-PLANT-002-2026-04-29,PLANT-002,2026-04-29,8434.25,9240,0.9389,FINAL,2026-04-30T06:00:00Z,2026-08-01T10:00:00Z,batch-20260801-001
GEN-PLANT-003-2026-04-29,PLANT-003,2026-04-29,3603.37,4312,0.9234,FINAL,2026-04-30T06:00:00Z,2026-08-01T10:00:00Z,batch-20260801-001
GEN-PLANT-004-2026-04-29,PLANT-004,2026-04-29,9690.32,10850,0.925,FINAL,2026-04-30T06:00:00Z,2026-08-01T10:00:00Z,batch-20260801-001
GEN-PLANT-005-2026-04-29,PLANT-005,2026-04-29,17191.77,19840,0.923,FINAL,2026-04-30T06:00:00Z,2026-08-01T10:00:00Z,batch-20260801-001
GEN-PLANT-006-2026-04-29,PLANT-006,2026-04-29,5000.85,5544,0.941,FINAL,2026-04-30T06:00:00Z,2026-08-01T10:00:00Z,batch-20260801-001
GEN-PLANT-007-2026-04-29,PLANT-007,2026-04-29,7003.77,8272,0.9416,FINAL,2026-04-30T06:00:00Z,2026-08-01T10:00:00Z,batch-20260801-001
GEN-PLANT-008-2026-04-29,PLANT-008,2026-04-29,1856.33,2200,0.9423,FINAL,2026-04-30T06:00:00Z,2026-08-01T10:00:00Z,batch-20260801-001
GEN-PLANT-001-2026-04-30,PLANT-001,2026-04-30,6473.22,6380,0.9798,FINAL,2026-05-01T06:00:00Z,2026-08-01T10:00:00Z,batch-20260801-001
GEN-PLANT-002-2026-04-30,PLANT-002,2026-04-30,8957.86,9240,0.9453,FINAL,2026-05-01T06:00:00Z,2026-08-01T10:00:00Z,batch-20260801-001
GEN-PLANT-003-2026-04-30,PLANT-003,2026-04-30,3603.91,4312,0.9109,FINAL,2026-05-01T06:00:00Z,2026-08-01T10:00:00Z,batch-20260801-001
GEN-PLANT-004-2026-04-30,PLANT-004,2026-04-30,9779.33,10850,0.935,FINAL,2026-05-01T06:00:00Z,2026-08-01T10:00:00Z,batch-20260801-001
GEN-PLANT-005-2026-04-30,PLANT-005,2026-04-30,20448.4,19840,0.9742,FINAL,2026-05-01T06:00:00Z,2026-08-01T10:00:00Z,batch-20260801-001
GEN-PLANT-006-2026-04-30,PLANT-006,2026-04-30,5381.41,5544,0.9664,FINAL,2026-05-01T06:00:00Z,2026-08-01T10:00:00Z,batch-20260801-001
GEN-PLANT-007-2026-04-30,PLANT-007,2026-04-30,7706.54,8272,0.9826,FINAL,2026-05-01T06:00:00Z,2026-08-01T10:00:00Z,batch-20260801-001
GEN-PLANT-008-2026-04-30,PLANT-008,2026-04-30,2182.59,2200,0.9877,FINAL,2026-05-01T06:00:00Z,2026-08-01T10:00:00Z,batch-20260801-001
GEN-PLANT-001-2026-05-01,PLANT-001,2026-05-01,6645.59,6380,0.9839,FINAL,2026-05-02T06:00:00Z,2026-08-01T10:00:00Z,batch-20260801-001
GEN-PLANT-002-2026-05-01,PLANT-002,2026-05-01,7841.97,9240,0.96,FINAL,2026-05-02T06:00:00Z,2026-08-01T10:00:00Z,batch-20260801-001
GEN-PLANT-003-2026-05-01,PLANT-003,2026-05-01,3969.03,4312,0.9155,FINAL,2026-05-02T06:00:00Z,2026-08-01T10:00:00Z,batch-20260801-001
GEN-PLANT-004-2026-05-01,PLANT-004,2026-05-01,9100.73,10850,0.9218,FINAL,2026-05-02T06:00:00Z,2026-08-01T10:00:00Z,batch-20260801-001
GEN-PLANT-005-2026-05-01,PLANT-005,2026-05-01,19151.4,19840,0.9592,FINAL,2026-05-02T06:00:00Z,2026-08-01T10:00:00Z,batch-20260801-001
GEN-PLANT-006-2026-05-01,PLANT-006,2026-05-01,4637.88,5544,0.9483,FINAL,2026-05-02T06:00:00Z,2026-08-01T10:00:00Z,batch-20260801-001
GEN-PLANT-007-2026-05-01,PLANT-007,2026-05-01,7291.55,8272,0.933,FINAL,2026-05-02T06:00:00Z,2026-08-01T10:00:00Z,batch-20260801-001
GEN-PLANT-008-2026-05-01,PLANT-008,2026-05-01,1936.59,2200,0.9782,FINAL,2026-05-02T06:00:00Z,2026-08-01T10:00:00Z,batch-20260801-001
GEN-PLANT-001-2026-05-02,PLANT-001,2026-05-02,6497,6380,0.9846,FINAL,2026-05-03T06:00:00Z,2026-08-01T10:00:00Z,batch-20260801-001
GEN-PLANT-002-2026-05-02,PLANT-002,2026-05-02,8326.97,9240,0.9277,FINAL,2026-05-03T06:00:00Z,2026-08-01T10:00:00Z,batch-20260801-001
GEN-PLANT-003-2026-05-02,PLANT-003,2026-05-02,3672.89,4312,0.9651,FINAL,2026-05-03T06:00:00Z,2026-08-01T10:00:00Z,batch-20260801-001
GEN-PLANT-004-2026-05-02,PLANT-004,2026-05-02,9750.86,10850,0.9725,FINAL,2026-05-03T06:00:00Z,2026-08-01T10:00:00Z,batch-20260801-001
GEN-PLANT-005-2026-05-02,PLANT-005,2026-05-02,17489.29,19840,0.9409,FINAL,2026-05-03T06:00:00Z,2026-08-01T10:00:00Z,batch-20260801-001
GEN-PLANT-006-2026-05-02,PLANT-006,2026-05-02,5093.67,5544,0.9611,FINAL,2026-05-03T06:00:00Z,2026-08-01T10:00:00Z,batch-20260801-001
GEN-PLANT-007-2026-05-02,PLANT-007,2026-05-02,7145.52,8272,0.9601,FINAL,2026-05-03T06:00:00Z,2026-08-01T10:00:00Z,batch-20260801-001
GEN-PLANT-008-2026-05-02,PLANT-008,2026-05-02,1909.97,2200,0.917,FINAL,2026-05-03T06:00:00Z,2026-08-01T10:00:00Z,batch-20260801-001
GEN-PLANT-001-2026-05-03,PLANT-001,2026-05-03,5979.41,6380,0.9415,FINAL,2026-05-04T06:00:00Z,2026-08-01T10:00:00Z,batch-20260801-001
GEN-PLANT-002-2026-05-03,PLANT-002,2026-05-03,8411.61,9240,0.9782,FINAL,2026-05-04T06:00:00Z,2026-08-01T10:00:00Z,batch-20260801-001
GEN-PLANT-003-2026-05-03,PLANT-003,2026-05-03,3803.06,4312,0.9232,FINAL,2026-05-04T06:00:00Z,2026-08-01T10:00:00Z,batch-20260801-001
GEN-PLANT-004-2026-05-03,PLANT-004,2026-05-03,10257.92,10850,0.9794,FINAL,2026-05-04T06:00:00Z,2026-08-01T10:00:00Z,batch-20260801-001
GEN-PLANT-005-2026-05-03,PLANT-005,2026-05-03,19086.82,19840,0.9291,FINAL,2026-05-04T06:00:00Z,2026-08-01T10:00:00Z,batch-20260801-001
GEN-PLANT-006-2026-05-03,PLANT-006,2026-05-03,5353.41,5544,0.9905,FINAL,2026-05-04T06:00:00Z,2026-08-01T10:00:00Z,batch-20260801-001
GEN-PLANT-007-2026-05-03,PLANT-007,2026-05-03,7511.9,8272,0.9435,FINAL,2026-05-04T06:00:00Z,2026-08-01T10:00:00Z,batch-20260801-001
GEN-PLANT-008-2026-05-03,PLANT-008,2026-05-03,1891.39,2200,0.9721,FINAL,2026-05-04T06:00:00Z,2026-08-01T10:00:00Z,batch-20260801-001
GEN-PLANT-001-2026-05-04,PLANT-001,2026-05-04,5926.98,6380,0.9181,FINAL,2026-05-05T06:00:00Z,2026-08-01T10:00:00Z,batch-20260801-001
GEN-PLANT-002-2026-05-04,PLANT-002,2026-05-04,8153.01,9240,0.9559,FINAL,2026-05-05T06:00:00Z,2026-08-01T10:00:00Z,batch-20260801-001
GEN-PLANT-003-2026-05-04,PLANT-003,2026-05-04,4000.75,4312,0.9525,FINAL,2026-05-05T06:00:00Z,2026-08-01T10:00:00Z,batch-20260801-001
GEN-PLANT-004-2026-05-04,PLANT-004,2026-05-04,9169.64,10850,0.9351,FINAL,2026-05-05T06:00:00Z,2026-08-01T10:00:00Z,batch-20260801-001
GEN-PLANT-005-2026-05-04,PLANT-005,2026-05-04,19627.07,19840,0.9732,FINAL,2026-05-05T06:00:00Z,2026-08-01T10:00:00Z,batch-20260801-001
GEN-PLANT-006-2026-05-04,PLANT-006,2026-05-04,5335.35,5544,0.9864,FINAL,2026-05-05T06:00:00Z,2026-08-01T10:00:00Z,batch-20260801-001
GEN-PLANT-007-2026-05-04,PLANT-007,2026-05-04,7306.44,8272,0.9749,FINAL,2026-05-05T06:00:00Z,2026-08-01T10:00:00Z,batch-20260801-001
GEN-PLANT-008-2026-05-04,PLANT-008,2026-05-04,2050,2200,0.9915,FINAL,2026-05-05T06:00:00Z,2026-08-01T10:00:00Z,batch-20260801-001
GEN-PLANT-001-2026-05-05,PLANT-001,2026-05-05,6422.78,6380,0.9881,FINAL,2026-05-06T06:00:00Z,2026-08-01T10:00:00Z,batch-20260801-001
GEN-PLANT-002-2026-05-05,PLANT-002,2026-05-05,9188.33,9240,0.9935,FINAL,2026-05-06T06:00:00Z,2026-08-01T10:00:00Z,batch-20260801-001
GEN-PLANT-003-2026-05-05,PLANT-003,2026-05-05,4110.91,4312,0.9927,FINAL,2026-05-06T06:00:00Z,2026-08-01T10:00:00Z,batch-20260801-001
GEN-PLANT-004-2026-05-05,PLANT-004,2026-05-05,9644.17,10850,0.9923,FINAL,2026-05-06T06:00:00Z,2026-08-01T10:00:00Z,batch-20260801-001
GEN-PLANT-005-2026-05-05,PLANT-005,2026-05-05,17885.68,19840,0.9114,FINAL,2026-05-06T06:00:00Z,2026-08-01T10:00:00Z,batch-20260801-001
GEN-PLANT-006-2026-05-05,PLANT-006,2026-05-05,4921.66,5544,0.9132,FINAL,2026-05-06T06:00:00Z,2026-08-01T10:00:00Z,batch-20260801-001
GEN-PLANT-007-2026-05-05,PLANT-007,2026-05-05,7687.54,8272,0.9755,FINAL,2026-05-06T06:00:00Z,2026-08-01T10:00:00Z,batch-20260801-001
GEN-PLANT-008-2026-05-05,PLANT-008,2026-05-05,1929.07,2200,0.9409,FINAL,2026-05-06T06:00:00Z,2026-08-01T10:00:00Z,batch-20260801-001
GEN-PLANT-001-2026-05-06,PLANT-001,2026-05-06,5738.34,6380,0.9685,FINAL,2026-05-07T06:00:00Z,2026-08-01T10:00:00Z,batch-20260801-001
GEN-PLANT-002-2026-05-06,PLANT-002,2026-05-06,8702.46,9240,0.9306,FINAL,2026-05-07T06:00:00Z,2026-08-01T10:00:00Z,batch-20260801-001
GEN-PLANT-003-2026-05-06,PLANT-003,2026-05-06,4164.4,4312,0.9382,FINAL,2026-05-07T06:00:00Z,2026-08-01T10:00:00Z,batch-20260801-001
GEN-PLANT-004-2026-05-06,PLANT-004,2026-05-06,10253.09,10850,0.9886,FINAL,2026-05-07T06:00:00Z,2026-08-01T10:00:00Z,batch-20260801-001
GEN-PLANT-005-2026-05-06,PLANT-005,2026-05-06,18139.78,19840,0.9659,FINAL,2026-05-07T06:00:00Z,2026-08-01T10:00:00Z,batch-20260801-001
GEN-PLANT-006-2026-05-06,PLANT-006,2026-05-06,5252.07,5544,0.9217,FINAL,2026-05-07T06:00:00Z,2026-08-01T10:00:00Z,batch-20260801-001
GEN-PLANT-007-2026-05-06,PLANT-007,2026-05-06,7320.37,8272,0.9728,FINAL,2026-05-07T06:00:00Z,2026-08-01T10:00:00Z,batch-20260801-001
GEN-PLANT-008-2026-05-06,PLANT-008,2026-05-06,2074.82,2200,0.9166,FINAL,2026-05-07T06:00:00Z,2026-08-01T10:00:00Z,batch-20260801-001
GEN-PLANT-001-2026-05-07,PLANT-001,2026-05-07,6371.01,6380,0.9542,FINAL,2026-05-08T06:00:00Z,2026-08-01T10:00:00Z,batch-20260801-001
GEN-PLANT-002-2026-05-07,PLANT-002,2026-05-07,8493.23,9240,0.9123,FINAL,2026-05-08T06:00:00Z,2026-08-01T10:00:00Z,batch-20260801-001
GEN-PLANT-003-2026-05-07,PLANT-003,2026-05-07,3739.72,4312,0.936,FINAL,2026-05-08T06:00:00Z,2026-08-01T10:00:00Z,batch-20260801-001
GEN-PLANT-004-2026-05-07,PLANT-004,2026-05-07,10770.34,10850,0.9794,FINAL,2026-05-08T06:00:00Z,2026-08-01T10:00:00Z,batch-20260801-001
GEN-PLANT-005-2026-05-07,PLANT-005,2026-05-07,18963.94,19840,0.934,FINAL,2026-05-08T06:00:00Z,2026-08-01T10:00:00Z,batch-20260801-001
GEN-PLANT-006-2026-05-07,PLANT-006,2026-05-07,5377.12,5544,0.9881,FINAL,2026-05-08T06:00:00Z,2026-08-01T10:00:00Z,batch-20260801-001
GEN-PLANT-007-2026-05-07,PLANT-007,2026-05-07,7798.06,8272,0.9403,FINAL,2026-05-08T06:00:00Z,2026-08-01T10:00:00Z,batch-20260801-001
GEN-PLANT-008-2026-05-07,PLANT-008,2026-05-07,1988.46,2200,0.9202,FINAL,2026-05-08T06:00:00Z,2026-08-01T10:00:00Z,batch-20260801-001
GEN-PLANT-001-2026-05-08,PLANT-001,2026-05-08,5664.8,6380,0.9268,FINAL,2026-05-09T06:00:00Z,2026-08-01T10:00:00Z,batch-20260801-001
GEN-PLANT-002-2026-05-08,PLANT-002,2026-05-08,8305.3,9240,0.9568,FINAL,2026-05-09T06:00:00Z,2026-08-01T10:00:00Z,batch-20260801-001
GEN-PLANT-003-2026-05-08,PLANT-003,2026-05-08,3608.68,4312,0.9407,FINAL,2026-05-09T06:00:00Z,2026-08-01T10:00:00Z,batch-20260801-001
GEN-PLANT-004-2026-05-08,PLANT-004,2026-05-08,10156.15,10850,0.9624,FINAL,2026-05-09T06:00:00Z,2026-08-01T10:00:00Z,batch-20260801-001
GEN-PLANT-005-2026-05-08,PLANT-005,2026-05-08,18226.15,19840,0.9879,FINAL,2026-05-09T06:00:00Z,2026-08-01T10:00:00Z,batch-20260801-001
GEN-PLANT-006-2026-05-08,PLANT-006,2026-05-08,5447.19,5544,0.9271,FINAL,2026-05-09T06:00:00Z,2026-08-01T10:00:00Z,batch-20260801-001
GEN-PLANT-007-2026-05-08,PLANT-007,2026-05-08,7166.63,8272,0.9169,FINAL,2026-05-09T06:00:00Z,2026-08-01T10:00:00Z,batch-20260801-001
GEN-PLANT-008-2026-05-08,PLANT-008,2026-05-08,2159.46,2200,0.9682,FINAL,2026-05-09T06:00:00Z,2026-08-01T10:00:00Z,batch-20260801-001
GEN-PLANT-001-2026-05-09,PLANT-001,2026-05-09,6160.2,6380,0.9129,FINAL,2026-05-10T06:00:00Z,2026-08-01T10:00:00Z,batch-20260801-001
GEN-PLANT-002-2026-05-09,PLANT-002,2026-05-09,9393.4,9240,0.9718,FINAL,2026-05-10T06:00:00Z,2026-08-01T10:00:00Z,batch-20260801-001
GEN-PLANT-003-2026-05-09,PLANT-003,2026-05-09,4038.38,4312,0.9182,FINAL,2026-05-10T06:00:00Z,2026-08-01T10:00:00Z,batch-20260801-001
GEN-PLANT-004-2026-05-09,PLANT-004,2026-05-09,10209.97,10850,0.9495,FINAL,2026-05-10T06:00:00Z,2026-08-01T10:00:00Z,batch-20260801-001
GEN-PLANT-005-2026-05-09,PLANT-005,2026-05-09,19229.17,19840,0.9617,FINAL,2026-05-10T06:00:00Z,2026-08-01T10:00:00Z,batch-20260801-001
GEN-PLANT-006-2026-05-09,PLANT-006,2026-05-09,5487.35,5544,0.9396,FINAL,2026-05-10T06:00:00Z,2026-08-01T10:00:00Z,batch-20260801-001
GEN-PLANT-007-2026-05-09,PLANT-007,2026-05-09,7647.61,8272,0.9836,FINAL,2026-05-10T06:00:00Z,2026-08-01T10:00:00Z,batch-20260801-001
GEN-PLANT-008-2026-05-09,PLANT-008,2026-05-09,2127.12,2200,0.9601,FINAL,2026-05-10T06:00:00Z,2026-08-01T10:00:00Z,batch-20260801-001
GEN-PLANT-001-2026-05-10,PLANT-001,2026-05-10,5329.25,6380,0.9147,FINAL,2026-05-11T06:00:00Z,2026-08-01T10:00:00Z,batch-20260801-001
GEN-PLANT-002-2026-05-10,PLANT-002,2026-05-10,9250.45,9240,0.9445,FINAL,2026-05-11T06:00:00Z,2026-08-01T10:00:00Z,batch-20260801-001
GEN-PLANT-003-2026-05-10,PLANT-003,2026-05-10,4266.33,4312,0.9534,FINAL,2026-05-11T06:00:00Z,2026-08-01T10:00:00Z,batch-20260801-001
GEN-PLANT-004-2026-05-10,PLANT-004,2026-05-10,10507.14,10850,0.9286,FINAL,2026-05-11T06:00:00Z,2026-08-01T10:00:00Z,batch-20260801-001
GEN-PLANT-005-2026-05-10,PLANT-005,2026-05-10,18906.23,19840,0.9617,FINAL,2026-05-11T06:00:00Z,2026-08-01T10:00:00Z,batch-20260801-001
GEN-PLANT-006-2026-05-10,PLANT-006,2026-05-10,5334.05,5544,0.9504,FINAL,2026-05-11T06:00:00Z,2026-08-01T10:00:00Z,batch-20260801-001
GEN-PLANT-007-2026-05-10,PLANT-007,2026-05-10,7435.83,8272,0.9652,FINAL,2026-05-11T06:00:00Z,2026-08-01T10:00:00Z,batch-20260801-001
GEN-PLANT-008-2026-05-10,PLANT-008,2026-05-10,2131.24,2200,0.9797,FINAL,2026-05-11T06:00:00Z,2026-08-01T10:00:00Z,batch-20260801-001
GEN-PLANT-001-2026-05-11,PLANT-001,2026-05-11,6070.53,6380,0.9377,FINAL,2026-05-12T06:00:00Z,2026-08-01T10:00:00Z,batch-20260801-001
GEN-PLANT-002-2026-05-11,PLANT-002,2026-05-11,8173.54,9240,0.9605,FINAL,2026-05-12T06:00:00Z,2026-08-01T10:00:00Z,batch-20260801-001
GEN-PLANT-003-2026-05-11,PLANT-003,2026-05-11,3870.9,4312,0.9521,FINAL,2026-05-12T06:00:00Z,2026-08-01T10:00:00Z,batch-20260801-001
GEN-PLANT-004-2026-05-11,PLANT-004,2026-05-11,10659.72,10850,0.9349,FINAL,2026-05-12T06:00:00Z,2026-08-01T10:00:00Z,batch-20260801-001
GEN-PLANT-005-2026-05-11,PLANT-005,2026-05-11,19341.86,19840,0.967,FINAL,2026-05-12T06:00:00Z,2026-08-01T10:00:00Z,batch-20260801-001
GEN-PLANT-006-2026-05-11,PLANT-006,2026-05-11,5300.86,5544,0.9583,FINAL,2026-05-12T06:00:00Z,2026-08-01T10:00:00Z,batch-20260801-001
GEN-PLANT-007-2026-05-11,PLANT-007,2026-05-11,8326.79,8272,0.9713,FINAL,2026-05-12T06:00:00Z,2026-08-01T10:00:00Z,batch-20260801-001
GEN-PLANT-008-2026-05-11,PLANT-008,2026-05-11,1958.17,2200,0.9807,FINAL,2026-05-12T06:00:00Z,2026-08-01T10:00:00Z,batch-20260801-001
GEN-PLANT-001-2026-05-12,PLANT-001,2026-05-12,5276.67,6380,0.9296,FINAL,2026-05-13T06:00:00Z,2026-08-01T10:00:00Z,batch-20260801-001
GEN-PLANT-002-2026-05-12,PLANT-002,2026-05-12,8936.79,9240,0.9376,FINAL,2026-05-13T06:00:00Z,2026-08-01T10:00:00Z,batch-20260801-001
GEN-PLANT-003-2026-05-12,PLANT-003,2026-05-12,3961.17,4312,0.9744,FINAL,2026-05-13T06:00:00Z,2026-08-01T10:00:00Z,batch-20260801-001
GEN-PLANT-004-2026-05-12,PLANT-004,2026-05-12,11137.19,10850,0.9886,FINAL,2026-05-13T06:00:00Z,2026-08-01T10:00:00Z,batch-20260801-001
GEN-PLANT-005-2026-05-12,PLANT-005,2026-05-12,17714.08,19840,0.9592,FINAL,2026-05-13T06:00:00Z,2026-08-01T10:00:00Z,batch-20260801-001
GEN-PLANT-006-2026-05-12,PLANT-006,2026-05-12,5589.52,5544,0.9708,FINAL,2026-05-13T06:00:00Z,2026-08-01T10:00:00Z,batch-20260801-001
GEN-PLANT-007-2026-05-12,PLANT-007,2026-05-12,7953.37,8272,0.9892,FINAL,2026-05-13T06:00:00Z,2026-08-01T10:00:00Z,batch-20260801-001
GEN-PLANT-008-2026-05-12,PLANT-008,2026-05-12,2106.13,2200,0.9278,FINAL,2026-05-13T06:00:00Z,2026-08-01T10:00:00Z,batch-20260801-001
GEN-PLANT-001-2026-05-13,PLANT-001,2026-05-13,6155.36,6380,0.9646,FINAL,2026-05-14T06:00:00Z,2026-08-01T10:00:00Z,batch-20260801-001
GEN-PLANT-002-2026-05-13,PLANT-002,2026-05-13,8674.01,9240,0.9511,FINAL,2026-05-14T06:00:00Z,2026-08-01T10:00:00Z,batch-20260801-001
GEN-PLANT-003-2026-05-13,PLANT-003,2026-05-13,4251.35,4312,0.9873,FINAL,2026-05-14T06:00:00Z,2026-08-01T10:00:00Z,batch-20260801-001
GEN-PLANT-004-2026-05-13,PLANT-004,2026-05-13,9139.85,10850,0.9354,FINAL,2026-05-14T06:00:00Z,2026-08-01T10:00:00Z,batch-20260801-001
GEN-PLANT-005-2026-05-13,PLANT-005,2026-05-13,17781.26,19840,0.957,FINAL,2026-05-14T06:00:00Z,2026-08-01T10:00:00Z,batch-20260801-001
GEN-PLANT-006-2026-05-13,PLANT-006,2026-05-13,5166.47,5544,0.9467,FINAL,2026-05-14T06:00:00Z,2026-08-01T10:00:00Z,batch-20260801-001
GEN-PLANT-007-2026-05-13,PLANT-007,2026-05-13,7231.19,8272,0.9768,FINAL,2026-05-14T06:00:00Z,2026-08-01T10:00:00Z,batch-20260801-001
GEN-PLANT-008-2026-05-13,PLANT-008,2026-05-13,1957.67,2200,0.9675,FINAL,2026-05-14T06:00:00Z,2026-08-01T10:00:00Z,batch-20260801-001
GEN-PLANT-001-2026-05-14,PLANT-001,2026-05-14,6156.88,6380,0.9533,FINAL,2026-05-15T06:00:00Z,2026-08-01T10:00:00Z,batch-20260801-001
GEN-PLANT-002-2026-05-14,PLANT-002,2026-05-14,9218.29,9240,0.9746,FINAL,2026-05-15T06:00:00Z,2026-08-01T10:00:00Z,batch-20260801-001
GEN-PLANT-003-2026-05-14,PLANT-003,2026-05-14,3845.47,4312,0.9133,FINAL,2026-05-15T06:00:00Z,2026-08-01T10:00:00Z,batch-20260801-001
GEN-PLANT-004-2026-05-14,PLANT-004,2026-05-14,9597.55,10850,0.9369,FINAL,2026-05-15T06:00:00Z,2026-08-01T10:00:00Z,batch-20260801-001
GEN-PLANT-005-2026-05-14,PLANT-005,2026-05-14,18660.05,19840,0.9515,FINAL,2026-05-15T06:00:00Z,2026-08-01T10:00:00Z,batch-20260801-001
GEN-PLANT-006-2026-05-14,PLANT-006,2026-05-14,4724.53,5544,0.9127,FINAL,2026-05-15T06:00:00Z,2026-08-01T10:00:00Z,batch-20260801-001
GEN-PLANT-007-2026-05-14,PLANT-007,2026-05-14,8410.08,8272,0.9949,FINAL,2026-05-15T06:00:00Z,2026-08-01T10:00:00Z,batch-20260801-001
GEN-PLANT-008-2026-05-14,PLANT-008,2026-05-14,2118.93,2200,0.9491,FINAL,2026-05-15T06:00:00Z,2026-08-01T10:00:00Z,batch-20260801-001
GEN-PLANT-001-2026-05-15,PLANT-001,2026-05-15,6057.92,6380,0.9593,FINAL,2026-05-16T06:00:00Z,2026-08-01T10:00:00Z,batch-20260801-001
GEN-PLANT-002-2026-05-15,PLANT-002,2026-05-15,9300.43,9240,0.9746,FINAL,2026-05-16T06:00:00Z,2026-08-01T10:00:00Z,batch-20260801-001
GEN-PLANT-003-2026-05-15,PLANT-003,2026-05-15,3577.17,4312,0.9401,FINAL,2026-05-16T06:00:00Z,2026-08-01T10:00:00Z,batch-20260801-001
GEN-PLANT-004-2026-05-15,PLANT-004,2026-05-15,10761.73,10850,0.9415,FINAL,2026-05-16T06:00:00Z,2026-08-01T10:00:00Z,batch-20260801-001
GEN-PLANT-005-2026-05-15,PLANT-005,2026-05-15,16316.21,19840,0.922,FINAL,2026-05-16T06:00:00Z,2026-08-01T10:00:00Z,batch-20260801-001
GEN-PLANT-006-2026-05-15,PLANT-006,2026-05-15,5217.61,5544,0.9491,FINAL,2026-05-16T06:00:00Z,2026-08-01T10:00:00Z,batch-20260801-001
GEN-PLANT-007-2026-05-15,PLANT-007,2026-05-15,7071.87,8272,0.9507,FINAL,2026-05-16T06:00:00Z,2026-08-01T10:00:00Z,batch-20260801-001
GEN-PLANT-008-2026-05-15,PLANT-008,2026-05-15,1920.12,2200,0.974,FINAL,2026-05-16T06:00:00Z,2026-08-01T10:00:00Z,batch-20260801-001
GEN-PLANT-001-2026-05-16,PLANT-001,2026-05-16,5967.04,6380,0.9267,FINAL,2026-05-17T06:00:00Z,2026-08-01T10:00:00Z,batch-20260801-001
GEN-PLANT-002-2026-05-16,PLANT-002,2026-05-16,8462.65,9240,0.9757,FINAL,2026-05-17T06:00:00Z,2026-08-01T10:00:00Z,batch-20260801-001
GEN-PLANT-003-2026-05-16,PLANT-003,2026-05-16,3836.73,4312,0.9578,FINAL,2026-05-17T06:00:00Z,2026-08-01T10:00:00Z,batch-20260801-001
GEN-PLANT-004-2026-05-16,PLANT-004,2026-05-16,9500.74,10850,0.9154,FINAL,2026-05-17T06:00:00Z,2026-08-01T10:00:00Z,batch-20260801-001
GEN-PLANT-005-2026-05-16,PLANT-005,2026-05-16,19771.99,19840,0.9913,FINAL,2026-05-17T06:00:00Z,2026-08-01T10:00:00Z,batch-20260801-001
GEN-PLANT-006-2026-05-16,PLANT-006,2026-05-16,5269.49,5544,0.9192,FINAL,2026-05-17T06:00:00Z,2026-08-01T10:00:00Z,batch-20260801-001
GEN-PLANT-007-2026-05-16,PLANT-007,2026-05-16,7815.8,8272,0.991,FINAL,2026-05-17T06:00:00Z,2026-08-01T10:00:00Z,batch-20260801-001
GEN-PLANT-008-2026-05-16,PLANT-008,2026-05-16,1922.5,2200,0.9844,FINAL,2026-05-17T06:00:00Z,2026-08-01T10:00:00Z,batch-20260801-001
GEN-PLANT-001-2026-05-17,PLANT-001,2026-05-17,6216.94,6380,0.9915,FINAL,2026-05-18T06:00:00Z,2026-08-01T10:00:00Z,batch-20260801-001
GEN-PLANT-002-2026-05-17,PLANT-002,2026-05-17,8069.47,9240,0.9501,FINAL,2026-05-18T06:00:00Z,2026-08-01T10:00:00Z,batch-20260801-001
GEN-PLANT-003-2026-05-17,PLANT-003,2026-05-17,4047.74,4312,0.9658,FINAL,2026-05-18T06:00:00Z,2026-08-01T10:00:00Z,batch-20260801-001
GEN-PLANT-004-2026-05-17,PLANT-004,2026-05-17,10432.1,10850,0.9262,FINAL,2026-05-18T06:00:00Z,2026-08-01T10:00:00Z,batch-20260801-001
GEN-PLANT-005-2026-05-17,PLANT-005,2026-05-17,16399.14,19840,0.9362,FINAL,2026-05-18T06:00:00Z,2026-08-01T10:00:00Z,batch-20260801-001
GEN-PLANT-006-2026-05-17,PLANT-006,2026-05-17,5038.95,5544,0.9724,FINAL,2026-05-18T06:00:00Z,2026-08-01T10:00:00Z,batch-20260801-001
GEN-PLANT-007-2026-05-17,PLANT-007,2026-05-17,8046.83,8272,0.9572,FINAL,2026-05-18T06:00:00Z,2026-08-01T10:00:00Z,batch-20260801-001
GEN-PLANT-008-2026-05-17,PLANT-008,2026-05-17,1808.33,2200,0.9229,FINAL,2026-05-18T06:00:00Z,2026-08-01T10:00:00Z,batch-20260801-001
GEN-PLANT-001-2026-05-18,PLANT-001,2026-05-18,5366.2,6380,0.9442,FINAL,2026-05-19T06:00:00Z,2026-08-01T10:00:00Z,batch-20260801-001
GEN-PLANT-002-2026-05-18,PLANT-002,2026-05-18,8325.39,9240,0.9708,FINAL,2026-05-19T06:00:00Z,2026-08-01T10:00:00Z,batch-20260801-001
GEN-PLANT-003-2026-05-18,PLANT-003,2026-05-18,3536.25,4312,0.9111,FINAL,2026-05-19T06:00:00Z,2026-08-01T10:00:00Z,batch-20260801-001
GEN-PLANT-004-2026-05-18,PLANT-004,2026-05-18,9632.56,10850,0.9625,FINAL,2026-05-19T06:00:00Z,2026-08-01T10:00:00Z,batch-20260801-001
GEN-PLANT-005-2026-05-18,PLANT-005,2026-05-18,17023,19840,0.9711,FINAL,2026-05-19T06:00:00Z,2026-08-01T10:00:00Z,batch-20260801-001
GEN-PLANT-006-2026-05-18,PLANT-006,2026-05-18,5616.98,5544,0.9763,FINAL,2026-05-19T06:00:00Z,2026-08-01T10:00:00Z,batch-20260801-001
GEN-PLANT-007-2026-05-18,PLANT-007,2026-05-18,7270.84,8272,0.9196,FINAL,2026-05-19T06:00:00Z,2026-08-01T10:00:00Z,batch-20260801-001
GEN-PLANT-008-2026-05-18,PLANT-008,2026-05-18,1961.08,2200,0.9113,FINAL,2026-05-19T06:00:00Z,2026-08-01T10:00:00Z,batch-20260801-001
GEN-PLANT-001-2026-05-19,PLANT-001,2026-05-19,5348.74,6380,0.9347,FINAL,2026-05-20T06:00:00Z,2026-08-01T10:00:00Z,batch-20260801-001
GEN-PLANT-002-2026-05-19,PLANT-002,2026-05-19,9166.6,9240,0.979,FINAL,2026-05-20T06:00:00Z,2026-08-01T10:00:00Z,batch-20260801-001
GEN-PLANT-003-2026-05-19,PLANT-003,2026-05-19,4319.72,4312,0.9832,FINAL,2026-05-20T06:00:00Z,2026-08-01T10:00:00Z,batch-20260801-001
GEN-PLANT-004-2026-05-19,PLANT-004,2026-05-19,9727.66,10850,0.9366,FINAL,2026-05-20T06:00:00Z,2026-08-01T10:00:00Z,batch-20260801-001
GEN-PLANT-005-2026-05-19,PLANT-005,2026-05-19,20270.23,19840,0.9793,FINAL,2026-05-20T06:00:00Z,2026-08-01T10:00:00Z,batch-20260801-001
GEN-PLANT-006-2026-05-19,PLANT-006,2026-05-19,4731.16,5544,0.912,FINAL,2026-05-20T06:00:00Z,2026-08-01T10:00:00Z,batch-20260801-001
GEN-PLANT-007-2026-05-19,PLANT-007,2026-05-19,7412.6,8272,0.9844,FINAL,2026-05-20T06:00:00Z,2026-08-01T10:00:00Z,batch-20260801-001
GEN-PLANT-008-2026-05-19,PLANT-008,2026-05-19,2027.91,2200,0.9103,FINAL,2026-05-20T06:00:00Z,2026-08-01T10:00:00Z,batch-20260801-001
GEN-PLANT-001-2026-05-20,PLANT-001,2026-05-20,6424.42,6380,0.9748,FINAL,2026-05-21T06:00:00Z,2026-08-01T10:00:00Z,batch-20260801-001
GEN-PLANT-002-2026-05-20,PLANT-002,2026-05-20,8771.76,9240,0.9664,FINAL,2026-05-21T06:00:00Z,2026-08-01T10:00:00Z,batch-20260801-001
GEN-PLANT-003-2026-05-20,PLANT-003,2026-05-20,3904.12,4312,0.954,FINAL,2026-05-21T06:00:00Z,2026-08-01T10:00:00Z,batch-20260801-001
GEN-PLANT-004-2026-05-20,PLANT-004,2026-05-20,9714.52,10850,0.9879,FINAL,2026-05-21T06:00:00Z,2026-08-01T10:00:00Z,batch-20260801-001
GEN-PLANT-005-2026-05-20,PLANT-005,2026-05-20,17256.65,19840,0.96,FINAL,2026-05-21T06:00:00Z,2026-08-01T10:00:00Z,batch-20260801-001
GEN-PLANT-006-2026-05-20,PLANT-006,2026-05-20,5149.36,5544,0.9517,FINAL,2026-05-21T06:00:00Z,2026-08-01T10:00:00Z,batch-20260801-001
GEN-PLANT-007-2026-05-20,PLANT-007,2026-05-20,7208.71,8272,0.9885,FINAL,2026-05-21T06:00:00Z,2026-08-01T10:00:00Z,batch-20260801-001
GEN-PLANT-008-2026-05-20,PLANT-008,2026-05-20,2121.54,2200,0.932,FINAL,2026-05-21T06:00:00Z,2026-08-01T10:00:00Z,batch-20260801-001
GEN-PLANT-001-2026-05-21,PLANT-001,2026-05-21,5442.32,6380,0.9126,FINAL,2026-05-22T06:00:00Z,2026-08-01T10:00:00Z,batch-20260801-001
GEN-PLANT-002-2026-05-21,PLANT-002,2026-05-21,8781.42,9240,0.9778,FINAL,2026-05-22T06:00:00Z,2026-08-01T10:00:00Z,batch-20260801-001
GEN-PLANT-003-2026-05-21,PLANT-003,2026-05-21,4211.99,4312,0.9794,FINAL,2026-05-22T06:00:00Z,2026-08-01T10:00:00Z,batch-20260801-001
GEN-PLANT-004-2026-05-21,PLANT-004,2026-05-21,10845.08,10850,0.9932,FINAL,2026-05-22T06:00:00Z,2026-08-01T10:00:00Z,batch-20260801-001
GEN-PLANT-005-2026-05-21,PLANT-005,2026-05-21,18676.61,19840,0.9724,FINAL,2026-05-22T06:00:00Z,2026-08-01T10:00:00Z,batch-20260801-001
GEN-PLANT-006-2026-05-21,PLANT-006,2026-05-21,4781.26,5544,0.9471,FINAL,2026-05-22T06:00:00Z,2026-08-01T10:00:00Z,batch-20260801-001
GEN-PLANT-007-2026-05-21,PLANT-007,2026-05-21,8555.46,8272,0.9937,FINAL,2026-05-22T06:00:00Z,2026-08-01T10:00:00Z,batch-20260801-001
GEN-PLANT-008-2026-05-21,PLANT-008,2026-05-21,2020.82,2200,0.9284,FINAL,2026-05-22T06:00:00Z,2026-08-01T10:00:00Z,batch-20260801-001
GEN-PLANT-001-2026-05-22,PLANT-001,2026-05-22,5874.79,6380,0.9117,FINAL,2026-05-23T06:00:00Z,2026-08-01T10:00:00Z,batch-20260801-001
GEN-PLANT-002-2026-05-22,PLANT-002,2026-05-22,8500.87,9240,0.9327,FINAL,2026-05-23T06:00:00Z,2026-08-01T10:00:00Z,batch-20260801-001
GEN-PLANT-003-2026-05-22,PLANT-003,2026-05-22,3773.28,4312,0.9669,FINAL,2026-05-23T06:00:00Z,2026-08-01T10:00:00Z,batch-20260801-001
GEN-PLANT-004-2026-05-22,PLANT-004,2026-05-22,10921.77,10850,0.983,FINAL,2026-05-23T06:00:00Z,2026-08-01T10:00:00Z,batch-20260801-001
GEN-PLANT-005-2026-05-22,PLANT-005,2026-05-22,19762.33,19840,0.9436,FINAL,2026-05-23T06:00:00Z,2026-08-01T10:00:00Z,batch-20260801-001
GEN-PLANT-006-2026-05-22,PLANT-006,2026-05-22,5665.62,5544,0.9716,FINAL,2026-05-23T06:00:00Z,2026-08-01T10:00:00Z,batch-20260801-001
GEN-PLANT-007-2026-05-22,PLANT-007,2026-05-22,7554.89,8272,0.9703,FINAL,2026-05-23T06:00:00Z,2026-08-01T10:00:00Z,batch-20260801-001
GEN-PLANT-008-2026-05-22,PLANT-008,2026-05-22,1838.7,2200,0.9419,FINAL,2026-05-23T06:00:00Z,2026-08-01T10:00:00Z,batch-20260801-001
GEN-PLANT-001-2026-05-23,PLANT-001,2026-05-23,6059.14,6380,0.9236,FINAL,2026-05-24T06:00:00Z,2026-08-01T10:00:00Z,batch-20260801-001
GEN-PLANT-002-2026-05-23,PLANT-002,2026-05-23,7826.61,9240,0.9599,FINAL,2026-05-24T06:00:00Z,2026-08-01T10:00:00Z,batch-20260801-001
GEN-PLANT-003-2026-05-23,PLANT-003,2026-05-23,3973.88,4312,0.9898,FINAL,2026-05-24T06:00:00Z,2026-08-01T10:00:00Z,batch-20260801-001
GEN-PLANT-004-2026-05-23,PLANT-004,2026-05-23,9499.02,10850,0.9625,FINAL,2026-05-24T06:00:00Z,2026-08-01T10:00:00Z,batch-20260801-001
GEN-PLANT-005-2026-05-23,PLANT-005,2026-05-23,17314.84,19840,0.9272,FINAL,2026-05-24T06:00:00Z,2026-08-01T10:00:00Z,batch-20260801-001
GEN-PLANT-006-2026-05-23,PLANT-006,2026-05-23,5450.29,5544,0.9503,FINAL,2026-05-24T06:00:00Z,2026-08-01T10:00:00Z,batch-20260801-001
GEN-PLANT-007-2026-05-23,PLANT-007,2026-05-23,6961.84,8272,0.9412,FINAL,2026-05-24T06:00:00Z,2026-08-01T10:00:00Z,batch-20260801-001
GEN-PLANT-008-2026-05-23,PLANT-008,2026-05-23,1946.95,2200,0.949,FINAL,2026-05-24T06:00:00Z,2026-08-01T10:00:00Z,batch-20260801-001
GEN-PLANT-001-2026-05-24,PLANT-001,2026-05-24,5745.23,6380,0.9478,FINAL,2026-05-25T06:00:00Z,2026-08-01T10:00:00Z,batch-20260801-001
GEN-PLANT-002-2026-05-24,PLANT-002,2026-05-24,7470.88,9240,0.913,FINAL,2026-05-25T06:00:00Z,2026-08-01T10:00:00Z,batch-20260801-001
GEN-PLANT-003-2026-05-24,PLANT-003,2026-05-24,4299.7,4312,0.9543,FINAL,2026-05-25T06:00:00Z,2026-08-01T10:00:00Z,batch-20260801-001
GEN-PLANT-004-2026-05-24,PLANT-004,2026-05-24,10572.37,10850,0.9927,FINAL,2026-05-25T06:00:00Z,2026-08-01T10:00:00Z,batch-20260801-001
GEN-PLANT-005-2026-05-24,PLANT-005,2026-05-24,20048.13,19840,0.9908,FINAL,2026-05-25T06:00:00Z,2026-08-01T10:00:00Z,batch-20260801-001
GEN-PLANT-006-2026-05-24,PLANT-006,2026-05-24,4966.95,5544,0.9479,FINAL,2026-05-25T06:00:00Z,2026-08-01T10:00:00Z,batch-20260801-001
GEN-PLANT-007-2026-05-24,PLANT-007,2026-05-24,7293.8,8272,0.9618,FINAL,2026-05-25T06:00:00Z,2026-08-01T10:00:00Z,batch-20260801-001
GEN-PLANT-008-2026-05-24,PLANT-008,2026-05-24,2132.66,2200,0.9558,FINAL,2026-05-25T06:00:00Z,2026-08-01T10:00:00Z,batch-20260801-001
GEN-PLANT-001-2026-05-25,PLANT-001,2026-05-25,6079.97,6380,0.9876,FINAL,2026-05-26T06:00:00Z,2026-08-01T10:00:00Z,batch-20260801-001
GEN-PLANT-002-2026-05-25,PLANT-002,2026-05-25,8645.85,9240,0.9937,FINAL,2026-05-26T06:00:00Z,2026-08-01T10:00:00Z,batch-20260801-001
GEN-PLANT-003-2026-05-25,PLANT-003,2026-05-25,3897.52,4312,0.9326,FINAL,2026-05-26T06:00:00Z,2026-08-01T10:00:00Z,batch-20260801-001
GEN-PLANT-004-2026-05-25,PLANT-004,2026-05-25,9055.49,10850,0.9182,FINAL,2026-05-26T06:00:00Z,2026-08-01T10:00:00Z,batch-20260801-001
GEN-PLANT-005-2026-05-25,PLANT-005,2026-05-25,17563.98,19840,0.9874,FINAL,2026-05-26T06:00:00Z,2026-08-01T10:00:00Z,batch-20260801-001
GEN-PLANT-006-2026-05-25,PLANT-006,2026-05-25,5202.27,5544,0.9312,FINAL,2026-05-26T06:00:00Z,2026-08-01T10:00:00Z,batch-20260801-001
GEN-PLANT-007-2026-05-25,PLANT-007,2026-05-25,7429.06,8272,0.9784,FINAL,2026-05-26T06:00:00Z,2026-08-01T10:00:00Z,batch-20260801-001
GEN-PLANT-008-2026-05-25,PLANT-008,2026-05-25,2207.57,2200,0.9475,FINAL,2026-05-26T06:00:00Z,2026-08-01T10:00:00Z,batch-20260801-001
GEN-PLANT-001-2026-05-26,PLANT-001,2026-05-26,5562.84,6380,0.9647,FINAL,2026-05-27T06:00:00Z,2026-08-01T10:00:00Z,batch-20260801-001
GEN-PLANT-002-2026-05-26,PLANT-002,2026-05-26,8737.26,9240,0.9204,FINAL,2026-05-27T06:00:00Z,2026-08-01T10:00:00Z,batch-20260801-001
GEN-PLANT-003-2026-05-26,PLANT-003,2026-05-26,3736.08,4312,0.9392,FINAL,2026-05-27T06:00:00Z,2026-08-01T10:00:00Z,batch-20260801-001
GEN-PLANT-004-2026-05-26,PLANT-004,2026-05-26,9847.76,10850,0.9203,FINAL,2026-05-27T06:00:00Z,2026-08-01T10:00:00Z,batch-20260801-001
GEN-PLANT-005-2026-05-26,PLANT-005,2026-05-26,18019.99,19840,0.9517,FINAL,2026-05-27T06:00:00Z,2026-08-01T10:00:00Z,batch-20260801-001
GEN-PLANT-006-2026-05-26,PLANT-006,2026-05-26,5157.73,5544,0.9762,FINAL,2026-05-27T06:00:00Z,2026-08-01T10:00:00Z,batch-20260801-001
GEN-PLANT-007-2026-05-26,PLANT-007,2026-05-26,8641.15,8272,0.9855,FINAL,2026-05-27T06:00:00Z,2026-08-01T10:00:00Z,batch-20260801-001
GEN-PLANT-008-2026-05-26,PLANT-008,2026-05-26,2168.22,2200,0.9804,FINAL,2026-05-27T06:00:00Z,2026-08-01T10:00:00Z,batch-20260801-001
GEN-PLANT-001-2026-05-27,PLANT-001,2026-05-27,6510.03,6380,0.9684,FINAL,2026-05-28T06:00:00Z,2026-08-01T10:00:00Z,batch-20260801-001
GEN-PLANT-002-2026-05-27,PLANT-002,2026-05-27,8288.64,9240,0.9619,FINAL,2026-05-28T06:00:00Z,2026-08-01T10:00:00Z,batch-20260801-001
GEN-PLANT-003-2026-05-27,PLANT-003,2026-05-27,4130.9,4312,0.9679,FINAL,2026-05-28T06:00:00Z,2026-08-01T10:00:00Z,batch-20260801-001
GEN-PLANT-004-2026-05-27,PLANT-004,2026-05-27,10480.89,10850,0.9602,FINAL,2026-05-28T06:00:00Z,2026-08-01T10:00:00Z,batch-20260801-001
GEN-PLANT-005-2026-05-27,PLANT-005,2026-05-27,19090.4,19840,0.922,FINAL,2026-05-28T06:00:00Z,2026-08-01T10:00:00Z,batch-20260801-001
GEN-PLANT-006-2026-05-27,PLANT-006,2026-05-27,5377.52,5544,0.9526,FINAL,2026-05-28T06:00:00Z,2026-08-01T10:00:00Z,batch-20260801-001
GEN-PLANT-007-2026-05-27,PLANT-007,2026-05-27,7458.75,8272,0.9635,FINAL,2026-05-28T06:00:00Z,2026-08-01T10:00:00Z,batch-20260801-001
GEN-PLANT-008-2026-05-27,PLANT-008,2026-05-27,2208.6,2200,0.9638,FINAL,2026-05-28T06:00:00Z,2026-08-01T10:00:00Z,batch-20260801-001
GEN-PLANT-001-2026-05-28,PLANT-001,2026-05-28,6172.68,6380,0.9632,FINAL,2026-05-29T06:00:00Z,2026-08-01T10:00:00Z,batch-20260801-001
GEN-PLANT-002-2026-05-28,PLANT-002,2026-05-28,8263.47,9240,0.9486,FINAL,2026-05-29T06:00:00Z,2026-08-01T10:00:00Z,batch-20260801-001
GEN-PLANT-003-2026-05-28,PLANT-003,2026-05-28,4128.45,4312,0.9293,FINAL,2026-05-29T06:00:00Z,2026-08-01T10:00:00Z,batch-20260801-001
GEN-PLANT-004-2026-05-28,PLANT-004,2026-05-28,10583.26,10850,0.9551,FINAL,2026-05-29T06:00:00Z,2026-08-01T10:00:00Z,batch-20260801-001
GEN-PLANT-005-2026-05-28,PLANT-005,2026-05-28,17322.24,19840,0.9695,FINAL,2026-05-29T06:00:00Z,2026-08-01T10:00:00Z,batch-20260801-001
GEN-PLANT-006-2026-05-28,PLANT-006,2026-05-28,4923.69,5544,0.9813,FINAL,2026-05-29T06:00:00Z,2026-08-01T10:00:00Z,batch-20260801-001
GEN-PLANT-007-2026-05-28,PLANT-007,2026-05-28,7441.79,8272,0.9862,FINAL,2026-05-29T06:00:00Z,2026-08-01T10:00:00Z,batch-20260801-001
GEN-PLANT-008-2026-05-28,PLANT-008,2026-05-28,1859.75,2200,0.953,FINAL,2026-05-29T06:00:00Z,2026-08-01T10:00:00Z,batch-20260801-001
GEN-PLANT-001-2026-05-29,PLANT-001,2026-05-29,6333.18,6380,0.9929,FINAL,2026-05-30T06:00:00Z,2026-08-01T10:00:00Z,batch-20260801-001
GEN-PLANT-002-2026-05-29,PLANT-002,2026-05-29,8414.5,9240,0.9536,FINAL,2026-05-30T06:00:00Z,2026-08-01T10:00:00Z,batch-20260801-001
GEN-PLANT-003-2026-05-29,PLANT-003,2026-05-29,3754.34,4312,0.9579,FINAL,2026-05-30T06:00:00Z,2026-08-01T10:00:00Z,batch-20260801-001
GEN-PLANT-004-2026-05-29,PLANT-004,2026-05-29,9253.05,10850,0.9231,FINAL,2026-05-30T06:00:00Z,2026-08-01T10:00:00Z,batch-20260801-001
GEN-PLANT-005-2026-05-29,PLANT-005,2026-05-29,16611.04,19840,0.931,FINAL,2026-05-30T06:00:00Z,2026-08-01T10:00:00Z,batch-20260801-001
GEN-PLANT-006-2026-05-29,PLANT-006,2026-05-29,4729.43,5544,0.929,FINAL,2026-05-30T06:00:00Z,2026-08-01T10:00:00Z,batch-20260801-001
GEN-PLANT-007-2026-05-29,PLANT-007,2026-05-29,7731.54,8272,0.9323,FINAL,2026-05-30T06:00:00Z,2026-08-01T10:00:00Z,batch-20260801-001
GEN-PLANT-008-2026-05-29,PLANT-008,2026-05-29,1922.75,2200,0.9503,FINAL,2026-05-30T06:00:00Z,2026-08-01T10:00:00Z,batch-20260801-001
GEN-PLANT-001-2026-05-30,PLANT-001,2026-05-30,6241.07,6380,0.9514,FINAL,2026-05-31T06:00:00Z,2026-08-01T10:00:00Z,batch-20260801-001
GEN-PLANT-002-2026-05-30,PLANT-002,2026-05-30,8048.52,9240,0.9175,FINAL,2026-05-31T06:00:00Z,2026-08-01T10:00:00Z,batch-20260801-001
GEN-PLANT-003-2026-05-30,PLANT-003,2026-05-30,4013.23,4312,0.9369,FINAL,2026-05-31T06:00:00Z,2026-08-01T10:00:00Z,batch-20260801-001
GEN-PLANT-004-2026-05-30,PLANT-004,2026-05-30,9863.12,10850,0.9831,FINAL,2026-05-31T06:00:00Z,2026-08-01T10:00:00Z,batch-20260801-001
GEN-PLANT-005-2026-05-30,PLANT-005,2026-05-30,17288.7,19840,0.9827,FINAL,2026-05-31T06:00:00Z,2026-08-01T10:00:00Z,batch-20260801-001
GEN-PLANT-006-2026-05-30,PLANT-006,2026-05-30,5402.11,5544,0.9681,FINAL,2026-05-31T06:00:00Z,2026-08-01T10:00:00Z,batch-20260801-001
GEN-PLANT-007-2026-05-30,PLANT-007,2026-05-30,6975.47,8272,0.9109,FINAL,2026-05-31T06:00:00Z,2026-08-01T10:00:00Z,batch-20260801-001
GEN-PLANT-008-2026-05-30,PLANT-008,2026-05-30,1936.17,2200,0.949,FINAL,2026-05-31T06:00:00Z,2026-08-01T10:00:00Z,batch-20260801-001
GEN-PLANT-001-2026-05-31,PLANT-001,2026-05-31,6023.48,6380,0.9764,FINAL,2026-06-01T06:00:00Z,2026-08-01T10:00:00Z,batch-20260801-001
GEN-PLANT-002-2026-05-31,PLANT-002,2026-05-31,8641.33,9240,0.9122,FINAL,2026-06-01T06:00:00Z,2026-08-01T10:00:00Z,batch-20260801-001
GEN-PLANT-003-2026-05-31,PLANT-003,2026-05-31,4263.38,4312,0.9827,FINAL,2026-06-01T06:00:00Z,2026-08-01T10:00:00Z,batch-20260801-001
GEN-PLANT-004-2026-05-31,PLANT-004,2026-05-31,8769.93,10850,0.9102,FINAL,2026-06-01T06:00:00Z,2026-08-01T10:00:00Z,batch-20260801-001
GEN-PLANT-005-2026-05-31,PLANT-005,2026-05-31,17532.15,19840,0.9784,FINAL,2026-06-01T06:00:00Z,2026-08-01T10:00:00Z,batch-20260801-001
GEN-PLANT-006-2026-05-31,PLANT-006,2026-05-31,5259.22,5544,0.9738,FINAL,2026-06-01T06:00:00Z,2026-08-01T10:00:00Z,batch-20260801-001
GEN-PLANT-007-2026-05-31,PLANT-007,2026-05-31,7984.41,8272,0.9475,FINAL,2026-06-01T06:00:00Z,2026-08-01T10:00:00Z,batch-20260801-001
GEN-PLANT-008-2026-05-31,PLANT-008,2026-05-31,2199.56,2200,0.9858,FINAL,2026-06-01T06:00:00Z,2026-08-01T10:00:00Z,batch-20260801-001
GEN-PLANT-001-2026-06-01,PLANT-001,2026-06-01,5901.07,6380,0.9647,FINAL,2026-06-02T06:00:00Z,2026-08-01T10:00:00Z,batch-20260801-001
GEN-PLANT-002-2026-06-01,PLANT-002,2026-06-01,8841.66,9240,0.9113,FINAL,2026-06-02T06:00:00Z,2026-08-01T10:00:00Z,batch-20260801-001
GEN-PLANT-003-2026-06-01,PLANT-003,2026-06-01,3673.79,4312,0.9377,FINAL,2026-06-02T06:00:00Z,2026-08-01T10:00:00Z,batch-20260801-001
GEN-PLANT-004-2026-06-01,PLANT-004,2026-06-01,10360.36,10850,0.9415,FINAL,2026-06-02T06:00:00Z,2026-08-01T10:00:00Z,batch-20260801-001
GEN-PLANT-005-2026-06-01,PLANT-005,2026-06-01,19188.29,19840,0.9764,FINAL,2026-06-02T06:00:00Z,2026-08-01T10:00:00Z,batch-20260801-001
GEN-PLANT-006-2026-06-01,PLANT-006,2026-06-01,5183.63,5544,0.9803,FINAL,2026-06-02T06:00:00Z,2026-08-01T10:00:00Z,batch-20260801-001
GEN-PLANT-007-2026-06-01,PLANT-007,2026-06-01,7193.38,8272,0.9687,FINAL,2026-06-02T06:00:00Z,2026-08-01T10:00:00Z,batch-20260801-001
GEN-PLANT-008-2026-06-01,PLANT-008,2026-06-01,1906.82,2200,0.9564,FINAL,2026-06-02T06:00:00Z,2026-08-01T10:00:00Z,batch-20260801-001
GEN-PLANT-001-2026-06-02,PLANT-001,2026-06-02,5912.22,6380,0.9594,FINAL,2026-06-03T06:00:00Z,2026-08-01T10:00:00Z,batch-20260801-001
GEN-PLANT-002-2026-06-02,PLANT-002,2026-06-02,8769.52,9240,0.93,FINAL,2026-06-03T06:00:00Z,2026-08-01T10:00:00Z,batch-20260801-001
GEN-PLANT-003-2026-06-02,PLANT-003,2026-06-02,4167.02,4312,0.9902,FINAL,2026-06-03T06:00:00Z,2026-08-01T10:00:00Z,batch-20260801-001
GEN-PLANT-004-2026-06-02,PLANT-004,2026-06-02,9799.54,10850,0.9527,FINAL,2026-06-03T06:00:00Z,2026-08-01T10:00:00Z,batch-20260801-001
GEN-PLANT-005-2026-06-02,PLANT-005,2026-06-02,17705.92,19840,0.9468,FINAL,2026-06-03T06:00:00Z,2026-08-01T10:00:00Z,batch-20260801-001
GEN-PLANT-006-2026-06-02,PLANT-006,2026-06-02,5040.32,5544,0.9635,FINAL,2026-06-03T06:00:00Z,2026-08-01T10:00:00Z,batch-20260801-001
GEN-PLANT-007-2026-06-02,PLANT-007,2026-06-02,7524.1,8272,0.942,FINAL,2026-06-03T06:00:00Z,2026-08-01T10:00:00Z,batch-20260801-001
GEN-PLANT-008-2026-06-02,PLANT-008,2026-06-02,1976.31,2200,0.9473,FINAL,2026-06-03T06:00:00Z,2026-08-01T10:00:00Z,batch-20260801-001
GEN-PLANT-001-2026-06-03,PLANT-001,2026-06-03,5749.87,6380,0.9753,FINAL,2026-06-04T06:00:00Z,2026-08-01T10:00:00Z,batch-20260801-001
GEN-PLANT-002-2026-06-03,PLANT-002,2026-06-03,8330.23,9240,0.9785,FINAL,2026-06-04T06:00:00Z,2026-08-01T10:00:00Z,batch-20260801-001
GEN-PLANT-003-2026-06-03,PLANT-003,2026-06-03,4301.95,4312,0.9563,FINAL,2026-06-04T06:00:00Z,2026-08-01T10:00:00Z,batch-20260801-001
GEN-PLANT-004-2026-06-03,PLANT-004,2026-06-03,10864.04,10850,0.9601,FINAL,2026-06-04T06:00:00Z,2026-08-01T10:00:00Z,batch-20260801-001
GEN-PLANT-005-2026-06-03,PLANT-005,2026-06-03,19140.89,19840,0.9518,FINAL,2026-06-04T06:00:00Z,2026-08-01T10:00:00Z,batch-20260801-001
GEN-PLANT-006-2026-06-03,PLANT-006,2026-06-03,4918.33,5544,0.9605,FINAL,2026-06-04T06:00:00Z,2026-08-01T10:00:00Z,batch-20260801-001
GEN-PLANT-007-2026-06-03,PLANT-007,2026-06-03,7395.57,8272,0.9893,FINAL,2026-06-04T06:00:00Z,2026-08-01T10:00:00Z,batch-20260801-001
GEN-PLANT-008-2026-06-03,PLANT-008,2026-06-03,1872.19,2200,0.9637,FINAL,2026-06-04T06:00:00Z,2026-08-01T10:00:00Z,batch-20260801-001
GEN-PLANT-001-2026-06-04,PLANT-001,2026-06-04,5662.28,6380,0.9919,FINAL,2026-06-05T06:00:00Z,2026-08-01T10:00:00Z,batch-20260801-001
GEN-PLANT-002-2026-06-04,PLANT-002,2026-06-04,9284.28,9240,0.9608,FINAL,2026-06-05T06:00:00Z,2026-08-01T10:00:00Z,batch-20260801-001
GEN-PLANT-003-2026-06-04,PLANT-003,2026-06-04,3668.75,4312,0.9663,FINAL,2026-06-05T06:00:00Z,2026-08-01T10:00:00Z,batch-20260801-001
GEN-PLANT-004-2026-06-04,PLANT-004,2026-06-04,9069.53,10850,0.9325,FINAL,2026-06-05T06:00:00Z,2026-08-01T10:00:00Z,batch-20260801-001
GEN-PLANT-005-2026-06-04,PLANT-005,2026-06-04,17603.21,19840,0.9495,FINAL,2026-06-05T06:00:00Z,2026-08-01T10:00:00Z,batch-20260801-001
GEN-PLANT-006-2026-06-04,PLANT-006,2026-06-04,4844.67,5544,0.9188,FINAL,2026-06-05T06:00:00Z,2026-08-01T10:00:00Z,batch-20260801-001
GEN-PLANT-007-2026-06-04,PLANT-007,2026-06-04,8340.13,8272,0.9666,FINAL,2026-06-05T06:00:00Z,2026-08-01T10:00:00Z,batch-20260801-001
GEN-PLANT-008-2026-06-04,PLANT-008,2026-06-04,1843.03,2200,0.9121,FINAL,2026-06-05T06:00:00Z,2026-08-01T10:00:00Z,batch-20260801-001
GEN-PLANT-001-2026-06-05,PLANT-001,2026-06-05,5713,6380,0.9834,FINAL,2026-06-06T06:00:00Z,2026-08-01T10:00:00Z,batch-20260801-001
GEN-PLANT-002-2026-06-05,PLANT-002,2026-06-05,9484.93,9240,0.9688,FINAL,2026-06-06T06:00:00Z,2026-08-01T10:00:00Z,batch-20260801-001
GEN-PLANT-003-2026-06-05,PLANT-003,2026-06-05,4194.85,4312,0.9237,FINAL,2026-06-06T06:00:00Z,2026-08-01T10:00:00Z,batch-20260801-001
GEN-PLANT-004-2026-06-05,PLANT-004,2026-06-05,9098.7,10850,0.9385,FINAL,2026-06-06T06:00:00Z,2026-08-01T10:00:00Z,batch-20260801-001
GEN-PLANT-005-2026-06-05,PLANT-005,2026-06-05,19383.66,19840,0.9794,FINAL,2026-06-06T06:00:00Z,2026-08-01T10:00:00Z,batch-20260801-001
GEN-PLANT-006-2026-06-05,PLANT-006,2026-06-05,5307.13,5544,0.9181,FINAL,2026-06-06T06:00:00Z,2026-08-01T10:00:00Z,batch-20260801-001
GEN-PLANT-007-2026-06-05,PLANT-007,2026-06-05,6791.46,8272,0.9249,FINAL,2026-06-06T06:00:00Z,2026-08-01T10:00:00Z,batch-20260801-001
GEN-PLANT-008-2026-06-05,PLANT-008,2026-06-05,1919.37,2200,0.935,FINAL,2026-06-06T06:00:00Z,2026-08-01T10:00:00Z,batch-20260801-001
GEN-PLANT-001-2026-06-06,PLANT-001,2026-06-06,5877.54,6380,0.9618,FINAL,2026-06-07T06:00:00Z,2026-08-01T10:00:00Z,batch-20260801-001
GEN-PLANT-002-2026-06-06,PLANT-002,2026-06-06,8947.78,9240,0.9597,FINAL,2026-06-07T06:00:00Z,2026-08-01T10:00:00Z,batch-20260801-001
GEN-PLANT-003-2026-06-06,PLANT-003,2026-06-06,3714.04,4312,0.9577,FINAL,2026-06-07T06:00:00Z,2026-08-01T10:00:00Z,batch-20260801-001
GEN-PLANT-004-2026-06-06,PLANT-004,2026-06-06,10318.4,10850,0.958,FINAL,2026-06-07T06:00:00Z,2026-08-01T10:00:00Z,batch-20260801-001
GEN-PLANT-005-2026-06-06,PLANT-005,2026-06-06,18000.98,19840,0.9271,FINAL,2026-06-07T06:00:00Z,2026-08-01T10:00:00Z,batch-20260801-001
GEN-PLANT-006-2026-06-06,PLANT-006,2026-06-06,5034.67,5544,0.9675,FINAL,2026-06-07T06:00:00Z,2026-08-01T10:00:00Z,batch-20260801-001
GEN-PLANT-007-2026-06-06,PLANT-007,2026-06-06,7870.14,8272,0.9463,FINAL,2026-06-07T06:00:00Z,2026-08-01T10:00:00Z,batch-20260801-001
GEN-PLANT-008-2026-06-06,PLANT-008,2026-06-06,2045.45,2200,0.9725,FINAL,2026-06-07T06:00:00Z,2026-08-01T10:00:00Z,batch-20260801-001
GEN-PLANT-001-2026-06-07,PLANT-001,2026-06-07,6286.18,6380,0.956,FINAL,2026-06-08T06:00:00Z,2026-08-01T10:00:00Z,batch-20260801-001
GEN-PLANT-002-2026-06-07,PLANT-002,2026-06-07,8997.86,9240,0.969,FINAL,2026-06-08T06:00:00Z,2026-08-01T10:00:00Z,batch-20260801-001
GEN-PLANT-003-2026-06-07,PLANT-003,2026-06-07,3791.59,4312,0.9757,FINAL,2026-06-08T06:00:00Z,2026-08-01T10:00:00Z,batch-20260801-001
GEN-PLANT-004-2026-06-07,PLANT-004,2026-06-07,10362.09,10850,0.931,FINAL,2026-06-08T06:00:00Z,2026-08-01T10:00:00Z,batch-20260801-001
GEN-PLANT-005-2026-06-07,PLANT-005,2026-06-07,16437.45,19840,0.9401,FINAL,2026-06-08T06:00:00Z,2026-08-01T10:00:00Z,batch-20260801-001
GEN-PLANT-006-2026-06-07,PLANT-006,2026-06-07,4744.95,5544,0.915,FINAL,2026-06-08T06:00:00Z,2026-08-01T10:00:00Z,batch-20260801-001
GEN-PLANT-007-2026-06-07,PLANT-007,2026-06-07,7120.34,8272,0.913,FINAL,2026-06-08T06:00:00Z,2026-08-01T10:00:00Z,batch-20260801-001
GEN-PLANT-008-2026-06-07,PLANT-008,2026-06-07,2098.2,2200,0.9645,FINAL,2026-06-08T06:00:00Z,2026-08-01T10:00:00Z,batch-20260801-001
GEN-PLANT-001-2026-06-08,PLANT-001,2026-06-08,6246.07,6380,0.9583,FINAL,2026-06-09T06:00:00Z,2026-08-01T10:00:00Z,batch-20260801-001
GEN-PLANT-002-2026-06-08,PLANT-002,2026-06-08,8490.37,9240,0.9276,FINAL,2026-06-09T06:00:00Z,2026-08-01T10:00:00Z,batch-20260801-001
GEN-PLANT-003-2026-06-08,PLANT-003,2026-06-08,3944.53,4312,0.9725,FINAL,2026-06-09T06:00:00Z,2026-08-01T10:00:00Z,batch-20260801-001
GEN-PLANT-004-2026-06-08,PLANT-004,2026-06-08,10654.69,10850,0.9583,FINAL,2026-06-09T06:00:00Z,2026-08-01T10:00:00Z,batch-20260801-001
GEN-PLANT-005-2026-06-08,PLANT-005,2026-06-08,17048.25,19840,0.9158,FINAL,2026-06-09T06:00:00Z,2026-08-01T10:00:00Z,batch-20260801-001
GEN-PLANT-006-2026-06-08,PLANT-006,2026-06-08,4736.93,5544,0.9508,FINAL,2026-06-09T06:00:00Z,2026-08-01T10:00:00Z,batch-20260801-001
GEN-PLANT-007-2026-06-08,PLANT-007,2026-06-08,7560.96,8272,0.9346,FINAL,2026-06-09T06:00:00Z,2026-08-01T10:00:00Z,batch-20260801-001
GEN-PLANT-008-2026-06-08,PLANT-008,2026-06-08,2108.97,2200,0.9928,FINAL,2026-06-09T06:00:00Z,2026-08-01T10:00:00Z,batch-20260801-001
GEN-PLANT-001-2026-06-09,PLANT-001,2026-06-09,5554.24,6380,0.9475,FINAL,2026-06-10T06:00:00Z,2026-08-01T10:00:00Z,batch-20260801-001
GEN-PLANT-002-2026-06-09,PLANT-002,2026-06-09,9486.37,9240,0.9835,FINAL,2026-06-10T06:00:00Z,2026-08-01T10:00:00Z,batch-20260801-001
GEN-PLANT-003-2026-06-09,PLANT-003,2026-06-09,4402.85,4312,0.9646,FINAL,2026-06-10T06:00:00Z,2026-08-01T10:00:00Z,batch-20260801-001
GEN-PLANT-004-2026-06-09,PLANT-004,2026-06-09,10462.19,10850,0.9813,FINAL,2026-06-10T06:00:00Z,2026-08-01T10:00:00Z,batch-20260801-001
GEN-PLANT-005-2026-06-09,PLANT-005,2026-06-09,20701.11,19840,0.9889,FINAL,2026-06-10T06:00:00Z,2026-08-01T10:00:00Z,batch-20260801-001
GEN-PLANT-006-2026-06-09,PLANT-006,2026-06-09,4782.79,5544,0.9704,FINAL,2026-06-10T06:00:00Z,2026-08-01T10:00:00Z,batch-20260801-001
GEN-PLANT-007-2026-06-09,PLANT-007,2026-06-09,7828.27,8272,0.9557,FINAL,2026-06-10T06:00:00Z,2026-08-01T10:00:00Z,batch-20260801-001
GEN-PLANT-008-2026-06-09,PLANT-008,2026-06-09,2028.18,2200,0.9833,FINAL,2026-06-10T06:00:00Z,2026-08-01T10:00:00Z,batch-20260801-001
GEN-PLANT-001-2026-06-10,PLANT-001,2026-06-10,6007.69,6380,0.9136,FINAL,2026-06-11T06:00:00Z,2026-08-01T10:00:00Z,batch-20260801-001
GEN-PLANT-002-2026-06-10,PLANT-002,2026-06-10,8745.43,9240,0.9519,FINAL,2026-06-11T06:00:00Z,2026-08-01T10:00:00Z,batch-20260801-001
GEN-PLANT-003-2026-06-10,PLANT-003,2026-06-10,4201.71,4312,0.9589,FINAL,2026-06-11T06:00:00Z,2026-08-01T10:00:00Z,batch-20260801-001
GEN-PLANT-004-2026-06-10,PLANT-004,2026-06-10,9704.26,10850,0.9893,FINAL,2026-06-11T06:00:00Z,2026-08-01T10:00:00Z,batch-20260801-001
GEN-PLANT-005-2026-06-10,PLANT-005,2026-06-10,17571.13,19840,0.9481,FINAL,2026-06-11T06:00:00Z,2026-08-01T10:00:00Z,batch-20260801-001
GEN-PLANT-006-2026-06-10,PLANT-006,2026-06-10,4848.69,5544,0.9197,FINAL,2026-06-11T06:00:00Z,2026-08-01T10:00:00Z,batch-20260801-001
GEN-PLANT-007-2026-06-10,PLANT-007,2026-06-10,7998.06,8272,0.9845,FINAL,2026-06-11T06:00:00Z,2026-08-01T10:00:00Z,batch-20260801-001
GEN-PLANT-008-2026-06-10,PLANT-008,2026-06-10,1970.27,2200,0.9742,FINAL,2026-06-11T06:00:00Z,2026-08-01T10:00:00Z,batch-20260801-001
GEN-PLANT-001-2026-06-11,PLANT-001,2026-06-11,5805.13,6380,0.9881,FINAL,2026-06-12T06:00:00Z,2026-08-01T10:00:00Z,batch-20260801-001
GEN-PLANT-002-2026-06-11,PLANT-002,2026-06-11,8419.75,9240,0.9412,FINAL,2026-06-12T06:00:00Z,2026-08-01T10:00:00Z,batch-20260801-001
GEN-PLANT-003-2026-06-11,PLANT-003,2026-06-11,3631.66,4312,0.9338,FINAL,2026-06-12T06:00:00Z,2026-08-01T10:00:00Z,batch-20260801-001
GEN-PLANT-004-2026-06-11,PLANT-004,2026-06-11,9149.81,10850,0.9385,FINAL,2026-06-12T06:00:00Z,2026-08-01T10:00:00Z,batch-20260801-001
GEN-PLANT-005-2026-06-11,PLANT-005,2026-06-11,19130.59,19840,0.9432,FINAL,2026-06-12T06:00:00Z,2026-08-01T10:00:00Z,batch-20260801-001
GEN-PLANT-006-2026-06-11,PLANT-006,2026-06-11,4840.18,5544,0.9315,FINAL,2026-06-12T06:00:00Z,2026-08-01T10:00:00Z,batch-20260801-001
GEN-PLANT-007-2026-06-11,PLANT-007,2026-06-11,8178.38,8272,0.9401,FINAL,2026-06-12T06:00:00Z,2026-08-01T10:00:00Z,batch-20260801-001
GEN-PLANT-008-2026-06-11,PLANT-008,2026-06-11,1849.47,2200,0.9343,FINAL,2026-06-12T06:00:00Z,2026-08-01T10:00:00Z,batch-20260801-001
GEN-PLANT-001-2026-06-12,PLANT-001,2026-06-12,6240.67,6380,0.9735,FINAL,2026-06-13T06:00:00Z,2026-08-01T10:00:00Z,batch-20260801-001
GEN-PLANT-002-2026-06-12,PLANT-002,2026-06-12,8162.49,9240,0.9261,FINAL,2026-06-13T06:00:00Z,2026-08-01T10:00:00Z,batch-20260801-001
GEN-PLANT-003-2026-06-12,PLANT-003,2026-06-12,3813.3,4312,0.9141,FINAL,2026-06-13T06:00:00Z,2026-08-01T10:00:00Z,batch-20260801-001
GEN-PLANT-004-2026-06-12,PLANT-004,2026-06-12,10643.46,10850,0.9339,FINAL,2026-06-13T06:00:00Z,2026-08-01T10:00:00Z,batch-20260801-001
GEN-PLANT-005-2026-06-12,PLANT-005,2026-06-12,19257.85,19840,0.9737,FINAL,2026-06-13T06:00:00Z,2026-08-01T10:00:00Z,batch-20260801-001
GEN-PLANT-006-2026-06-12,PLANT-006,2026-06-12,5380.07,5544,0.9581,FINAL,2026-06-13T06:00:00Z,2026-08-01T10:00:00Z,batch-20260801-001
GEN-PLANT-007-2026-06-12,PLANT-007,2026-06-12,7954.56,8272,0.92,FINAL,2026-06-13T06:00:00Z,2026-08-01T10:00:00Z,batch-20260801-001
GEN-PLANT-008-2026-06-12,PLANT-008,2026-06-12,2147.9,2200,0.9398,FINAL,2026-06-13T06:00:00Z,2026-08-01T10:00:00Z,batch-20260801-001
GEN-PLANT-001-2026-06-13,PLANT-001,2026-06-13,5750.74,6380,0.9808,FINAL,2026-06-14T06:00:00Z,2026-08-01T10:00:00Z,batch-20260801-001
GEN-PLANT-002-2026-06-13,PLANT-002,2026-06-13,9574.48,9240,0.9792,FINAL,2026-06-14T06:00:00Z,2026-08-01T10:00:00Z,batch-20260801-001
GEN-PLANT-003-2026-06-13,PLANT-003,2026-06-13,3937.92,4312,0.9641,FINAL,2026-06-14T06:00:00Z,2026-08-01T10:00:00Z,batch-20260801-001
GEN-PLANT-004-2026-06-13,PLANT-004,2026-06-13,10102.59,10850,0.9875,FINAL,2026-06-14T06:00:00Z,2026-08-01T10:00:00Z,batch-20260801-001
GEN-PLANT-005-2026-06-13,PLANT-005,2026-06-13,17315.4,19840,0.9683,FINAL,2026-06-14T06:00:00Z,2026-08-01T10:00:00Z,batch-20260801-001
GEN-PLANT-006-2026-06-13,PLANT-006,2026-06-13,5091.85,5544,0.966,FINAL,2026-06-14T06:00:00Z,2026-08-01T10:00:00Z,batch-20260801-001
GEN-PLANT-007-2026-06-13,PLANT-007,2026-06-13,7749.47,8272,0.9475,FINAL,2026-06-14T06:00:00Z,2026-08-01T10:00:00Z,batch-20260801-001
GEN-PLANT-008-2026-06-13,PLANT-008,2026-06-13,2173.48,2200,0.9854,FINAL,2026-06-14T06:00:00Z,2026-08-01T10:00:00Z,batch-20260801-001
GEN-PLANT-001-2026-06-14,PLANT-001,2026-06-14,6481.46,6380,0.9683,FINAL,2026-06-15T06:00:00Z,2026-08-01T10:00:00Z,batch-20260801-001
GEN-PLANT-002-2026-06-14,PLANT-002,2026-06-14,9149.94,9240,0.9343,FINAL,2026-06-15T06:00:00Z,2026-08-01T10:00:00Z,batch-20260801-001
GEN-PLANT-003-2026-06-14,PLANT-003,2026-06-14,4458.11,4312,0.9878,FINAL,2026-06-15T06:00:00Z,2026-08-01T10:00:00Z,batch-20260801-001
GEN-PLANT-004-2026-06-14,PLANT-004,2026-06-14,9926.33,10850,0.9703,FINAL,2026-06-15T06:00:00Z,2026-08-01T10:00:00Z,batch-20260801-001
GEN-PLANT-005-2026-06-14,PLANT-005,2026-06-14,18592.53,19840,0.9675,FINAL,2026-06-15T06:00:00Z,2026-08-01T10:00:00Z,batch-20260801-001
GEN-PLANT-006-2026-06-14,PLANT-006,2026-06-14,5387.61,5544,0.9854,FINAL,2026-06-15T06:00:00Z,2026-08-01T10:00:00Z,batch-20260801-001
GEN-PLANT-007-2026-06-14,PLANT-007,2026-06-14,8399.57,8272,0.9848,FINAL,2026-06-15T06:00:00Z,2026-08-01T10:00:00Z,batch-20260801-001
GEN-PLANT-008-2026-06-14,PLANT-008,2026-06-14,2082.72,2200,0.9574,FINAL,2026-06-15T06:00:00Z,2026-08-01T10:00:00Z,batch-20260801-001
GEN-PLANT-001-2026-06-15,PLANT-001,2026-06-15,5767,6380,0.9348,FINAL,2026-06-16T06:00:00Z,2026-08-01T10:00:00Z,batch-20260801-001
GEN-PLANT-002-2026-06-15,PLANT-002,2026-06-15,7922.35,9240,0.9402,FINAL,2026-06-16T06:00:00Z,2026-08-01T10:00:00Z,batch-20260801-001
GEN-PLANT-003-2026-06-15,PLANT-003,2026-06-15,4161.92,4312,0.9225,FINAL,2026-06-16T06:00:00Z,2026-08-01T10:00:00Z,batch-20260801-001
GEN-PLANT-004-2026-06-15,PLANT-004,2026-06-15,10297.16,10850,0.942,FINAL,2026-06-16T06:00:00Z,2026-08-01T10:00:00Z,batch-20260801-001
GEN-PLANT-005-2026-06-15,PLANT-005,2026-06-15,17947.11,19840,0.9695,FINAL,2026-06-16T06:00:00Z,2026-08-01T10:00:00Z,batch-20260801-001
GEN-PLANT-006-2026-06-15,PLANT-006,2026-06-15,5227.48,5544,0.9859,FINAL,2026-06-16T06:00:00Z,2026-08-01T10:00:00Z,batch-20260801-001
GEN-PLANT-007-2026-06-15,PLANT-007,2026-06-15,7749.06,8272,0.939,FINAL,2026-06-16T06:00:00Z,2026-08-01T10:00:00Z,batch-20260801-001
GEN-PLANT-008-2026-06-15,PLANT-008,2026-06-15,1990.14,2200,0.9277,FINAL,2026-06-16T06:00:00Z,2026-08-01T10:00:00Z,batch-20260801-001
GEN-PLANT-001-2026-06-16,PLANT-001,2026-06-16,5630.6,6380,0.9534,FINAL,2026-06-17T06:00:00Z,2026-08-01T10:00:00Z,batch-20260801-001
GEN-PLANT-002-2026-06-16,PLANT-002,2026-06-16,8139.83,9240,0.9539,FINAL,2026-06-17T06:00:00Z,2026-08-01T10:00:00Z,batch-20260801-001
GEN-PLANT-003-2026-06-16,PLANT-003,2026-06-16,4169.07,4312,0.9302,FINAL,2026-06-17T06:00:00Z,2026-08-01T10:00:00Z,batch-20260801-001
GEN-PLANT-004-2026-06-16,PLANT-004,2026-06-16,9946.94,10850,0.986,FINAL,2026-06-17T06:00:00Z,2026-08-01T10:00:00Z,batch-20260801-001
GEN-PLANT-005-2026-06-16,PLANT-005,2026-06-16,19308.66,19840,0.9917,FINAL,2026-06-17T06:00:00Z,2026-08-01T10:00:00Z,batch-20260801-001
GEN-PLANT-006-2026-06-16,PLANT-006,2026-06-16,5465.1,5544,0.9616,FINAL,2026-06-17T06:00:00Z,2026-08-01T10:00:00Z,batch-20260801-001
GEN-PLANT-007-2026-06-16,PLANT-007,2026-06-16,8044.63,8272,0.9199,FINAL,2026-06-17T06:00:00Z,2026-08-01T10:00:00Z,batch-20260801-001
GEN-PLANT-008-2026-06-16,PLANT-008,2026-06-16,1892.78,2200,0.9374,FINAL,2026-06-17T06:00:00Z,2026-08-01T10:00:00Z,batch-20260801-001
GEN-PLANT-001-2026-06-17,PLANT-001,2026-06-17,5951.2,6380,0.9408,FINAL,2026-06-18T06:00:00Z,2026-08-01T10:00:00Z,batch-20260801-001
GEN-PLANT-002-2026-06-17,PLANT-002,2026-06-17,8478.78,9240,0.92,FINAL,2026-06-18T06:00:00Z,2026-08-01T10:00:00Z,batch-20260801-001
GEN-PLANT-003-2026-06-17,PLANT-003,2026-06-17,3762.1,4312,0.9912,FINAL,2026-06-18T06:00:00Z,2026-08-01T10:00:00Z,batch-20260801-001
GEN-PLANT-004-2026-06-17,PLANT-004,2026-06-17,10985.86,10850,0.9888,FINAL,2026-06-18T06:00:00Z,2026-08-01T10:00:00Z,batch-20260801-001
GEN-PLANT-005-2026-06-17,PLANT-005,2026-06-17,20646.59,19840,0.9881,FINAL,2026-06-18T06:00:00Z,2026-08-01T10:00:00Z,batch-20260801-001
GEN-PLANT-006-2026-06-17,PLANT-006,2026-06-17,4830.51,5544,0.9571,FINAL,2026-06-18T06:00:00Z,2026-08-01T10:00:00Z,batch-20260801-001
GEN-PLANT-007-2026-06-17,PLANT-007,2026-06-17,7604.38,8272,0.9431,FINAL,2026-06-18T06:00:00Z,2026-08-01T10:00:00Z,batch-20260801-001
GEN-PLANT-008-2026-06-17,PLANT-008,2026-06-17,2066.92,2200,0.9779,FINAL,2026-06-18T06:00:00Z,2026-08-01T10:00:00Z,batch-20260801-001
GEN-PLANT-001-2026-06-18,PLANT-001,2026-06-18,6238.49,6380,0.9412,FINAL,2026-06-19T06:00:00Z,2026-08-01T10:00:00Z,batch-20260801-001
GEN-PLANT-002-2026-06-18,PLANT-002,2026-06-18,8005.62,9240,0.914,FINAL,2026-06-19T06:00:00Z,2026-08-01T10:00:00Z,batch-20260801-001
GEN-PLANT-003-2026-06-18,PLANT-003,2026-06-18,3801.48,4312,0.9386,FINAL,2026-06-19T06:00:00Z,2026-08-01T10:00:00Z,batch-20260801-001
GEN-PLANT-004-2026-06-18,PLANT-004,2026-06-18,9659.09,10850,0.9701,FINAL,2026-06-19T06:00:00Z,2026-08-01T10:00:00Z,batch-20260801-001
GEN-PLANT-005-2026-06-18,PLANT-005,2026-06-18,20518.83,19840,0.976,FINAL,2026-06-19T06:00:00Z,2026-08-01T10:00:00Z,batch-20260801-001
GEN-PLANT-006-2026-06-18,PLANT-006,2026-06-18,5319.81,5544,0.943,FINAL,2026-06-19T06:00:00Z,2026-08-01T10:00:00Z,batch-20260801-001
GEN-PLANT-007-2026-06-18,PLANT-007,2026-06-18,6766.06,8272,0.9236,FINAL,2026-06-19T06:00:00Z,2026-08-01T10:00:00Z,batch-20260801-001
GEN-PLANT-008-2026-06-18,PLANT-008,2026-06-18,2019.05,2200,0.965,FINAL,2026-06-19T06:00:00Z,2026-08-01T10:00:00Z,batch-20260801-001
GEN-PLANT-001-2026-06-19,PLANT-001,2026-06-19,6278.09,6380,0.9512,FINAL,2026-06-20T06:00:00Z,2026-08-01T10:00:00Z,batch-20260801-001
GEN-PLANT-002-2026-06-19,PLANT-002,2026-06-19,7956.88,9240,0.9713,FINAL,2026-06-20T06:00:00Z,2026-08-01T10:00:00Z,batch-20260801-001
GEN-PLANT-003-2026-06-19,PLANT-003,2026-06-19,3962.49,4312,0.963,FINAL,2026-06-20T06:00:00Z,2026-08-01T10:00:00Z,batch-20260801-001
GEN-PLANT-004-2026-06-19,PLANT-004,2026-06-19,10859.89,10850,0.9751,FINAL,2026-06-20T06:00:00Z,2026-08-01T10:00:00Z,batch-20260801-001
GEN-PLANT-005-2026-06-19,PLANT-005,2026-06-19,18614.13,19840,0.9458,FINAL,2026-06-20T06:00:00Z,2026-08-01T10:00:00Z,batch-20260801-001
GEN-PLANT-006-2026-06-19,PLANT-006,2026-06-19,4944.12,5544,0.9873,FINAL,2026-06-20T06:00:00Z,2026-08-01T10:00:00Z,batch-20260801-001
GEN-PLANT-007-2026-06-19,PLANT-007,2026-06-19,7418.99,8272,0.9349,FINAL,2026-06-20T06:00:00Z,2026-08-01T10:00:00Z,batch-20260801-001
GEN-PLANT-008-2026-06-19,PLANT-008,2026-06-19,1939.37,2200,0.9282,FINAL,2026-06-20T06:00:00Z,2026-08-01T10:00:00Z,batch-20260801-001
GEN-PLANT-001-2026-06-20,PLANT-001,2026-06-20,5296.89,6380,0.924,FINAL,2026-06-21T06:00:00Z,2026-08-01T10:00:00Z,batch-20260801-001
GEN-PLANT-002-2026-06-20,PLANT-002,2026-06-20,8920.12,9240,0.9843,FINAL,2026-06-21T06:00:00Z,2026-08-01T10:00:00Z,batch-20260801-001
GEN-PLANT-003-2026-06-20,PLANT-003,2026-06-20,3857.72,4312,0.9915,FINAL,2026-06-21T06:00:00Z,2026-08-01T10:00:00Z,batch-20260801-001
GEN-PLANT-004-2026-06-20,PLANT-004,2026-06-20,10506.91,10850,0.9803,FINAL,2026-06-21T06:00:00Z,2026-08-01T10:00:00Z,batch-20260801-001
GEN-PLANT-005-2026-06-20,PLANT-005,2026-06-20,19017.22,19840,0.9428,FINAL,2026-06-21T06:00:00Z,2026-08-01T10:00:00Z,batch-20260801-001
GEN-PLANT-006-2026-06-20,PLANT-006,2026-06-20,5165.48,5544,0.9579,FINAL,2026-06-21T06:00:00Z,2026-08-01T10:00:00Z,batch-20260801-001
GEN-PLANT-007-2026-06-20,PLANT-007,2026-06-20,7615.44,8272,0.9251,FINAL,2026-06-21T06:00:00Z,2026-08-01T10:00:00Z,batch-20260801-001
GEN-PLANT-008-2026-06-20,PLANT-008,2026-06-20,2211,2200,0.9739,FINAL,2026-06-21T06:00:00Z,2026-08-01T10:00:00Z,batch-20260801-001
GEN-PLANT-001-2026-06-21,PLANT-001,2026-06-21,5664.11,6380,0.9331,FINAL,2026-06-22T06:00:00Z,2026-08-01T10:00:00Z,batch-20260801-001
GEN-PLANT-002-2026-06-21,PLANT-002,2026-06-21,7993.78,9240,0.9579,FINAL,2026-06-22T06:00:00Z,2026-08-01T10:00:00Z,batch-20260801-001
GEN-PLANT-003-2026-06-21,PLANT-003,2026-06-21,4213.54,4312,0.9683,FINAL,2026-06-22T06:00:00Z,2026-08-01T10:00:00Z,batch-20260801-001
GEN-PLANT-004-2026-06-21,PLANT-004,2026-06-21,11165.51,10850,0.9932,FINAL,2026-06-22T06:00:00Z,2026-08-01T10:00:00Z,batch-20260801-001
GEN-PLANT-005-2026-06-21,PLANT-005,2026-06-21,17052,19840,0.9322,FINAL,2026-06-22T06:00:00Z,2026-08-01T10:00:00Z,batch-20260801-001
GEN-PLANT-006-2026-06-21,PLANT-006,2026-06-21,5414.84,5544,0.9272,FINAL,2026-06-22T06:00:00Z,2026-08-01T10:00:00Z,batch-20260801-001
GEN-PLANT-007-2026-06-21,PLANT-007,2026-06-21,6905.41,8272,0.9134,FINAL,2026-06-22T06:00:00Z,2026-08-01T10:00:00Z,batch-20260801-001
GEN-PLANT-008-2026-06-21,PLANT-008,2026-06-21,2197.74,2200,0.9739,FINAL,2026-06-22T06:00:00Z,2026-08-01T10:00:00Z,batch-20260801-001
GEN-PLANT-001-2026-06-22,PLANT-001,2026-06-22,5902.91,6380,0.9441,FINAL,2026-06-23T06:00:00Z,2026-08-01T10:00:00Z,batch-20260801-001
GEN-PLANT-002-2026-06-22,PLANT-002,2026-06-22,8452.92,9240,0.9885,FINAL,2026-06-23T06:00:00Z,2026-08-01T10:00:00Z,batch-20260801-001
GEN-PLANT-003-2026-06-22,PLANT-003,2026-06-22,3830.48,4312,0.9725,FINAL,2026-06-23T06:00:00Z,2026-08-01T10:00:00Z,batch-20260801-001
GEN-PLANT-004-2026-06-22,PLANT-004,2026-06-22,10402.86,10850,0.957,FINAL,2026-06-23T06:00:00Z,2026-08-01T10:00:00Z,batch-20260801-001
GEN-PLANT-005-2026-06-22,PLANT-005,2026-06-22,18258.58,19840,0.9426,FINAL,2026-06-23T06:00:00Z,2026-08-01T10:00:00Z,batch-20260801-001
GEN-PLANT-006-2026-06-22,PLANT-006,2026-06-22,5119.48,5544,0.9479,FINAL,2026-06-23T06:00:00Z,2026-08-01T10:00:00Z,batch-20260801-001
GEN-PLANT-007-2026-06-22,PLANT-007,2026-06-22,7542.51,8272,0.9359,FINAL,2026-06-23T06:00:00Z,2026-08-01T10:00:00Z,batch-20260801-001
GEN-PLANT-008-2026-06-22,PLANT-008,2026-06-22,2066.06,2200,0.9591,FINAL,2026-06-23T06:00:00Z,2026-08-01T10:00:00Z,batch-20260801-001
GEN-PLANT-001-2026-06-23,PLANT-001,2026-06-23,6086.94,6380,0.9842,FINAL,2026-06-24T06:00:00Z,2026-08-01T10:00:00Z,batch-20260801-001
GEN-PLANT-002-2026-06-23,PLANT-002,2026-06-23,8728.72,9240,0.9721,FINAL,2026-06-24T06:00:00Z,2026-08-01T10:00:00Z,batch-20260801-001
GEN-PLANT-003-2026-06-23,PLANT-003,2026-06-23,3658.55,4312,0.9172,FINAL,2026-06-24T06:00:00Z,2026-08-01T10:00:00Z,batch-20260801-001
GEN-PLANT-004-2026-06-23,PLANT-004,2026-06-23,10912.79,10850,0.9915,FINAL,2026-06-24T06:00:00Z,2026-08-01T10:00:00Z,batch-20260801-001
GEN-PLANT-005-2026-06-23,PLANT-005,2026-06-23,18584.86,19840,0.9673,FINAL,2026-06-24T06:00:00Z,2026-08-01T10:00:00Z,batch-20260801-001
GEN-PLANT-006-2026-06-23,PLANT-006,2026-06-23,4768.31,5544,0.9379,FINAL,2026-06-24T06:00:00Z,2026-08-01T10:00:00Z,batch-20260801-001
GEN-PLANT-007-2026-06-23,PLANT-007,2026-06-23,7787.78,8272,0.9702,FINAL,2026-06-24T06:00:00Z,2026-08-01T10:00:00Z,batch-20260801-001
GEN-PLANT-008-2026-06-23,PLANT-008,2026-06-23,1942.96,2200,0.9519,FINAL,2026-06-24T06:00:00Z,2026-08-01T10:00:00Z,batch-20260801-001
GEN-PLANT-001-2026-06-24,PLANT-001,2026-06-24,6481.18,6380,0.9718,FINAL,2026-06-25T06:00:00Z,2026-08-01T10:00:00Z,batch-20260801-001
GEN-PLANT-002-2026-06-24,PLANT-002,2026-06-24,7896.36,9240,0.9355,FINAL,2026-06-25T06:00:00Z,2026-08-01T10:00:00Z,batch-20260801-001
GEN-PLANT-003-2026-06-24,PLANT-003,2026-06-24,4408.09,4312,0.9783,FINAL,2026-06-25T06:00:00Z,2026-08-01T10:00:00Z,batch-20260801-001
GEN-PLANT-004-2026-06-24,PLANT-004,2026-06-24,10364.14,10850,0.9834,FINAL,2026-06-25T06:00:00Z,2026-08-01T10:00:00Z,batch-20260801-001
GEN-PLANT-005-2026-06-24,PLANT-005,2026-06-24,18512.22,19840,0.9267,FINAL,2026-06-25T06:00:00Z,2026-08-01T10:00:00Z,batch-20260801-001
GEN-PLANT-006-2026-06-24,PLANT-006,2026-06-24,4682.75,5544,0.9188,FINAL,2026-06-25T06:00:00Z,2026-08-01T10:00:00Z,batch-20260801-001
GEN-PLANT-007-2026-06-24,PLANT-007,2026-06-24,7430.92,8272,0.9663,FINAL,2026-06-25T06:00:00Z,2026-08-01T10:00:00Z,batch-20260801-001
GEN-PLANT-008-2026-06-24,PLANT-008,2026-06-24,2017.52,2200,0.9845,FINAL,2026-06-25T06:00:00Z,2026-08-01T10:00:00Z,batch-20260801-001
GEN-PLANT-001-2026-06-25,PLANT-001,2026-06-25,6403.14,6380,0.9667,FINAL,2026-06-26T06:00:00Z,2026-08-01T10:00:00Z,batch-20260801-001
GEN-PLANT-002-2026-06-25,PLANT-002,2026-06-25,8418.9,9240,0.9775,FINAL,2026-06-26T06:00:00Z,2026-08-01T10:00:00Z,batch-20260801-001
GEN-PLANT-003-2026-06-25,PLANT-003,2026-06-25,4200.44,4312,0.9509,FINAL,2026-06-26T06:00:00Z,2026-08-01T10:00:00Z,batch-20260801-001
GEN-PLANT-004-2026-06-25,PLANT-004,2026-06-25,10263.35,10850,0.9788,FINAL,2026-06-26T06:00:00Z,2026-08-01T10:00:00Z,batch-20260801-001
GEN-PLANT-005-2026-06-25,PLANT-005,2026-06-25,20173.49,19840,0.9933,FINAL,2026-06-26T06:00:00Z,2026-08-01T10:00:00Z,batch-20260801-001
GEN-PLANT-006-2026-06-25,PLANT-006,2026-06-25,5353.5,5544,0.9711,FINAL,2026-06-26T06:00:00Z,2026-08-01T10:00:00Z,batch-20260801-001
GEN-PLANT-007-2026-06-25,PLANT-007,2026-06-25,7276.21,8272,0.9593,FINAL,2026-06-26T06:00:00Z,2026-08-01T10:00:00Z,batch-20260801-001
GEN-PLANT-008-2026-06-25,PLANT-008,2026-06-25,2281.1,2200,0.9829,FINAL,2026-06-26T06:00:00Z,2026-08-01T10:00:00Z,batch-20260801-001
GEN-PLANT-001-2026-06-26,PLANT-001,2026-06-26,6487.18,6380,0.9674,FINAL,2026-06-27T06:00:00Z,2026-08-01T10:00:00Z,batch-20260801-001
GEN-PLANT-002-2026-06-26,PLANT-002,2026-06-26,8662.57,9240,0.9867,FINAL,2026-06-27T06:00:00Z,2026-08-01T10:00:00Z,batch-20260801-001
GEN-PLANT-003-2026-06-26,PLANT-003,2026-06-26,4002.34,4312,0.9731,FINAL,2026-06-27T06:00:00Z,2026-08-01T10:00:00Z,batch-20260801-001
GEN-PLANT-004-2026-06-26,PLANT-004,2026-06-26,10022.07,10850,0.9758,FINAL,2026-06-27T06:00:00Z,2026-08-01T10:00:00Z,batch-20260801-001
GEN-PLANT-005-2026-06-26,PLANT-005,2026-06-26,17478.57,19840,0.9294,FINAL,2026-06-27T06:00:00Z,2026-08-01T10:00:00Z,batch-20260801-001
GEN-PLANT-006-2026-06-26,PLANT-006,2026-06-26,5079.4,5544,0.9517,FINAL,2026-06-27T06:00:00Z,2026-08-01T10:00:00Z,batch-20260801-001
GEN-PLANT-007-2026-06-26,PLANT-007,2026-06-26,7085.84,8272,0.9115,FINAL,2026-06-27T06:00:00Z,2026-08-01T10:00:00Z,batch-20260801-001
GEN-PLANT-008-2026-06-26,PLANT-008,2026-06-26,2230.3,2200,0.9809,FINAL,2026-06-27T06:00:00Z,2026-08-01T10:00:00Z,batch-20260801-001
GEN-PLANT-001-2026-06-27,PLANT-001,2026-06-27,6297.2,6380,0.9826,FINAL,2026-06-28T06:00:00Z,2026-08-01T10:00:00Z,batch-20260801-001
GEN-PLANT-002-2026-06-27,PLANT-002,2026-06-27,8799.46,9240,0.9428,FINAL,2026-06-28T06:00:00Z,2026-08-01T10:00:00Z,batch-20260801-001
GEN-PLANT-003-2026-06-27,PLANT-003,2026-06-27,3786.9,4312,0.9408,FINAL,2026-06-28T06:00:00Z,2026-08-01T10:00:00Z,batch-20260801-001
GEN-PLANT-004-2026-06-27,PLANT-004,2026-06-27,9539.99,10850,0.939,FINAL,2026-06-28T06:00:00Z,2026-08-01T10:00:00Z,batch-20260801-001
GEN-PLANT-005-2026-06-27,PLANT-005,2026-06-27,18874.34,19840,0.9834,FINAL,2026-06-28T06:00:00Z,2026-08-01T10:00:00Z,batch-20260801-001
GEN-PLANT-006-2026-06-27,PLANT-006,2026-06-27,5159,5544,0.9796,FINAL,2026-06-28T06:00:00Z,2026-08-01T10:00:00Z,batch-20260801-001
GEN-PLANT-007-2026-06-27,PLANT-007,2026-06-27,6725.77,8272,0.9127,FINAL,2026-06-28T06:00:00Z,2026-08-01T10:00:00Z,batch-20260801-001
GEN-PLANT-008-2026-06-27,PLANT-008,2026-06-27,1973.33,2200,0.964,FINAL,2026-06-28T06:00:00Z,2026-08-01T10:00:00Z,batch-20260801-001
GEN-PLANT-001-2026-06-28,PLANT-001,2026-06-28,5694.36,6380,0.9419,FINAL,2026-06-29T06:00:00Z,2026-08-01T10:00:00Z,batch-20260801-001
GEN-PLANT-002-2026-06-28,PLANT-002,2026-06-28,7762.1,9240,0.9131,FINAL,2026-06-29T06:00:00Z,2026-08-01T10:00:00Z,batch-20260801-001
GEN-PLANT-003-2026-06-28,PLANT-003,2026-06-28,4265.54,4312,0.9335,FINAL,2026-06-29T06:00:00Z,2026-08-01T10:00:00Z,batch-20260801-001
GEN-PLANT-004-2026-06-28,PLANT-004,2026-06-28,10700.63,10850,0.9915,FINAL,2026-06-29T06:00:00Z,2026-08-01T10:00:00Z,batch-20260801-001
GEN-PLANT-005-2026-06-28,PLANT-005,2026-06-28,19356.1,19840,0.9807,FINAL,2026-06-29T06:00:00Z,2026-08-01T10:00:00Z,batch-20260801-001
GEN-PLANT-006-2026-06-28,PLANT-006,2026-06-28,5136.98,5544,0.9272,FINAL,2026-06-29T06:00:00Z,2026-08-01T10:00:00Z,batch-20260801-001
GEN-PLANT-007-2026-06-28,PLANT-007,2026-06-28,7760.8,8272,0.9163,FINAL,2026-06-29T06:00:00Z,2026-08-01T10:00:00Z,batch-20260801-001
GEN-PLANT-008-2026-06-28,PLANT-008,2026-06-28,1954.01,2200,0.9516,FINAL,2026-06-29T06:00:00Z,2026-08-01T10:00:00Z,batch-20260801-001
GEN-PLANT-001-2026-06-29,PLANT-001,2026-06-29,5849.93,6380,0.9822,FINAL,2026-06-30T06:00:00Z,2026-08-01T10:00:00Z,batch-20260801-001
GEN-PLANT-002-2026-06-29,PLANT-002,2026-06-29,8091.29,9240,0.9229,FINAL,2026-06-30T06:00:00Z,2026-08-01T10:00:00Z,batch-20260801-001
GEN-PLANT-003-2026-06-29,PLANT-003,2026-06-29,4404.97,4312,0.9922,FINAL,2026-06-30T06:00:00Z,2026-08-01T10:00:00Z,batch-20260801-001
GEN-PLANT-004-2026-06-29,PLANT-004,2026-06-29,10857.34,10850,0.9899,FINAL,2026-06-30T06:00:00Z,2026-08-01T10:00:00Z,batch-20260801-001
GEN-PLANT-005-2026-06-29,PLANT-005,2026-06-29,19029.24,19840,0.9179,FINAL,2026-06-30T06:00:00Z,2026-08-01T10:00:00Z,batch-20260801-001
GEN-PLANT-006-2026-06-29,PLANT-006,2026-06-29,5238.79,5544,0.9367,FINAL,2026-06-30T06:00:00Z,2026-08-01T10:00:00Z,batch-20260801-001
GEN-PLANT-007-2026-06-29,PLANT-007,2026-06-29,7097.48,8272,0.973,FINAL,2026-06-30T06:00:00Z,2026-08-01T10:00:00Z,batch-20260801-001
GEN-PLANT-008-2026-06-29,PLANT-008,2026-06-29,2145.47,2200,0.9835,FINAL,2026-06-30T06:00:00Z,2026-08-01T10:00:00Z,batch-20260801-001
GEN-PLANT-001-2026-06-30,PLANT-001,2026-06-30,5421.48,6380,0.9395,FINAL,2026-07-01T06:00:00Z,2026-08-01T10:00:00Z,batch-20260801-001
GEN-PLANT-002-2026-06-30,PLANT-002,2026-06-30,8188.79,9240,0.9782,FINAL,2026-07-01T06:00:00Z,2026-08-01T10:00:00Z,batch-20260801-001
GEN-PLANT-003-2026-06-30,PLANT-003,2026-06-30,4026.99,4312,0.9335,FINAL,2026-07-01T06:00:00Z,2026-08-01T10:00:00Z,batch-20260801-001
GEN-PLANT-004-2026-06-30,PLANT-004,2026-06-30,8948.36,10850,0.9348,FINAL,2026-07-01T06:00:00Z,2026-08-01T10:00:00Z,batch-20260801-001
GEN-PLANT-005-2026-06-30,PLANT-005,2026-06-30,18851.69,19840,0.985,FINAL,2026-07-01T06:00:00Z,2026-08-01T10:00:00Z,batch-20260801-001
GEN-PLANT-006-2026-06-30,PLANT-006,2026-06-30,4655.24,5544,0.9166,FINAL,2026-07-01T06:00:00Z,2026-08-01T10:00:00Z,batch-20260801-001
GEN-PLANT-007-2026-06-30,PLANT-007,2026-06-30,8159.83,8272,0.9908,FINAL,2026-07-01T06:00:00Z,2026-08-01T10:00:00Z,batch-20260801-001
GEN-PLANT-008-2026-06-30,PLANT-008,2026-06-30,1865.35,2200,0.922,FINAL,2026-07-01T06:00:00Z,2026-08-01T10:00:00Z,batch-20260801-001
GEN-PLANT-001-2026-07-01,PLANT-001,2026-07-01,6175.54,6380,0.9556,FINAL,2026-07-02T06:00:00Z,2026-08-01T10:00:00Z,batch-20260801-001
GEN-PLANT-002-2026-07-01,PLANT-002,2026-07-01,9144.61,9240,0.9553,FINAL,2026-07-02T06:00:00Z,2026-08-01T10:00:00Z,batch-20260801-001
GEN-PLANT-003-2026-07-01,PLANT-003,2026-07-01,3756.49,4312,0.9225,FINAL,2026-07-02T06:00:00Z,2026-08-01T10:00:00Z,batch-20260801-001
GEN-PLANT-004-2026-07-01,PLANT-004,2026-07-01,9611.17,10850,0.9489,FINAL,2026-07-02T06:00:00Z,2026-08-01T10:00:00Z,batch-20260801-001
GEN-PLANT-005-2026-07-01,PLANT-005,2026-07-01,19533.78,19840,0.9647,FINAL,2026-07-02T06:00:00Z,2026-08-01T10:00:00Z,batch-20260801-001
GEN-PLANT-006-2026-07-01,PLANT-006,2026-07-01,5702.95,5544,0.9849,FINAL,2026-07-02T06:00:00Z,2026-08-01T10:00:00Z,batch-20260801-001
GEN-PLANT-007-2026-07-01,PLANT-007,2026-07-01,7623.78,8272,0.9447,FINAL,2026-07-02T06:00:00Z,2026-08-01T10:00:00Z,batch-20260801-001
GEN-PLANT-008-2026-07-01,PLANT-008,2026-07-01,2035.85,2200,0.9286,FINAL,2026-07-02T06:00:00Z,2026-08-01T10:00:00Z,batch-20260801-001
GEN-PLANT-001-2026-07-02,PLANT-001,2026-07-02,6483.03,6380,0.9791,FINAL,2026-07-03T06:00:00Z,2026-08-01T10:00:00Z,batch-20260801-001
GEN-PLANT-002-2026-07-02,PLANT-002,2026-07-02,9450.23,9240,0.9776,FINAL,2026-07-03T06:00:00Z,2026-08-01T10:00:00Z,batch-20260801-001
GEN-PLANT-003-2026-07-02,PLANT-003,2026-07-02,4426.03,4312,0.9929,FINAL,2026-07-03T06:00:00Z,2026-08-01T10:00:00Z,batch-20260801-001
GEN-PLANT-004-2026-07-02,PLANT-004,2026-07-02,11285.68,10850,0.9915,FINAL,2026-07-03T06:00:00Z,2026-08-01T10:00:00Z,batch-20260801-001
GEN-PLANT-005-2026-07-02,PLANT-005,2026-07-02,17147.58,19840,0.9322,FINAL,2026-07-03T06:00:00Z,2026-08-01T10:00:00Z,batch-20260801-001
GEN-PLANT-006-2026-07-02,PLANT-006,2026-07-02,4646.69,5544,0.9434,FINAL,2026-07-03T06:00:00Z,2026-08-01T10:00:00Z,batch-20260801-001
GEN-PLANT-007-2026-07-02,PLANT-007,2026-07-02,7194.65,8272,0.9393,FINAL,2026-07-03T06:00:00Z,2026-08-01T10:00:00Z,batch-20260801-001
GEN-PLANT-008-2026-07-02,PLANT-008,2026-07-02,1997.53,2200,0.9842,FINAL,2026-07-03T06:00:00Z,2026-08-01T10:00:00Z,batch-20260801-001
GEN-PLANT-001-2026-07-03,PLANT-001,2026-07-03,5468.1,6380,0.9335,FINAL,2026-07-04T06:00:00Z,2026-08-01T10:00:00Z,batch-20260801-001
GEN-PLANT-002-2026-07-03,PLANT-002,2026-07-03,9015.05,9240,0.934,FINAL,2026-07-04T06:00:00Z,2026-08-01T10:00:00Z,batch-20260801-001
GEN-PLANT-003-2026-07-03,PLANT-003,2026-07-03,3956.97,4312,0.9249,FINAL,2026-07-04T06:00:00Z,2026-08-01T10:00:00Z,batch-20260801-001
GEN-PLANT-004-2026-07-03,PLANT-004,2026-07-03,10043.71,10850,0.9187,FINAL,2026-07-04T06:00:00Z,2026-08-01T10:00:00Z,batch-20260801-001
GEN-PLANT-005-2026-07-03,PLANT-005,2026-07-03,19452.27,19840,0.967,FINAL,2026-07-04T06:00:00Z,2026-08-01T10:00:00Z,batch-20260801-001
GEN-PLANT-006-2026-07-03,PLANT-006,2026-07-03,4809.57,5544,0.9544,FINAL,2026-07-04T06:00:00Z,2026-08-01T10:00:00Z,batch-20260801-001
GEN-PLANT-007-2026-07-03,PLANT-007,2026-07-03,7414.18,8272,0.9162,FINAL,2026-07-04T06:00:00Z,2026-08-01T10:00:00Z,batch-20260801-001
GEN-PLANT-008-2026-07-03,PLANT-008,2026-07-03,2015.02,2200,0.9478,FINAL,2026-07-04T06:00:00Z,2026-08-01T10:00:00Z,batch-20260801-001
GEN-PLANT-001-2026-07-04,PLANT-001,2026-07-04,6289.08,6380,0.9823,FINAL,2026-07-05T06:00:00Z,2026-08-01T10:00:00Z,batch-20260801-001
GEN-PLANT-002-2026-07-04,PLANT-002,2026-07-04,8925.75,9240,0.9759,FINAL,2026-07-05T06:00:00Z,2026-08-01T10:00:00Z,batch-20260801-001
GEN-PLANT-003-2026-07-04,PLANT-003,2026-07-04,3829.84,4312,0.968,FINAL,2026-07-05T06:00:00Z,2026-08-01T10:00:00Z,batch-20260801-001
GEN-PLANT-004-2026-07-04,PLANT-004,2026-07-04,9738.93,10850,0.9291,FINAL,2026-07-05T06:00:00Z,2026-08-01T10:00:00Z,batch-20260801-001
GEN-PLANT-005-2026-07-04,PLANT-005,2026-07-04,16157.91,19840,0.9169,FINAL,2026-07-05T06:00:00Z,2026-08-01T10:00:00Z,batch-20260801-001
GEN-PLANT-006-2026-07-04,PLANT-006,2026-07-04,4980.1,5544,0.9209,FINAL,2026-07-05T06:00:00Z,2026-08-01T10:00:00Z,batch-20260801-001
GEN-PLANT-007-2026-07-04,PLANT-007,2026-07-04,7521.81,8272,0.9652,FINAL,2026-07-05T06:00:00Z,2026-08-01T10:00:00Z,batch-20260801-001
GEN-PLANT-008-2026-07-04,PLANT-008,2026-07-04,2051.71,2200,0.9234,FINAL,2026-07-05T06:00:00Z,2026-08-01T10:00:00Z,batch-20260801-001
GEN-PLANT-001-2026-07-05,PLANT-001,2026-07-05,6353.93,6380,0.9683,FINAL,2026-07-06T06:00:00Z,2026-08-01T10:00:00Z,batch-20260801-001
GEN-PLANT-002-2026-07-05,PLANT-002,2026-07-05,8606.32,9240,0.9537,FINAL,2026-07-06T06:00:00Z,2026-08-01T10:00:00Z,batch-20260801-001
GEN-PLANT-003-2026-07-05,PLANT-003,2026-07-05,4177.79,4312,0.9421,FINAL,2026-07-06T06:00:00Z,2026-08-01T10:00:00Z,batch-20260801-001
GEN-PLANT-004-2026-07-05,PLANT-004,2026-07-05,9350.12,10850,0.9738,FINAL,2026-07-06T06:00:00Z,2026-08-01T10:00:00Z,batch-20260801-001
GEN-PLANT-005-2026-07-05,PLANT-005,2026-07-05,18687.26,19840,0.9776,FINAL,2026-07-06T06:00:00Z,2026-08-01T10:00:00Z,batch-20260801-001
GEN-PLANT-006-2026-07-05,PLANT-006,2026-07-05,5095.94,5544,0.9915,FINAL,2026-07-06T06:00:00Z,2026-08-01T10:00:00Z,batch-20260801-001
GEN-PLANT-007-2026-07-05,PLANT-007,2026-07-05,8295.47,8272,0.984,FINAL,2026-07-06T06:00:00Z,2026-08-01T10:00:00Z,batch-20260801-001
GEN-PLANT-008-2026-07-05,PLANT-008,2026-07-05,2229.1,2200,0.9852,FINAL,2026-07-06T06:00:00Z,2026-08-01T10:00:00Z,batch-20260801-001
GEN-PLANT-001-2026-07-06,PLANT-001,2026-07-06,5644.5,6380,0.9401,FINAL,2026-07-07T06:00:00Z,2026-08-01T10:00:00Z,batch-20260801-001
GEN-PLANT-002-2026-07-06,PLANT-002,2026-07-06,9502.18,9240,0.9798,FINAL,2026-07-07T06:00:00Z,2026-08-01T10:00:00Z,batch-20260801-001
GEN-PLANT-003-2026-07-06,PLANT-003,2026-07-06,4075.72,4312,0.9308,FINAL,2026-07-07T06:00:00Z,2026-08-01T10:00:00Z,batch-20260801-001
GEN-PLANT-004-2026-07-06,PLANT-004,2026-07-06,10430.58,10850,0.9843,FINAL,2026-07-07T06:00:00Z,2026-08-01T10:00:00Z,batch-20260801-001
GEN-PLANT-005-2026-07-06,PLANT-005,2026-07-06,17352.85,19840,0.946,FINAL,2026-07-07T06:00:00Z,2026-08-01T10:00:00Z,batch-20260801-001
GEN-PLANT-006-2026-07-06,PLANT-006,2026-07-06,4958.26,5544,0.9567,FINAL,2026-07-07T06:00:00Z,2026-08-01T10:00:00Z,batch-20260801-001
GEN-PLANT-007-2026-07-06,PLANT-007,2026-07-06,7690.02,8272,0.947,FINAL,2026-07-07T06:00:00Z,2026-08-01T10:00:00Z,batch-20260801-001
GEN-PLANT-008-2026-07-06,PLANT-008,2026-07-06,2060.28,2200,0.9632,FINAL,2026-07-07T06:00:00Z,2026-08-01T10:00:00Z,batch-20260801-001
GEN-PLANT-001-2026-07-07,PLANT-001,2026-07-07,6503.33,6380,0.9798,FINAL,2026-07-08T06:00:00Z,2026-08-01T10:00:00Z,batch-20260801-001
GEN-PLANT-002-2026-07-07,PLANT-002,2026-07-07,8422.51,9240,0.97,FINAL,2026-07-08T06:00:00Z,2026-08-01T10:00:00Z,batch-20260801-001
GEN-PLANT-003-2026-07-07,PLANT-003,2026-07-07,3777.17,4312,0.9713,FINAL,2026-07-08T06:00:00Z,2026-08-01T10:00:00Z,batch-20260801-001
GEN-PLANT-004-2026-07-07,PLANT-004,2026-07-07,9390.65,10850,0.9531,FINAL,2026-07-08T06:00:00Z,2026-08-01T10:00:00Z,batch-20260801-001
GEN-PLANT-005-2026-07-07,PLANT-005,2026-07-07,18793.25,19840,0.9879,FINAL,2026-07-08T06:00:00Z,2026-08-01T10:00:00Z,batch-20260801-001
GEN-PLANT-006-2026-07-07,PLANT-006,2026-07-07,5423.86,5544,0.9805,FINAL,2026-07-08T06:00:00Z,2026-08-01T10:00:00Z,batch-20260801-001
GEN-PLANT-007-2026-07-07,PLANT-007,2026-07-07,7972.86,8272,0.967,FINAL,2026-07-08T06:00:00Z,2026-08-01T10:00:00Z,batch-20260801-001
GEN-PLANT-008-2026-07-07,PLANT-008,2026-07-07,2080.69,2200,0.9566,FINAL,2026-07-08T06:00:00Z,2026-08-01T10:00:00Z,batch-20260801-001
GEN-PLANT-001-2026-07-08,PLANT-001,2026-07-08,5457.68,6380,0.9446,FINAL,2026-07-09T06:00:00Z,2026-08-01T10:00:00Z,batch-20260801-001
GEN-PLANT-002-2026-07-08,PLANT-002,2026-07-08,7976.64,9240,0.9369,FINAL,2026-07-09T06:00:00Z,2026-08-01T10:00:00Z,batch-20260801-001
GEN-PLANT-003-2026-07-08,PLANT-003,2026-07-08,4180.33,4312,0.9673,FINAL,2026-07-09T06:00:00Z,2026-08-01T10:00:00Z,batch-20260801-001
GEN-PLANT-004-2026-07-08,PLANT-004,2026-07-08,8997.66,10850,0.9202,FINAL,2026-07-09T06:00:00Z,2026-08-01T10:00:00Z,batch-20260801-001
GEN-PLANT-005-2026-07-08,PLANT-005,2026-07-08,18513.47,19840,0.9742,FINAL,2026-07-09T06:00:00Z,2026-08-01T10:00:00Z,batch-20260801-001
GEN-PLANT-006-2026-07-08,PLANT-006,2026-07-08,5688.23,5544,0.9873,FINAL,2026-07-09T06:00:00Z,2026-08-01T10:00:00Z,batch-20260801-001
GEN-PLANT-007-2026-07-08,PLANT-007,2026-07-08,6954.58,8272,0.918,FINAL,2026-07-09T06:00:00Z,2026-08-01T10:00:00Z,batch-20260801-001
GEN-PLANT-008-2026-07-08,PLANT-008,2026-07-08,2126.38,2200,0.9792,FINAL,2026-07-09T06:00:00Z,2026-08-01T10:00:00Z,batch-20260801-001
GEN-PLANT-001-2026-07-09,PLANT-001,2026-07-09,6377.46,6380,0.9907,FINAL,2026-07-10T06:00:00Z,2026-08-01T10:00:00Z,batch-20260801-001
GEN-PLANT-002-2026-07-09,PLANT-002,2026-07-09,8524.96,9240,0.9433,FINAL,2026-07-10T06:00:00Z,2026-08-01T10:00:00Z,batch-20260801-001
GEN-PLANT-003-2026-07-09,PLANT-003,2026-07-09,3593.76,4312,0.9268,FINAL,2026-07-10T06:00:00Z,2026-08-01T10:00:00Z,batch-20260801-001
GEN-PLANT-004-2026-07-09,PLANT-004,2026-07-09,9909.7,10850,0.9694,FINAL,2026-07-10T06:00:00Z,2026-08-01T10:00:00Z,batch-20260801-001
GEN-PLANT-005-2026-07-09,PLANT-005,2026-07-09,19661.28,19840,0.9725,FINAL,2026-07-10T06:00:00Z,2026-08-01T10:00:00Z,batch-20260801-001
GEN-PLANT-006-2026-07-09,PLANT-006,2026-07-09,5204.07,5544,0.9861,FINAL,2026-07-10T06:00:00Z,2026-08-01T10:00:00Z,batch-20260801-001
GEN-PLANT-007-2026-07-09,PLANT-007,2026-07-09,8332.65,8272,0.9686,FINAL,2026-07-10T06:00:00Z,2026-08-01T10:00:00Z,batch-20260801-001
GEN-PLANT-008-2026-07-09,PLANT-008,2026-07-09,2093.82,2200,0.9315,FINAL,2026-07-10T06:00:00Z,2026-08-01T10:00:00Z,batch-20260801-001
GEN-PLANT-001-2026-07-10,PLANT-001,2026-07-10,5997.86,6380,0.9651,FINAL,2026-07-11T06:00:00Z,2026-08-01T10:00:00Z,batch-20260801-001
GEN-PLANT-002-2026-07-10,PLANT-002,2026-07-10,8353.3,9240,0.9102,FINAL,2026-07-11T06:00:00Z,2026-08-01T10:00:00Z,batch-20260801-001
GEN-PLANT-003-2026-07-10,PLANT-003,2026-07-10,4125.79,4312,0.9305,FINAL,2026-07-11T06:00:00Z,2026-08-01T10:00:00Z,batch-20260801-001
GEN-PLANT-004-2026-07-10,PLANT-004,2026-07-10,9871.64,10850,0.9376,FINAL,2026-07-11T06:00:00Z,2026-08-01T10:00:00Z,batch-20260801-001
GEN-PLANT-005-2026-07-10,PLANT-005,2026-07-10,16683.45,19840,0.935,FINAL,2026-07-11T06:00:00Z,2026-08-01T10:00:00Z,batch-20260801-001
GEN-PLANT-006-2026-07-10,PLANT-006,2026-07-10,4771.31,5544,0.9405,FINAL,2026-07-11T06:00:00Z,2026-08-01T10:00:00Z,batch-20260801-001
GEN-PLANT-007-2026-07-10,PLANT-007,2026-07-10,7755.38,8272,0.984,FINAL,2026-07-11T06:00:00Z,2026-08-01T10:00:00Z,batch-20260801-001
GEN-PLANT-008-2026-07-10,PLANT-008,2026-07-10,1961.94,2200,0.926,FINAL,2026-07-11T06:00:00Z,2026-08-01T10:00:00Z,batch-20260801-001
GEN-PLANT-001-2026-07-11,PLANT-001,2026-07-11,6449.63,6380,0.9849,FINAL,2026-07-12T06:00:00Z,2026-08-01T10:00:00Z,batch-20260801-001
GEN-PLANT-002-2026-07-11,PLANT-002,2026-07-11,9227.51,9240,0.9475,FINAL,2026-07-12T06:00:00Z,2026-08-01T10:00:00Z,batch-20260801-001
GEN-PLANT-003-2026-07-11,PLANT-003,2026-07-11,3925.63,4312,0.961,FINAL,2026-07-12T06:00:00Z,2026-08-01T10:00:00Z,batch-20260801-001
GEN-PLANT-004-2026-07-11,PLANT-004,2026-07-11,9613.41,10850,0.9392,FINAL,2026-07-12T06:00:00Z,2026-08-01T10:00:00Z,batch-20260801-001
GEN-PLANT-005-2026-07-11,PLANT-005,2026-07-11,20287.83,19840,0.9653,FINAL,2026-07-12T06:00:00Z,2026-08-01T10:00:00Z,batch-20260801-001
GEN-PLANT-006-2026-07-11,PLANT-006,2026-07-11,5000.64,5544,0.9462,FINAL,2026-07-12T06:00:00Z,2026-08-01T10:00:00Z,batch-20260801-001
GEN-PLANT-007-2026-07-11,PLANT-007,2026-07-11,7974.07,8272,0.9783,FINAL,2026-07-12T06:00:00Z,2026-08-01T10:00:00Z,batch-20260801-001
GEN-PLANT-008-2026-07-11,PLANT-008,2026-07-11,2035.5,2200,0.9152,FINAL,2026-07-12T06:00:00Z,2026-08-01T10:00:00Z,batch-20260801-001
GEN-PLANT-001-2026-07-12,PLANT-001,2026-07-12,6069.52,6380,0.9738,FINAL,2026-07-13T06:00:00Z,2026-08-01T10:00:00Z,batch-20260801-001
GEN-PLANT-002-2026-07-12,PLANT-002,2026-07-12,7834.97,9240,0.9309,FINAL,2026-07-13T06:00:00Z,2026-08-01T10:00:00Z,batch-20260801-001
GEN-PLANT-003-2026-07-12,PLANT-003,2026-07-12,3693.26,4312,0.917,FINAL,2026-07-13T06:00:00Z,2026-08-01T10:00:00Z,batch-20260801-001
GEN-PLANT-004-2026-07-12,PLANT-004,2026-07-12,9562.38,10850,0.9167,FINAL,2026-07-13T06:00:00Z,2026-08-01T10:00:00Z,batch-20260801-001
GEN-PLANT-005-2026-07-12,PLANT-005,2026-07-12,19294.27,19840,0.9601,FINAL,2026-07-13T06:00:00Z,2026-08-01T10:00:00Z,batch-20260801-001
GEN-PLANT-006-2026-07-12,PLANT-006,2026-07-12,5592.04,5544,0.9863,FINAL,2026-07-13T06:00:00Z,2026-08-01T10:00:00Z,batch-20260801-001
GEN-PLANT-007-2026-07-12,PLANT-007,2026-07-12,8070.82,8272,0.9583,FINAL,2026-07-13T06:00:00Z,2026-08-01T10:00:00Z,batch-20260801-001
GEN-PLANT-008-2026-07-12,PLANT-008,2026-07-12,2254.16,2200,0.9839,FINAL,2026-07-13T06:00:00Z,2026-08-01T10:00:00Z,batch-20260801-001
GEN-PLANT-001-2026-07-13,PLANT-001,2026-07-13,6146.79,6380,0.946,FINAL,2026-07-14T06:00:00Z,2026-08-01T10:00:00Z,batch-20260801-001
GEN-PLANT-002-2026-07-13,PLANT-002,2026-07-13,8007.18,9240,0.957,FINAL,2026-07-14T06:00:00Z,2026-08-01T10:00:00Z,batch-20260801-001
GEN-PLANT-003-2026-07-13,PLANT-003,2026-07-13,4238.01,4312,0.9455,FINAL,2026-07-14T06:00:00Z,2026-08-01T10:00:00Z,batch-20260801-001
GEN-PLANT-004-2026-07-13,PLANT-004,2026-07-13,11244.32,10850,0.9934,FINAL,2026-07-14T06:00:00Z,2026-08-01T10:00:00Z,batch-20260801-001
GEN-PLANT-005-2026-07-13,PLANT-005,2026-07-13,17040.14,19840,0.9637,FINAL,2026-07-14T06:00:00Z,2026-08-01T10:00:00Z,batch-20260801-001
GEN-PLANT-006-2026-07-13,PLANT-006,2026-07-13,5241.2,5544,0.9254,FINAL,2026-07-14T06:00:00Z,2026-08-01T10:00:00Z,batch-20260801-001
GEN-PLANT-007-2026-07-13,PLANT-007,2026-07-13,8458.24,8272,0.9813,FINAL,2026-07-14T06:00:00Z,2026-08-01T10:00:00Z,batch-20260801-001
GEN-PLANT-008-2026-07-13,PLANT-008,2026-07-13,1876.16,2200,0.9672,FINAL,2026-07-14T06:00:00Z,2026-08-01T10:00:00Z,batch-20260801-001
GEN-PLANT-001-2026-07-14,PLANT-001,2026-07-14,5329.97,6380,0.9241,FINAL,2026-07-15T06:00:00Z,2026-08-01T10:00:00Z,batch-20260801-001
GEN-PLANT-002-2026-07-14,PLANT-002,2026-07-14,8141.96,9240,0.9843,FINAL,2026-07-15T06:00:00Z,2026-08-01T10:00:00Z,batch-20260801-001
GEN-PLANT-003-2026-07-14,PLANT-003,2026-07-14,3636.23,4312,0.9304,FINAL,2026-07-15T06:00:00Z,2026-08-01T10:00:00Z,batch-20260801-001
GEN-PLANT-004-2026-07-14,PLANT-004,2026-07-14,8906.96,10850,0.9104,FINAL,2026-07-15T06:00:00Z,2026-08-01T10:00:00Z,batch-20260801-001
GEN-PLANT-005-2026-07-14,PLANT-005,2026-07-14,16780.22,19840,0.9155,FINAL,2026-07-15T06:00:00Z,2026-08-01T10:00:00Z,batch-20260801-001
GEN-PLANT-006-2026-07-14,PLANT-006,2026-07-14,5478.62,5544,0.9805,FINAL,2026-07-15T06:00:00Z,2026-08-01T10:00:00Z,batch-20260801-001
GEN-PLANT-007-2026-07-14,PLANT-007,2026-07-14,7009.89,8272,0.9323,FINAL,2026-07-15T06:00:00Z,2026-08-01T10:00:00Z,batch-20260801-001
GEN-PLANT-008-2026-07-14,PLANT-008,2026-07-14,2163.37,2200,0.9862,FINAL,2026-07-15T06:00:00Z,2026-08-01T10:00:00Z,batch-20260801-001
GEN-PLANT-001-2026-07-15,PLANT-001,2026-07-15,5398.19,6380,0.913,FINAL,2026-07-16T06:00:00Z,2026-08-01T10:00:00Z,batch-20260801-001
GEN-PLANT-002-2026-07-15,PLANT-002,2026-07-15,9079.1,9240,0.9658,FINAL,2026-07-16T06:00:00Z,2026-08-01T10:00:00Z,batch-20260801-001
GEN-PLANT-003-2026-07-15,PLANT-003,2026-07-15,3886.45,4312,0.9351,FINAL,2026-07-16T06:00:00Z,2026-08-01T10:00:00Z,batch-20260801-001
GEN-PLANT-004-2026-07-15,PLANT-004,2026-07-15,10735.93,10850,0.986,FINAL,2026-07-16T06:00:00Z,2026-08-01T10:00:00Z,batch-20260801-001
GEN-PLANT-005-2026-07-15,PLANT-005,2026-07-15,18866.88,19840,0.9646,FINAL,2026-07-16T06:00:00Z,2026-08-01T10:00:00Z,batch-20260801-001
GEN-PLANT-006-2026-07-15,PLANT-006,2026-07-15,4903.8,5544,0.9235,FINAL,2026-07-16T06:00:00Z,2026-08-01T10:00:00Z,batch-20260801-001
GEN-PLANT-007-2026-07-15,PLANT-007,2026-07-15,7837.38,8272,0.9584,FINAL,2026-07-16T06:00:00Z,2026-08-01T10:00:00Z,batch-20260801-001
GEN-PLANT-008-2026-07-15,PLANT-008,2026-07-15,2307.67,2200,0.9949,FINAL,2026-07-16T06:00:00Z,2026-08-01T10:00:00Z,batch-20260801-001
GEN-PLANT-001-2026-07-16,PLANT-001,2026-07-16,5780.08,6380,0.9142,FINAL,2026-07-17T06:00:00Z,2026-08-01T10:00:00Z,batch-20260801-001
GEN-PLANT-002-2026-07-16,PLANT-002,2026-07-16,9511.06,9240,0.9934,FINAL,2026-07-17T06:00:00Z,2026-08-01T10:00:00Z,batch-20260801-001
GEN-PLANT-003-2026-07-16,PLANT-003,2026-07-16,4321.09,4312,0.9598,FINAL,2026-07-17T06:00:00Z,2026-08-01T10:00:00Z,batch-20260801-001
GEN-PLANT-004-2026-07-16,PLANT-004,2026-07-16,10939.97,10850,0.9618,FINAL,2026-07-17T06:00:00Z,2026-08-01T10:00:00Z,batch-20260801-001
GEN-PLANT-005-2026-07-16,PLANT-005,2026-07-16,17548.26,19840,0.9944,FINAL,2026-07-17T06:00:00Z,2026-08-01T10:00:00Z,batch-20260801-001
GEN-PLANT-006-2026-07-16,PLANT-006,2026-07-16,4924.48,5544,0.9214,FINAL,2026-07-17T06:00:00Z,2026-08-01T10:00:00Z,batch-20260801-001
GEN-PLANT-007-2026-07-16,PLANT-007,2026-07-16,6950.28,8272,0.9239,FINAL,2026-07-17T06:00:00Z,2026-08-01T10:00:00Z,batch-20260801-001
GEN-PLANT-008-2026-07-16,PLANT-008,2026-07-16,2029.4,2200,0.9377,FINAL,2026-07-17T06:00:00Z,2026-08-01T10:00:00Z,batch-20260801-001
GEN-PLANT-001-2026-07-17,PLANT-001,2026-07-17,6033.22,6380,0.9861,FINAL,2026-07-18T06:00:00Z,2026-08-01T10:00:00Z,batch-20260801-001
GEN-PLANT-002-2026-07-17,PLANT-002,2026-07-17,8091.7,9240,0.9883,FINAL,2026-07-18T06:00:00Z,2026-08-01T10:00:00Z,batch-20260801-001
GEN-PLANT-003-2026-07-17,PLANT-003,2026-07-17,4392.61,4312,0.9736,FINAL,2026-07-18T06:00:00Z,2026-08-01T10:00:00Z,batch-20260801-001
GEN-PLANT-004-2026-07-17,PLANT-004,2026-07-17,10909.22,10850,0.9621,FINAL,2026-07-18T06:00:00Z,2026-08-01T10:00:00Z,batch-20260801-001
GEN-PLANT-005-2026-07-17,PLANT-005,2026-07-17,20551.29,19840,0.9928,FINAL,2026-07-18T06:00:00Z,2026-08-01T10:00:00Z,batch-20260801-001
GEN-PLANT-006-2026-07-17,PLANT-006,2026-07-17,5455.65,5544,0.9703,FINAL,2026-07-18T06:00:00Z,2026-08-01T10:00:00Z,batch-20260801-001
GEN-PLANT-007-2026-07-17,PLANT-007,2026-07-17,8016.71,8272,0.9638,FINAL,2026-07-18T06:00:00Z,2026-08-01T10:00:00Z,batch-20260801-001
GEN-PLANT-008-2026-07-17,PLANT-008,2026-07-17,2049.12,2200,0.9617,FINAL,2026-07-18T06:00:00Z,2026-08-01T10:00:00Z,batch-20260801-001
GEN-PLANT-001-2026-07-18,PLANT-001,2026-07-18,5736.55,6380,0.9126,FINAL,2026-07-19T06:00:00Z,2026-08-01T10:00:00Z,batch-20260801-001
GEN-PLANT-002-2026-07-18,PLANT-002,2026-07-18,9190,9240,0.9527,FINAL,2026-07-19T06:00:00Z,2026-08-01T10:00:00Z,batch-20260801-001
GEN-PLANT-003-2026-07-18,PLANT-003,2026-07-18,3640.67,4312,0.9395,FINAL,2026-07-19T06:00:00Z,2026-08-01T10:00:00Z,batch-20260801-001
GEN-PLANT-004-2026-07-18,PLANT-004,2026-07-18,9600.09,10850,0.9388,FINAL,2026-07-19T06:00:00Z,2026-08-01T10:00:00Z,batch-20260801-001
GEN-PLANT-005-2026-07-18,PLANT-005,2026-07-18,18390.82,19840,0.9705,FINAL,2026-07-19T06:00:00Z,2026-08-01T10:00:00Z,batch-20260801-001
GEN-PLANT-006-2026-07-18,PLANT-006,2026-07-18,4928.89,5544,0.9843,FINAL,2026-07-19T06:00:00Z,2026-08-01T10:00:00Z,batch-20260801-001
GEN-PLANT-007-2026-07-18,PLANT-007,2026-07-18,7355.53,8272,0.9594,FINAL,2026-07-19T06:00:00Z,2026-08-01T10:00:00Z,batch-20260801-001
GEN-PLANT-008-2026-07-18,PLANT-008,2026-07-18,2214.31,2200,0.9811,FINAL,2026-07-19T06:00:00Z,2026-08-01T10:00:00Z,batch-20260801-001
GEN-PLANT-001-2026-07-19,PLANT-001,2026-07-19,5691.35,6380,0.933,FINAL,2026-07-20T06:00:00Z,2026-08-01T10:00:00Z,batch-20260801-001
GEN-PLANT-002-2026-07-19,PLANT-002,2026-07-19,7934.21,9240,0.9195,FINAL,2026-07-20T06:00:00Z,2026-08-01T10:00:00Z,batch-20260801-001
GEN-PLANT-003-2026-07-19,PLANT-003,2026-07-19,3675.32,4312,0.9589,FINAL,2026-07-20T06:00:00Z,2026-08-01T10:00:00Z,batch-20260801-001
GEN-PLANT-004-2026-07-19,PLANT-004,2026-07-19,8914.92,10850,0.9189,FINAL,2026-07-20T06:00:00Z,2026-08-01T10:00:00Z,batch-20260801-001
GEN-PLANT-005-2026-07-19,PLANT-005,2026-07-19,20173.12,19840,0.9647,FINAL,2026-07-20T06:00:00Z,2026-08-01T10:00:00Z,batch-20260801-001
GEN-PLANT-006-2026-07-19,PLANT-006,2026-07-19,4857.08,5544,0.9133,FINAL,2026-07-20T06:00:00Z,2026-08-01T10:00:00Z,batch-20260801-001
GEN-PLANT-007-2026-07-19,PLANT-007,2026-07-19,7427.81,8272,0.9539,FINAL,2026-07-20T06:00:00Z,2026-08-01T10:00:00Z,batch-20260801-001
GEN-PLANT-008-2026-07-19,PLANT-008,2026-07-19,2040.58,2200,0.9181,FINAL,2026-07-20T06:00:00Z,2026-08-01T10:00:00Z,batch-20260801-001
GEN-PLANT-001-2026-07-20,PLANT-001,2026-07-20,5949.71,6380,0.9467,FINAL,2026-07-21T06:00:00Z,2026-08-01T10:00:00Z,batch-20260801-001
GEN-PLANT-003-2026-07-20,PLANT-003,2026-07-20,3978.52,4312,0.9831,FINAL,2026-07-21T06:00:00Z,2026-08-01T10:00:00Z,batch-20260801-001
GEN-PLANT-004-2026-07-20,PLANT-004,2026-07-20,10061.28,10850,0.9912,FINAL,2026-07-21T06:00:00Z,2026-08-01T10:00:00Z,batch-20260801-001
GEN-PLANT-005-2026-07-20,PLANT-005,2026-07-20,20252.35,19840,0.9879,FINAL,2026-07-21T06:00:00Z,2026-08-01T10:00:00Z,batch-20260801-001
GEN-PLANT-006-2026-07-20,PLANT-006,2026-07-20,5457.23,5544,0.949,FINAL,2026-07-21T06:00:00Z,2026-08-01T10:00:00Z,batch-20260801-001
GEN-PLANT-007-2026-07-20,PLANT-007,2026-07-20,7661.06,8272,0.9873,FINAL,2026-07-21T06:00:00Z,2026-08-01T10:00:00Z,batch-20260801-001
GEN-PLANT-008-2026-07-20,PLANT-008,2026-07-20,1939.49,2200,0.9638,FINAL,2026-07-21T06:00:00Z,2026-08-01T10:00:00Z,batch-20260801-001
GEN-PLANT-001-2026-07-21,PLANT-001,2026-07-21,6112.66,6380,0.9712,FINAL,2026-07-22T06:00:00Z,2026-08-01T10:00:00Z,batch-20260801-001
GEN-PLANT-002-2026-07-21,PLANT-002,2026-07-21,7863.38,9240,0.9533,FINAL,2026-07-22T06:00:00Z,2026-08-01T10:00:00Z,batch-20260801-001
GEN-PLANT-003-2026-07-21,PLANT-003,2026-07-21,4405.44,4312,0.9936,FINAL,2026-07-22T06:00:00Z,2026-08-01T10:00:00Z,batch-20260801-001
GEN-PLANT-004-2026-07-21,PLANT-004,2026-07-21,10404.59,10850,0.9458,FINAL,2026-07-22T06:00:00Z,2026-08-01T10:00:00Z,batch-20260801-001
GEN-PLANT-005-2026-07-21,PLANT-005,2026-07-21,18559.64,19840,0.9166,FINAL,2026-07-22T06:00:00Z,2026-08-01T10:00:00Z,batch-20260801-001
GEN-PLANT-006-2026-07-21,PLANT-006,2026-07-21,5359.17,5544,0.9615,FINAL,2026-07-22T06:00:00Z,2026-08-01T10:00:00Z,batch-20260801-001
GEN-PLANT-007-2026-07-21,PLANT-007,2026-07-21,7546.13,8272,0.9103,FINAL,2026-07-22T06:00:00Z,2026-08-01T10:00:00Z,batch-20260801-001
GEN-PLANT-008-2026-07-21,PLANT-008,2026-07-21,2032.18,2200,0.934,FINAL,2026-07-22T06:00:00Z,2026-08-01T10:00:00Z,batch-20260801-001
GEN-PLANT-001-2026-07-22,PLANT-001,2026-07-22,6404.5,6380,0.9886,FINAL,2026-07-23T06:00:00Z,2026-08-01T10:00:00Z,batch-20260801-001
GEN-PLANT-002-2026-07-22,PLANT-002,2026-07-22,9247.7,9240,0.9649,FINAL,2026-07-23T06:00:00Z,2026-08-01T10:00:00Z,batch-20260801-001
GEN-PLANT-003-2026-07-22,PLANT-003,2026-07-22,3794.87,4312,0.9823,FINAL,2026-07-23T06:00:00Z,2026-08-01T10:00:00Z,batch-20260801-001
GEN-PLANT-004-2026-07-22,PLANT-004,2026-07-22,9186.94,10850,0.9227,FINAL,2026-07-23T06:00:00Z,2026-08-01T10:00:00Z,batch-20260801-001
GEN-PLANT-005-2026-07-22,PLANT-005,2026-07-22,18198.49,19840,0.9588,FINAL,2026-07-23T06:00:00Z,2026-08-01T10:00:00Z,batch-20260801-001
GEN-PLANT-006-2026-07-22,PLANT-006,2026-07-22,5131.33,5544,0.9325,FINAL,2026-07-23T06:00:00Z,2026-08-01T10:00:00Z,batch-20260801-001
GEN-PLANT-007-2026-07-22,PLANT-007,2026-07-22,7550.58,8272,0.9452,FINAL,2026-07-23T06:00:00Z,2026-08-01T10:00:00Z,batch-20260801-001
GEN-PLANT-008-2026-07-22,PLANT-008,2026-07-22,1975.24,2200,0.9648,FINAL,2026-07-23T06:00:00Z,2026-08-01T10:00:00Z,batch-20260801-001
GEN-PLANT-001-2026-07-23,PLANT-001,2026-07-23,6247.64,6380,0.9377,FINAL,2026-07-24T06:00:00Z,2026-08-01T10:00:00Z,batch-20260801-001
GEN-PLANT-002-2026-07-23,PLANT-002,2026-07-23,9632.81,9240,0.984,FINAL,2026-07-24T06:00:00Z,2026-08-01T10:00:00Z,batch-20260801-001
GEN-PLANT-003-2026-07-23,PLANT-003,2026-07-23,4214.77,4312,0.9895,FINAL,2026-07-24T06:00:00Z,2026-08-01T10:00:00Z,batch-20260801-001
GEN-PLANT-004-2026-07-23,PLANT-004,2026-07-23,9963.79,10850,0.9504,FINAL,2026-07-24T06:00:00Z,2026-08-01T10:00:00Z,batch-20260801-001
GEN-PLANT-005-2026-07-23,PLANT-005,2026-07-23,18435.17,19840,0.9553,FINAL,2026-07-24T06:00:00Z,2026-08-01T10:00:00Z,batch-20260801-001
GEN-PLANT-006-2026-07-23,PLANT-006,2026-07-23,4557.73,5544,0.9226,FINAL,2026-07-24T06:00:00Z,2026-08-01T10:00:00Z,batch-20260801-001
GEN-PLANT-007-2026-07-23,PLANT-007,2026-07-23,7438.74,8272,0.9446,FINAL,2026-07-24T06:00:00Z,2026-08-01T10:00:00Z,batch-20260801-001
GEN-PLANT-008-2026-07-23,PLANT-008,2026-07-23,1905.58,2200,0.9597,FINAL,2026-07-24T06:00:00Z,2026-08-01T10:00:00Z,batch-20260801-001
GEN-PLANT-001-2026-07-24,PLANT-001,2026-07-24,5403,6380,0.957,FINAL,2026-07-25T06:00:00Z,2026-08-01T10:00:00Z,batch-20260801-001
GEN-PLANT-002-2026-07-24,PLANT-002,2026-07-24,7953.18,9240,0.9342,FINAL,2026-07-25T06:00:00Z,2026-08-01T10:00:00Z,batch-20260801-001
GEN-PLANT-003-2026-07-24,PLANT-003,2026-07-24,4252.27,4312,0.9728,FINAL,2026-07-25T06:00:00Z,2026-08-01T10:00:00Z,batch-20260801-001
GEN-PLANT-004-2026-07-24,PLANT-004,2026-07-24,8996.46,10850,0.9109,FINAL,2026-07-25T06:00:00Z,2026-08-01T10:00:00Z,batch-20260801-001
GEN-PLANT-005-2026-07-24,PLANT-005,2026-07-24,19788.83,19840,0.9466,FINAL,2026-07-25T06:00:00Z,2026-08-01T10:00:00Z,batch-20260801-001
GEN-PLANT-006-2026-07-24,PLANT-006,2026-07-24,5183.43,5544,0.9912,FINAL,2026-07-25T06:00:00Z,2026-08-01T10:00:00Z,batch-20260801-001
GEN-PLANT-007-2026-07-24,PLANT-007,2026-07-24,7358.42,8272,0.9915,FINAL,2026-07-25T06:00:00Z,2026-08-01T10:00:00Z,batch-20260801-001
GEN-PLANT-008-2026-07-24,PLANT-008,2026-07-24,1956.75,2200,0.9103,FINAL,2026-07-25T06:00:00Z,2026-08-01T10:00:00Z,batch-20260801-001
GEN-PLANT-001-2026-07-25,PLANT-001,2026-07-25,5984.07,6380,0.9844,FINAL,2026-07-26T06:00:00Z,2026-08-01T10:00:00Z,batch-20260801-001
GEN-PLANT-002-2026-07-25,PLANT-002,2026-07-25,8655.1,9240,0.9451,FINAL,2026-07-26T06:00:00Z,2026-08-01T10:00:00Z,batch-20260801-001
GEN-PLANT-003-2026-07-25,PLANT-003,2026-07-25,4024.97,4312,0.9163,FINAL,2026-07-26T06:00:00Z,2026-08-01T10:00:00Z,batch-20260801-001
GEN-PLANT-004-2026-07-25,PLANT-004,2026-07-25,10024.99,10850,0.9435,FINAL,2026-07-26T06:00:00Z,2026-08-01T10:00:00Z,batch-20260801-001
GEN-PLANT-005-2026-07-25,PLANT-005,2026-07-25,18186.09,19840,0.9192,FINAL,2026-07-26T06:00:00Z,2026-08-01T10:00:00Z,batch-20260801-001
GEN-PLANT-006-2026-07-25,PLANT-006,2026-07-25,4881.31,5544,0.9837,FINAL,2026-07-26T06:00:00Z,2026-08-01T10:00:00Z,batch-20260801-001
GEN-PLANT-007-2026-07-25,PLANT-007,2026-07-25,7066.8,8272,0.9211,FINAL,2026-07-26T06:00:00Z,2026-08-01T10:00:00Z,batch-20260801-001
GEN-PLANT-008-2026-07-25,PLANT-008,2026-07-25,1826.86,2200,0.9374,FINAL,2026-07-26T06:00:00Z,2026-08-01T10:00:00Z,batch-20260801-001
GEN-PLANT-001-2026-07-26,PLANT-001,2026-07-26,6157.47,6380,0.9212,FINAL,2026-07-27T06:00:00Z,2026-08-01T10:00:00Z,batch-20260801-001
GEN-PLANT-002-2026-07-26,PLANT-002,2026-07-26,9537.78,9240,0.9873,FINAL,2026-07-27T06:00:00Z,2026-08-01T10:00:00Z,batch-20260801-001
GEN-PLANT-003-2026-07-26,PLANT-003,2026-07-26,3796.44,4312,0.9858,FINAL,2026-07-27T06:00:00Z,2026-08-01T10:00:00Z,batch-20260801-001
GEN-PLANT-004-2026-07-26,PLANT-004,2026-07-26,9508.77,10850,0.9124,FINAL,2026-07-27T06:00:00Z,2026-08-01T10:00:00Z,batch-20260801-001
GEN-PLANT-005-2026-07-26,PLANT-005,2026-07-26,18055.96,19840,0.9784,FINAL,2026-07-27T06:00:00Z,2026-08-01T10:00:00Z,batch-20260801-001
GEN-PLANT-006-2026-07-26,PLANT-006,2026-07-26,4526.34,5544,0.9194,FINAL,2026-07-27T06:00:00Z,2026-08-01T10:00:00Z,batch-20260801-001
GEN-PLANT-007-2026-07-26,PLANT-007,2026-07-26,7178.5,8272,0.9364,FINAL,2026-07-27T06:00:00Z,2026-08-01T10:00:00Z,batch-20260801-001
GEN-PLANT-008-2026-07-26,PLANT-008,2026-07-26,2022.6,2200,0.9319,FINAL,2026-07-27T06:00:00Z,2026-08-01T10:00:00Z,batch-20260801-001
GEN-PLANT-001-2026-07-27,PLANT-001,2026-07-27,5486.67,6380,0.9605,FINAL,2026-07-28T06:00:00Z,2026-08-01T10:00:00Z,batch-20260801-001
GEN-PLANT-002-2026-07-27,PLANT-002,2026-07-27,8128.36,9240,0.9877,FINAL,2026-07-28T06:00:00Z,2026-08-01T10:00:00Z,batch-20260801-001
GEN-PLANT-003-2026-07-27,PLANT-003,2026-07-27,3870.79,4312,0.973,FINAL,2026-07-28T06:00:00Z,2026-08-01T10:00:00Z,batch-20260801-001
GEN-PLANT-004-2026-07-27,PLANT-004,2026-07-27,9381.53,10850,0.9617,FINAL,2026-07-28T06:00:00Z,2026-08-01T10:00:00Z,batch-20260801-001
GEN-PLANT-005-2026-07-27,PLANT-005,2026-07-27,19061.41,19840,0.9638,FINAL,2026-07-28T06:00:00Z,2026-08-01T10:00:00Z,batch-20260801-001
GEN-PLANT-006-2026-07-27,PLANT-006,2026-07-27,5342.67,5544,0.9141,FINAL,2026-07-28T06:00:00Z,2026-08-01T10:00:00Z,batch-20260801-001
GEN-PLANT-007-2026-07-27,PLANT-007,2026-07-27,7503.65,8272,0.934,FINAL,2026-07-28T06:00:00Z,2026-08-01T10:00:00Z,batch-20260801-001
GEN-PLANT-008-2026-07-27,PLANT-008,2026-07-27,1866.98,2200,0.9198,FINAL,2026-07-28T06:00:00Z,2026-08-01T10:00:00Z,batch-20260801-001
GEN-PLANT-001-2026-07-28,PLANT-001,2026-07-28,5880.23,6380,0.9465,FINAL,2026-07-29T06:00:00Z,2026-08-01T10:00:00Z,batch-20260801-001
GEN-PLANT-002-2026-07-28,PLANT-002,2026-07-28,9268.19,9240,0.9818,FINAL,2026-07-29T06:00:00Z,2026-08-01T10:00:00Z,batch-20260801-001
GEN-PLANT-003-2026-07-28,PLANT-003,2026-07-28,3677.47,4312,0.9468,FINAL,2026-07-29T06:00:00Z,2026-08-01T10:00:00Z,batch-20260801-001
GEN-PLANT-004-2026-07-28,PLANT-004,2026-07-28,9909.72,10850,0.9331,FINAL,2026-07-29T06:00:00Z,2026-08-01T10:00:00Z,batch-20260801-001
GEN-PLANT-005-2026-07-28,PLANT-005,2026-07-28,18484.52,19840,0.9211,FINAL,2026-07-29T06:00:00Z,2026-08-01T10:00:00Z,batch-20260801-001
GEN-PLANT-006-2026-07-28,PLANT-006,2026-07-28,5193.5,5544,0.9255,FINAL,2026-07-29T06:00:00Z,2026-08-01T10:00:00Z,batch-20260801-001
GEN-PLANT-007-2026-07-28,PLANT-007,2026-07-28,6894.89,8272,0.9115,FINAL,2026-07-29T06:00:00Z,2026-08-01T10:00:00Z,batch-20260801-001
GEN-PLANT-008-2026-07-28,PLANT-008,2026-07-28,2149.61,2200,0.9719,FINAL,2026-07-29T06:00:00Z,2026-08-01T10:00:00Z,batch-20260801-001
GEN-PLANT-001-2026-07-29,PLANT-001,2026-07-29,6447.57,6380,0.9744,FINAL,2026-07-30T06:00:00Z,2026-08-01T10:00:00Z,batch-20260801-001
GEN-PLANT-002-2026-07-29,PLANT-002,2026-07-29,9293.92,9240,0.9803,FINAL,2026-07-30T06:00:00Z,2026-08-01T10:00:00Z,batch-20260801-001
GEN-PLANT-003-2026-07-29,PLANT-003,2026-07-29,4018.98,4312,0.9736,FINAL,2026-07-30T06:00:00Z,2026-08-01T10:00:00Z,batch-20260801-001
GEN-PLANT-004-2026-07-29,PLANT-004,2026-07-29,10234.99,10850,0.9303,FINAL,2026-07-30T06:00:00Z,2026-08-01T10:00:00Z,batch-20260801-001
GEN-PLANT-005-2026-07-29,PLANT-005,2026-07-29,16825.09,19840,0.9554,FINAL,2026-07-30T06:00:00Z,2026-08-01T10:00:00Z,batch-20260801-001
GEN-PLANT-006-2026-07-29,PLANT-006,2026-07-29,5223.54,5544,0.9586,FINAL,2026-07-30T06:00:00Z,2026-08-01T10:00:00Z,batch-20260801-001
GEN-PLANT-007-2026-07-29,PLANT-007,2026-07-29,7982.35,8272,0.9481,FINAL,2026-07-30T06:00:00Z,2026-08-01T10:00:00Z,batch-20260801-001
GEN-PLANT-008-2026-07-29,PLANT-008,2026-07-29,2003.04,2200,0.9134,FINAL,2026-07-30T06:00:00Z,2026-08-01T10:00:00Z,batch-20260801-001
GEN-PLANT-001-2026-07-30,PLANT-001,2026-07-30,5674.31,6380,0.9768,FINAL,2026-07-31T06:00:00Z,2026-08-01T10:00:00Z,batch-20260801-001
GEN-PLANT-002-2026-07-30,PLANT-002,2026-07-30,8546.89,9240,0.9105,FINAL,2026-07-31T06:00:00Z,2026-08-01T10:00:00Z,batch-20260801-001
GEN-PLANT-003-2026-07-30,PLANT-003,2026-07-30,3704.56,4312,0.9482,FINAL,2026-07-31T06:00:00Z,2026-08-01T10:00:00Z,batch-20260801-001
GEN-PLANT-004-2026-07-30,PLANT-004,2026-07-30,10188.54,10850,0.9227,FINAL,2026-07-31T06:00:00Z,2026-08-01T10:00:00Z,batch-20260801-001
GEN-PLANT-005-2026-07-30,PLANT-005,2026-07-30,17754.49,19840,0.9894,FINAL,2026-07-31T06:00:00Z,2026-08-01T10:00:00Z,batch-20260801-001
GEN-PLANT-006-2026-07-30,PLANT-006,2026-07-30,4864.71,5544,0.9211,FINAL,2026-07-31T06:00:00Z,2026-08-01T10:00:00Z,batch-20260801-001
GEN-PLANT-007-2026-07-30,PLANT-007,2026-07-30,8248,8272,0.973,FINAL,2026-07-31T06:00:00Z,2026-08-01T10:00:00Z,batch-20260801-001
GEN-PLANT-008-2026-07-30,PLANT-008,2026-07-30,1963.12,2200,0.9742,FINAL,2026-07-31T06:00:00Z,2026-08-01T10:00:00Z,batch-20260801-001
GEN-PLANT-001-2026-07-31,PLANT-001,2026-07-31,6581.34,6380,0.9824,FINAL,2026-08-01T06:00:00Z,2026-08-01T10:00:00Z,batch-20260801-001
GEN-PLANT-002-2026-07-31,PLANT-002,2026-07-31,8574.95,9240,0.9855,FINAL,2026-08-01T06:00:00Z,2026-08-01T10:00:00Z,batch-20260801-001
GEN-PLANT-003-2026-07-31,PLANT-003,2026-07-31,3809.93,4312,0.9231,FINAL,2026-08-01T06:00:00Z,2026-08-01T10:00:00Z,batch-20260801-001
GEN-PLANT-004-2026-07-31,PLANT-004,2026-07-31,9182.6,10850,0.9475,FINAL,2026-08-01T06:00:00Z,2026-08-01T10:00:00Z,batch-20260801-001
GEN-PLANT-005-2026-07-31,PLANT-005,2026-07-31,17663.84,19840,0.9243,FINAL,2026-08-01T06:00:00Z,2026-08-01T10:00:00Z,batch-20260801-001
GEN-PLANT-006-2026-07-31,PLANT-006,2026-07-31,5045.27,5544,0.9346,FINAL,2026-08-01T06:00:00Z,2026-08-01T10:00:00Z,batch-20260801-001
GEN-PLANT-007-2026-07-31,PLANT-007,2026-07-31,8234.16,8272,0.9675,FINAL,2026-08-01T06:00:00Z,2026-08-01T10:00:00Z,batch-20260801-001
GEN-PLANT-008-2026-07-31,PLANT-008,2026-07-31,2035.19,2200,0.9537,FINAL,2026-08-01T06:00:00Z,2026-08-01T10:00:00Z,batch-20260801-001
